2026-07-28T19:16:05.969-04:00 Order failure | productId=11234 | userId=16 | quantity=56 | status=FAILED | reason=Simulated transient failure in processOrder
2026-07-28T19:16:05.982-04:00 Order failure | productId=11234 | userId=16 | quantity=56 | status=FAILED | reason=Simulated transient failure in processOrder
2026-07-28T19:16:05.991-04:00 Order failure | productId=11234 | userId=16 | quantity=56 | status=FAILED | reason=Simulated transient failure in processOrder
2026-07-28T19:16:06.028-04:00 Order success | productId=11234 | userId=16 | quantity=56 | status=SUCCESS
2026-07-28T19:16:06.041-04:00 Order failure | productId=11234 | userId=93 | quantity=107 | status=FAILED | reason=could not execute statement [(conn=27) Record has changed since last read in table 'inventory'] [update inventory set item_name=?,quantity=?,version=? where product_id=? and version=?]
2026-07-28T19:16:06.041-04:00 Order failure | productId=11234 | userId=87 | quantity=470 | status=FAILED | reason=could not execute statement [(conn=29) Record has changed since last read in table 'inventory'] [update inventory set item_name=?,quantity=?,version=? where product_id=? and version=?]
2026-07-28T19:16:06.051-04:00 Order failure | productId=11234 | userId=87 | quantity=470 | status=FAILED | reason=Simulated transient failure in processOrder
2026-07-28T19:16:06.054-04:00 Order success | productId=11234 | userId=93 | quantity=107 | status=SUCCESS
2026-07-28T19:16:06.055-04:00 Order success | productId=1301 | userId=92 | quantity=416 | status=SUCCESS
2026-07-28T19:16:06.063-04:00 Order failure | productId=11234 | userId=37 | quantity=827 | status=FAILED | reason=could not execute statement [(conn=28) Record has changed since last read in table 'inventory'] [update inventory set item_name=?,quantity=?,version=? where product_id=? and version=?]
2026-07-28T19:16:06.064-04:00 Order success | productId=11234 | userId=87 | quantity=470 | status=SUCCESS
2026-07-28T19:16:06.067-04:00 Order failure | productId=11234 | userId=53 | quantity=47 | status=FAILED | reason=could not execute statement [(conn=27) Record has changed since last read in table 'inventory'] [update inventory set item_name=?,quantity=?,version=? where product_id=? and version=?]
2026-07-28T19:16:06.073-04:00 Order success | productId=11234 | userId=37 | quantity=827 | status=SUCCESS
2026-07-28T19:16:06.074-04:00 Order failure | productId=11234 | userId=53 | quantity=47 | status=FAILED | reason=Simulated transient failure in processOrder
2026-07-28T19:16:06.074-04:00 Order failure | productId=11234 | userId=42 | quantity=627 | status=FAILED | reason=could not execute statement [(conn=29) Record has changed since last read in table 'inventory'] [update inventory set item_name=?,quantity=?,version=? where product_id=? and version=?]
2026-07-28T19:16:06.082-04:00 Order failure | productId=1301 | userId=11 | quantity=808 | status=FAILED | reason=Simulated transient failure in processOrder
2026-07-28T19:16:06.084-04:00 Order success | productId=11234 | userId=53 | quantity=47 | status=SUCCESS
2026-07-28T19:16:06.085-04:00 Order failure | productId=11234 | userId=42 | quantity=627 | status=FAILED | reason=could not execute statement [(conn=29) Record has changed since last read in table 'inventory'] [update inventory set item_name=?,quantity=?,version=? where product_id=? and version=?]
2026-07-28T19:16:06.090-04:00 Order failure | productId=1301 | userId=11 | quantity=808 | status=FAILED | reason=Simulated transient failure in processOrder
2026-07-28T19:16:06.091-04:00 Order failure | productId=11234 | userId=42 | quantity=627 | status=FAILED | reason=Simulated transient failure in processOrder
2026-07-28T19:16:06.094-04:00 Order success | productId=11234 | userId=4 | quantity=529 | status=SUCCESS
2026-07-28T19:16:06.102-04:00 Order success | productId=11234 | userId=42 | quantity=627 | status=SUCCESS
2026-07-28T19:16:06.102-04:00 Order success | productId=1301 | userId=11 | quantity=808 | status=SUCCESS
2026-07-28T19:16:06.107-04:00 Order failure | productId=1301 | userId=10 | quantity=704 | status=FAILED | reason=could not execute statement [(conn=27) Record has changed since last read in table 'inventory'] [update inventory set item_name=?,quantity=?,version=? where product_id=? and version=?]
2026-07-28T19:16:06.113-04:00 Order failure | productId=11234 | userId=30 | quantity=670 | status=FAILED | reason=Simulated transient failure in processOrder
2026-07-28T19:16:06.117-04:00 Order success | productId=1301 | userId=1 | quantity=395 | status=SUCCESS
2026-07-28T19:16:06.117-04:00 Order failure | productId=1301 | userId=10 | quantity=704 | status=FAILED | reason=Simulated transient failure in processOrder
2026-07-28T19:16:06.124-04:00 Order success | productId=11234 | userId=30 | quantity=670 | status=SUCCESS
2026-07-28T19:16:06.125-04:00 Order failure | productId=1301 | userId=85 | quantity=677 | status=FAILED | reason=Simulated transient failure in processOrder
2026-07-28T19:16:06.128-04:00 Order success | productId=1301 | userId=10 | quantity=704 | status=SUCCESS
2026-07-28T19:16:06.134-04:00 Order failure | productId=1301 | userId=85 | quantity=677 | status=FAILED | reason=Simulated transient failure in processOrder
2026-07-28T19:16:06.136-04:00 Order success | productId=1301 | userId=84 | quantity=976 | status=SUCCESS
2026-07-28T19:16:06.137-04:00 Order success | productId=11234 | userId=12 | quantity=778 | status=SUCCESS
2026-07-28T19:16:06.141-04:00 Order failure | productId=1301 | userId=85 | quantity=677 | status=FAILED | reason=Simulated transient failure in processOrder
2026-07-28T19:16:06.143-04:00 Order failure | productId=11234 | userId=9 | quantity=66 | status=FAILED | reason=Simulated transient failure in processOrder
2026-07-28T19:16:06.143-04:00 Order failure | productId=11234 | userId=54 | quantity=610 | status=FAILED | reason=Simulated transient failure in processOrder
2026-07-28T19:16:06.149-04:00 Order failure | productId=1301 | userId=85 | quantity=677 | status=FAILED | reason=Simulated transient failure in processOrder
2026-07-28T19:16:06.149-04:00 Order failure | productId=11234 | userId=9 | quantity=66 | status=FAILED | reason=Simulated transient failure in processOrder
2026-07-28T19:16:06.152-04:00 Order success | productId=11234 | userId=54 | quantity=610 | status=SUCCESS
2026-07-28T19:16:06.157-04:00 Order success | productId=11234 | userId=9 | quantity=66 | status=SUCCESS
2026-07-28T19:16:06.157-04:00 Order success | productId=1301 | userId=85 | quantity=677 | status=SUCCESS
2026-07-28T19:16:06.161-04:00 Order success | productId=11234 | userId=59 | quantity=324 | status=SUCCESS
2026-07-28T19:16:06.164-04:00 Order failure | productId=11234 | userId=75 | quantity=868 | status=FAILED | reason=Simulated transient failure in processOrder
2026-07-28T19:16:06.166-04:00 Order success | productId=11234 | userId=6 | quantity=119 | status=SUCCESS
2026-07-28T19:16:06.167-04:00 Order failure | productId=1301 | userId=5 | quantity=236 | status=FAILED | reason=Simulated transient failure in processOrder
2026-07-28T19:16:06.173-04:00 Order failure | productId=11234 | userId=75 | quantity=868 | status=FAILED | reason=Simulated transient failure in processOrder
2026-07-28T19:16:06.173-04:00 Order failure | productId=1301 | userId=5 | quantity=236 | status=FAILED | reason=Simulated transient failure in processOrder
2026-07-28T19:16:06.177-04:00 Order success | productId=1301 | userId=21 | quantity=198 | status=SUCCESS
2026-07-28T19:16:06.181-04:00 Order failure | productId=1301 | userId=5 | quantity=236 | status=FAILED | reason=Simulated transient failure in processOrder
2026-07-28T19:16:06.184-04:00 Order success | productId=11234 | userId=75 | quantity=868 | status=SUCCESS
2026-07-28T19:16:06.187-04:00 Order success | productId=1301 | userId=15 | quantity=782 | status=SUCCESS
2026-07-28T19:16:06.188-04:00 Order failure | productId=1301 | userId=5 | quantity=236 | status=FAILED | reason=Simulated transient failure in processOrder
2026-07-28T19:16:06.191-04:00 Order failure | productId=11234 | userId=23 | quantity=918 | status=FAILED | reason=Simulated transient failure in processOrder
2026-07-28T19:16:06.193-04:00 Order failure | productId=1301 | userId=5 | quantity=236 | status=FAILED | reason=Simulated transient failure in processOrder
2026-07-28T19:16:06.197-04:00 Order success | productId=1301 | userId=44 | quantity=190 | status=SUCCESS
2026-07-28T19:16:06.201-04:00 Order success | productId=11234 | userId=23 | quantity=918 | status=SUCCESS
2026-07-28T19:16:06.204-04:00 Order success | productId=1301 | userId=5 | quantity=236 | status=SUCCESS
2026-07-28T19:16:06.205-04:00 Order failure | productId=11234 | userId=76 | quantity=630 | status=FAILED | reason=Simulated transient failure in processOrder
2026-07-28T19:16:06.209-04:00 Order failure | productId=11234 | userId=82 | quantity=919 | status=FAILED | reason=Simulated transient failure in processOrder
2026-07-28T19:16:06.211-04:00 Order failure | productId=1301 | userId=73 | quantity=413 | status=FAILED | reason=Simulated transient failure in processOrder
2026-07-28T19:16:06.213-04:00 Order success | productId=11234 | userId=76 | quantity=630 | status=SUCCESS
2026-07-28T19:16:06.216-04:00 Order failure | productId=11234 | userId=82 | quantity=919 | status=FAILED | reason=Simulated transient failure in processOrder
2026-07-28T19:16:06.219-04:00 Order success | productId=1301 | userId=73 | quantity=413 | status=SUCCESS
2026-07-28T19:16:06.220-04:00 Order failure | productId=1301 | userId=33 | quantity=701 | status=FAILED | reason=Simulated transient failure in processOrder
2026-07-28T19:16:06.223-04:00 Order failure | productId=11234 | userId=82 | quantity=919 | status=FAILED | reason=Simulated transient failure in processOrder
2026-07-28T19:16:06.225-04:00 Order failure | productId=1301 | userId=94 | quantity=279 | status=FAILED | reason=Simulated transient failure in processOrder
2026-07-28T19:16:06.229-04:00 Order success | productId=1301 | userId=33 | quantity=701 | status=SUCCESS
2026-07-28T19:16:06.232-04:00 Order success | productId=11234 | userId=82 | quantity=919 | status=SUCCESS
2026-07-28T19:16:06.232-04:00 Order success | productId=1301 | userId=94 | quantity=279 | status=SUCCESS
2026-07-28T19:16:06.236-04:00 Order failure | productId=11234 | userId=74 | quantity=169 | status=FAILED | reason=Simulated transient failure in processOrder
2026-07-28T19:16:06.238-04:00 Order failure | productId=11234 | userId=67 | quantity=623 | status=FAILED | reason=Insufficient quantity for product id: 11234. Requested: 623, available: 435
2026-07-28T19:16:06.239-04:00 Order success | productId=1301 | userId=18 | quantity=358 | status=SUCCESS
2026-07-28T19:16:06.243-04:00 Order failure | productId=11234 | userId=74 | quantity=169 | status=FAILED | reason=Simulated transient failure in processOrder
2026-07-28T19:16:06.244-04:00 Order failure | productId=11234 | userId=70 | quantity=480 | status=FAILED | reason=Insufficient quantity for product id: 11234. Requested: 480, available: 435
2026-07-28T19:16:06.246-04:00 Order success | productId=1301 | userId=56 | quantity=150 | status=SUCCESS
2026-07-28T19:16:06.249-04:00 Order failure | productId=11234 | userId=68 | quantity=659 | status=FAILED | reason=Insufficient quantity for product id: 11234. Requested: 659, available: 435
2026-07-28T19:16:06.251-04:00 Order success | productId=11234 | userId=74 | quantity=169 | status=SUCCESS
2026-07-28T19:16:06.252-04:00 Order failure | productId=11234 | userId=20 | quantity=552 | status=FAILED | reason=Insufficient quantity for product id: 11234. Requested: 552, available: 266
2026-07-28T19:16:06.255-04:00 Order failure | productId=11234 | userId=81 | quantity=621 | status=FAILED | reason=Insufficient quantity for product id: 11234. Requested: 621, available: 266
2026-07-28T19:16:06.258-04:00 Order failure | productId=11234 | userId=36 | quantity=963 | status=FAILED | reason=Insufficient quantity for product id: 11234. Requested: 963, available: 266
2026-07-28T19:16:06.258-04:00 Order success | productId=11234 | userId=24 | quantity=185 | status=SUCCESS
2026-07-28T19:16:06.263-04:00 Order success | productId=1301 | userId=13 | quantity=713 | status=SUCCESS
2026-07-28T19:16:06.263-04:00 Order failure | productId=11234 | userId=22 | quantity=878 | status=FAILED | reason=Insufficient quantity for product id: 11234. Requested: 878, available: 81
2026-07-28T19:16:06.266-04:00 Order failure | productId=1301 | userId=57 | quantity=830 | status=FAILED | reason=could not execute statement [(conn=28) Record has changed since last read in table 'inventory'] [update inventory set item_name=?,quantity=?,version=? where product_id=? and version=?]
2026-07-28T19:16:06.268-04:00 Order failure | productId=11234 | userId=65 | quantity=436 | status=FAILED | reason=Insufficient quantity for product id: 11234. Requested: 436, available: 81
2026-07-28T19:16:06.270-04:00 Order success | productId=11234 | userId=3 | quantity=21 | status=SUCCESS
2026-07-28T19:16:06.274-04:00 Order success | productId=1301 | userId=57 | quantity=830 | status=SUCCESS
2026-07-28T19:16:06.276-04:00 Order failure | productId=1301 | userId=27 | quantity=866 | status=FAILED | reason=Simulated transient failure in processOrder
2026-07-28T19:16:06.277-04:00 Order success | productId=1301 | userId=50 | quantity=53 | status=SUCCESS
2026-07-28T19:16:06.282-04:00 Order success | productId=1301 | userId=49 | quantity=372 | status=SUCCESS
2026-07-28T19:16:06.282-04:00 Order failure | productId=1301 | userId=62 | quantity=486 | status=FAILED | reason=Simulated transient failure in processOrder
2026-07-28T19:16:06.284-04:00 Order failure | productId=1301 | userId=27 | quantity=866 | status=FAILED | reason=could not execute statement [(conn=27) Record has changed since last read in table 'inventory'] [update inventory set item_name=?,quantity=?,version=? where product_id=? and version=?]
2026-07-28T19:16:06.287-04:00 Order failure | productId=1301 | userId=69 | quantity=324 | status=FAILED | reason=Simulated transient failure in processOrder
2026-07-28T19:16:06.288-04:00 Order failure | productId=1301 | userId=62 | quantity=486 | status=FAILED | reason=Simulated transient failure in processOrder
2026-07-28T19:16:06.289-04:00 Order failure | productId=1301 | userId=27 | quantity=866 | status=FAILED | reason=Insufficient quantity for product id: 1301. Requested: 866, available: 749
2026-07-28T19:16:06.293-04:00 Order failure | productId=11234 | userId=19 | quantity=316 | status=FAILED | reason=Insufficient quantity for product id: 11234. Requested: 316, available: 60
2026-07-28T19:16:06.293-04:00 Order failure | productId=1301 | userId=69 | quantity=324 | status=FAILED | reason=Simulated transient failure in processOrder
2026-07-28T19:16:06.298-04:00 Order success | productId=1301 | userId=62 | quantity=486 | status=SUCCESS
2026-07-28T19:16:06.305-04:00 Order failure | productId=1301 | userId=69 | quantity=324 | status=FAILED | reason=Insufficient quantity for product id: 1301. Requested: 324, available: 263
2026-07-28T19:16:06.305-04:00 Order failure | productId=11234 | userId=26 | quantity=611 | status=FAILED | reason=Insufficient quantity for product id: 11234. Requested: 611, available: 60
2026-07-28T19:16:06.308-04:00 Order failure | productId=11234 | userId=38 | quantity=990 | status=FAILED | reason=Insufficient quantity for product id: 11234. Requested: 990, available: 60
2026-07-28T19:16:06.309-04:00 Order failure | productId=1301 | userId=71 | quantity=167 | status=FAILED | reason=Simulated transient failure in processOrder
2026-07-28T19:16:06.309-04:00 Order failure | productId=1301 | userId=90 | quantity=86 | status=FAILED | reason=Simulated transient failure in processOrder
2026-07-28T19:16:06.316-04:00 Order failure | productId=11234 | userId=83 | quantity=894 | status=FAILED | reason=Insufficient quantity for product id: 11234. Requested: 894, available: 60
2026-07-28T19:16:06.319-04:00 Order success | productId=1301 | userId=90 | quantity=86 | status=SUCCESS
2026-07-28T19:16:06.319-04:00 Order failure | productId=1301 | userId=71 | quantity=167 | status=FAILED | reason=could not execute statement [(conn=28) Record has changed since last read in table 'inventory'] [update inventory set item_name=?,quantity=?,version=? where product_id=? and version=?]
2026-07-28T19:16:06.321-04:00 Order failure | productId=11234 | userId=2 | quantity=256 | status=FAILED | reason=Insufficient quantity for product id: 11234. Requested: 256, available: 60
2026-07-28T19:16:06.323-04:00 Order failure | productId=11234 | userId=86 | quantity=359 | status=FAILED | reason=Insufficient quantity for product id: 11234. Requested: 359, available: 60
2026-07-28T19:16:06.323-04:00 Order failure | productId=1301 | userId=71 | quantity=167 | status=FAILED | reason=Simulated transient failure in processOrder
2026-07-28T19:16:06.328-04:00 Order failure | productId=1301 | userId=88 | quantity=268 | status=FAILED | reason=Insufficient quantity for product id: 1301. Requested: 268, available: 177
2026-07-28T19:16:06.328-04:00 Order failure | productId=1301 | userId=71 | quantity=167 | status=FAILED | reason=Simulated transient failure in processOrder
2026-07-28T19:16:06.328-04:00 Order failure | productId=1301 | userId=7 | quantity=593 | status=FAILED | reason=Insufficient quantity for product id: 1301. Requested: 593, available: 177
2026-07-28T19:16:06.334-04:00 Order failure | productId=11234 | userId=32 | quantity=371 | status=FAILED | reason=Insufficient quantity for product id: 11234. Requested: 371, available: 60
2026-07-28T19:16:06.334-04:00 Order failure | productId=11234 | userId=17 | quantity=773 | status=FAILED | reason=Insufficient quantity for product id: 11234. Requested: 773, available: 60
2026-07-28T19:16:06.337-04:00 Order success | productId=1301 | userId=71 | quantity=167 | status=SUCCESS
2026-07-28T19:16:06.340-04:00 Order failure | productId=1301 | userId=34 | quantity=452 | status=FAILED | reason=Insufficient quantity for product id: 1301. Requested: 452, available: 10
2026-07-28T19:16:06.340-04:00 Order failure | productId=11234 | userId=35 | quantity=279 | status=FAILED | reason=Insufficient quantity for product id: 11234. Requested: 279, available: 60
2026-07-28T19:16:06.342-04:00 Order failure | productId=11234 | userId=80 | quantity=858 | status=FAILED | reason=Insufficient quantity for product id: 11234. Requested: 858, available: 60
2026-07-28T19:16:06.344-04:00 Order failure | productId=1301 | userId=78 | quantity=620 | status=FAILED | reason=Insufficient quantity for product id: 1301. Requested: 620, available: 10
2026-07-28T19:16:06.345-04:00 Order failure | productId=1301 | userId=79 | quantity=676 | status=FAILED | reason=Insufficient quantity for product id: 1301. Requested: 676, available: 10
2026-07-28T19:16:06.348-04:00 Order failure | productId=1301 | userId=48 | quantity=678 | status=FAILED | reason=Insufficient quantity for product id: 1301. Requested: 678, available: 10
2026-07-28T19:16:06.350-04:00 Order failure | productId=11234 | userId=66 | quantity=229 | status=FAILED | reason=Insufficient quantity for product id: 11234. Requested: 229, available: 60
2026-07-28T19:16:06.350-04:00 Order failure | productId=1301 | userId=77 | quantity=745 | status=FAILED | reason=Insufficient quantity for product id: 1301. Requested: 745, available: 10
2026-07-28T19:16:06.354-04:00 Order failure | productId=11234 | userId=43 | quantity=547 | status=FAILED | reason=Insufficient quantity for product id: 11234. Requested: 547, available: 60
2026-07-28T19:16:06.355-04:00 Order failure | productId=1301 | userId=63 | quantity=272 | status=FAILED | reason=Insufficient quantity for product id: 1301. Requested: 272, available: 10
2026-07-28T19:16:06.355-04:00 Order failure | productId=11234 | userId=58 | quantity=899 | status=FAILED | reason=Insufficient quantity for product id: 11234. Requested: 899, available: 60
2026-07-28T19:16:06.360-04:00 Order failure | productId=1301 | userId=31 | quantity=919 | status=FAILED | reason=Insufficient quantity for product id: 1301. Requested: 919, available: 10
2026-07-28T19:16:06.360-04:00 Order failure | productId=11234 | userId=39 | quantity=275 | status=FAILED | reason=Insufficient quantity for product id: 11234. Requested: 275, available: 60
2026-07-28T19:16:06.360-04:00 Order failure | productId=11234 | userId=25 | quantity=293 | status=FAILED | reason=Insufficient quantity for product id: 11234. Requested: 293, available: 60
2026-07-28T19:16:06.366-04:00 Order failure | productId=11234 | userId=14 | quantity=353 | status=FAILED | reason=Insufficient quantity for product id: 11234. Requested: 353, available: 60
2026-07-28T19:16:06.366-04:00 Order failure | productId=1301 | userId=55 | quantity=398 | status=FAILED | reason=Insufficient quantity for product id: 1301. Requested: 398, available: 10
2026-07-28T19:16:06.366-04:00 Order failure | productId=11234 | userId=60 | quantity=516 | status=FAILED | reason=Insufficient quantity for product id: 11234. Requested: 516, available: 60
2026-07-28T19:16:06.374-04:00 Order failure | productId=11234 | userId=40 | quantity=713 | status=FAILED | reason=Insufficient quantity for product id: 11234. Requested: 713, available: 60
2026-07-28T19:16:06.374-04:00 Order failure | productId=11234 | userId=72 | quantity=410 | status=FAILED | reason=Insufficient quantity for product id: 11234. Requested: 410, available: 60
2026-07-28T19:16:06.374-04:00 Order failure | productId=11234 | userId=91 | quantity=850 | status=FAILED | reason=Insufficient quantity for product id: 11234. Requested: 850, available: 60
2026-07-28T19:16:06.380-04:00 Order failure | productId=11234 | userId=45 | quantity=365 | status=FAILED | reason=Insufficient quantity for product id: 11234. Requested: 365, available: 60
2026-07-28T19:16:06.380-04:00 Order failure | productId=1301 | userId=8 | quantity=526 | status=FAILED | reason=Insufficient quantity for product id: 1301. Requested: 526, available: 10
2026-07-28T19:16:06.380-04:00 Order failure | productId=11234 | userId=28 | quantity=784 | status=FAILED | reason=Insufficient quantity for product id: 11234. Requested: 784, available: 60
2026-07-28T19:16:06.386-04:00 Order failure | productId=1301 | userId=64 | quantity=118 | status=FAILED | reason=Insufficient quantity for product id: 1301. Requested: 118, available: 10
2026-07-28T19:16:06.386-04:00 Order failure | productId=11234 | userId=47 | quantity=682 | status=FAILED | reason=Insufficient quantity for product id: 11234. Requested: 682, available: 60
2026-07-28T19:16:06.386-04:00 Order failure | productId=11234 | userId=51 | quantity=446 | status=FAILED | reason=Insufficient quantity for product id: 11234. Requested: 446, available: 60
2026-07-28T19:16:06.391-04:00 Order failure | productId=11234 | userId=89 | quantity=912 | status=FAILED | reason=Insufficient quantity for product id: 11234. Requested: 912, available: 60
2026-07-28T19:16:06.391-04:00 Order failure | productId=11234 | userId=52 | quantity=866 | status=FAILED | reason=Insufficient quantity for product id: 11234. Requested: 866, available: 60
2026-07-28T19:16:06.391-04:00 Order failure | productId=1301 | userId=41 | quantity=223 | status=FAILED | reason=Insufficient quantity for product id: 1301. Requested: 223, available: 10
2026-07-28T19:16:06.396-04:00 Order failure | productId=11234 | userId=46 | quantity=158 | status=FAILED | reason=Insufficient quantity for product id: 11234. Requested: 158, available: 60
2026-07-28T19:16:06.396-04:00 Order failure | productId=11234 | userId=29 | quantity=78 | status=FAILED | reason=Insufficient quantity for product id: 11234. Requested: 78, available: 60
2026-07-28T19:16:06.396-04:00 Order failure | productId=1301 | userId=61 | quantity=679 | status=FAILED | reason=Insufficient quantity for product id: 1301. Requested: 679, available: 10
2026-07-28T19:16:06.401-04:00 Order failure | productId=11234 | userId=97 | quantity=656 | status=FAILED | reason=Insufficient quantity for product id: 11234. Requested: 656, available: 60
2026-07-28T19:16:06.401-04:00 Order failure | productId=1301 | userId=96 | quantity=800 | status=FAILED | reason=Insufficient quantity for product id: 1301. Requested: 800, available: 10
2026-07-28T19:16:06.402-04:00 Order failure | productId=1301 | userId=95 | quantity=253 | status=FAILED | reason=Insufficient quantity for product id: 1301. Requested: 253, available: 10
2026-07-28T19:16:06.406-04:00 Order failure | productId=11234 | userId=100 | quantity=559 | status=FAILED | reason=Insufficient quantity for product id: 11234. Requested: 559, available: 60
2026-07-28T19:16:06.406-04:00 Order failure | productId=1301 | userId=99 | quantity=876 | status=FAILED | reason=Insufficient quantity for product id: 1301. Requested: 876, available: 10
2026-07-28T19:16:06.406-04:00 Order failure | productId=1301 | userId=98 | quantity=505 | status=FAILED | reason=Insufficient quantity for product id: 1301. Requested: 505, available: 10
2026-07-28T19:16:06.411-04:00 Order failure | productId=11234 | userId=136 | quantity=745 | status=FAILED | reason=Insufficient quantity for product id: 11234. Requested: 745, available: 60
2026-07-28T19:16:06.411-04:00 Order failure | productId=11234 | userId=102 | quantity=283 | status=FAILED | reason=Insufficient quantity for product id: 11234. Requested: 283, available: 60
2026-07-28T19:16:06.411-04:00 Order failure | productId=1301 | userId=101 | quantity=347 | status=FAILED | reason=Insufficient quantity for product id: 1301. Requested: 347, available: 10
2026-07-28T19:16:06.417-04:00 Order failure | productId=11234 | userId=103 | quantity=866 | status=FAILED | reason=Insufficient quantity for product id: 11234. Requested: 866, available: 60
2026-07-28T19:16:06.417-04:00 Order failure | productId=11234 | userId=106 | quantity=215 | status=FAILED | reason=Insufficient quantity for product id: 11234. Requested: 215, available: 60
2026-07-28T19:16:06.417-04:00 Order failure | productId=1301 | userId=104 | quantity=168 | status=FAILED | reason=Insufficient quantity for product id: 1301. Requested: 168, available: 10
2026-07-28T19:16:06.421-04:00 Order failure | productId=11234 | userId=105 | quantity=200 | status=FAILED | reason=Insufficient quantity for product id: 11234. Requested: 200, available: 60
2026-07-28T19:16:06.422-04:00 Order failure | productId=11234 | userId=107 | quantity=238 | status=FAILED | reason=Insufficient quantity for product id: 11234. Requested: 238, available: 60
2026-07-28T19:16:06.422-04:00 Order failure | productId=11234 | userId=108 | quantity=712 | status=FAILED | reason=Insufficient quantity for product id: 11234. Requested: 712, available: 60
2026-07-28T19:16:06.427-04:00 Order failure | productId=1301 | userId=109 | quantity=165 | status=FAILED | reason=Insufficient quantity for product id: 1301. Requested: 165, available: 10
2026-07-28T19:16:06.427-04:00 Order failure | productId=11234 | userId=110 | quantity=668 | status=FAILED | reason=Insufficient quantity for product id: 11234. Requested: 668, available: 60
2026-07-28T19:16:06.427-04:00 Order failure | productId=1301 | userId=111 | quantity=373 | status=FAILED | reason=Insufficient quantity for product id: 1301. Requested: 373, available: 10
2026-07-28T19:16:06.433-04:00 Order failure | productId=1301 | userId=112 | quantity=256 | status=FAILED | reason=Insufficient quantity for product id: 1301. Requested: 256, available: 10
2026-07-28T19:16:06.433-04:00 Order failure | productId=11234 | userId=115 | quantity=745 | status=FAILED | reason=Insufficient quantity for product id: 11234. Requested: 745, available: 60
2026-07-28T19:16:06.433-04:00 Order failure | productId=11234 | userId=113 | quantity=7 | status=FAILED | reason=Simulated transient failure in processOrder
2026-07-28T19:16:06.438-04:00 Order failure | productId=1301 | userId=114 | quantity=260 | status=FAILED | reason=Insufficient quantity for product id: 1301. Requested: 260, available: 10
2026-07-28T19:16:06.438-04:00 Order failure | productId=11234 | userId=117 | quantity=856 | status=FAILED | reason=Insufficient quantity for product id: 11234. Requested: 856, available: 60
2026-07-28T19:16:06.438-04:00 Order failure | productId=11234 | userId=113 | quantity=7 | status=FAILED | reason=Simulated transient failure in processOrder
2026-07-28T19:16:06.443-04:00 Order failure | productId=11234 | userId=118 | quantity=638 | status=FAILED | reason=Insufficient quantity for product id: 11234. Requested: 638, available: 60
2026-07-28T19:16:06.443-04:00 Order failure | productId=11234 | userId=116 | quantity=831 | status=FAILED | reason=Insufficient quantity for product id: 11234. Requested: 831, available: 60
2026-07-28T19:16:06.445-04:00 Order success | productId=11234 | userId=113 | quantity=7 | status=SUCCESS
2026-07-28T19:16:06.449-04:00 Order failure | productId=11234 | userId=120 | quantity=801 | status=FAILED | reason=Insufficient quantity for product id: 11234. Requested: 801, available: 53
2026-07-28T19:16:06.449-04:00 Order failure | productId=1301 | userId=119 | quantity=853 | status=FAILED | reason=Insufficient quantity for product id: 1301. Requested: 853, available: 10
2026-07-28T19:16:06.451-04:00 Order failure | productId=1301 | userId=123 | quantity=395 | status=FAILED | reason=Insufficient quantity for product id: 1301. Requested: 395, available: 10
2026-07-28T19:16:06.454-04:00 Order failure | productId=11234 | userId=121 | quantity=680 | status=FAILED | reason=Insufficient quantity for product id: 11234. Requested: 680, available: 53
2026-07-28T19:16:06.454-04:00 Order failure | productId=1301 | userId=122 | quantity=845 | status=FAILED | reason=Insufficient quantity for product id: 1301. Requested: 845, available: 10
2026-07-28T19:16:06.456-04:00 Order failure | productId=1301 | userId=124 | quantity=67 | status=FAILED | reason=Insufficient quantity for product id: 1301. Requested: 67, available: 10
2026-07-28T19:16:06.458-04:00 Order failure | productId=1301 | userId=126 | quantity=701 | status=FAILED | reason=Insufficient quantity for product id: 1301. Requested: 701, available: 10
2026-07-28T19:16:06.459-04:00 Order failure | productId=1301 | userId=125 | quantity=952 | status=FAILED | reason=Insufficient quantity for product id: 1301. Requested: 952, available: 10
2026-07-28T19:16:06.461-04:00 Order failure | productId=11234 | userId=129 | quantity=595 | status=FAILED | reason=Insufficient quantity for product id: 11234. Requested: 595, available: 53
2026-07-28T19:16:06.464-04:00 Order failure | productId=11234 | userId=127 | quantity=461 | status=FAILED | reason=Insufficient quantity for product id: 11234. Requested: 461, available: 53
2026-07-28T19:16:06.464-04:00 Order failure | productId=1301 | userId=128 | quantity=668 | status=FAILED | reason=Insufficient quantity for product id: 1301. Requested: 668, available: 10
2026-07-28T19:16:06.466-04:00 Order failure | productId=11234 | userId=130 | quantity=951 | status=FAILED | reason=Insufficient quantity for product id: 11234. Requested: 951, available: 53
2026-07-28T19:16:06.469-04:00 Order failure | productId=1301 | userId=132 | quantity=14 | status=FAILED | reason=Insufficient quantity for product id: 1301. Requested: 14, available: 10
2026-07-28T19:16:06.469-04:00 Order failure | productId=1301 | userId=133 | quantity=151 | status=FAILED | reason=Insufficient quantity for product id: 1301. Requested: 151, available: 10
2026-07-28T19:16:06.472-04:00 Order failure | productId=11234 | userId=131 | quantity=296 | status=FAILED | reason=Insufficient quantity for product id: 11234. Requested: 296, available: 53
2026-07-28T19:16:06.474-04:00 Order failure | productId=1301 | userId=144 | quantity=151 | status=FAILED | reason=Insufficient quantity for product id: 1301. Requested: 151, available: 10
2026-07-28T19:16:06.474-04:00 Order failure | productId=1301 | userId=138 | quantity=396 | status=FAILED | reason=Insufficient quantity for product id: 1301. Requested: 396, available: 10
2026-07-28T19:16:06.477-04:00 Order failure | productId=11234 | userId=147 | quantity=438 | status=FAILED | reason=Insufficient quantity for product id: 11234. Requested: 438, available: 53
2026-07-28T19:16:06.479-04:00 Order failure | productId=1301 | userId=134 | quantity=202 | status=FAILED | reason=Insufficient quantity for product id: 1301. Requested: 202, available: 10
2026-07-28T19:16:06.479-04:00 Order failure | productId=1301 | userId=148 | quantity=962 | status=FAILED | reason=Insufficient quantity for product id: 1301. Requested: 962, available: 10
2026-07-28T19:16:06.482-04:00 Order failure | productId=1301 | userId=150 | quantity=225 | status=FAILED | reason=Insufficient quantity for product id: 1301. Requested: 225, available: 10
2026-07-28T19:16:06.485-04:00 Order failure | productId=11234 | userId=143 | quantity=941 | status=FAILED | reason=Insufficient quantity for product id: 11234. Requested: 941, available: 53
2026-07-28T19:16:06.485-04:00 Order failure | productId=1301 | userId=151 | quantity=300 | status=FAILED | reason=Insufficient quantity for product id: 1301. Requested: 300, available: 10
2026-07-28T19:16:06.488-04:00 Order failure | productId=11234 | userId=155 | quantity=848 | status=FAILED | reason=Insufficient quantity for product id: 11234. Requested: 848, available: 53
2026-07-28T19:16:06.490-04:00 Order failure | productId=11234 | userId=137 | quantity=328 | status=FAILED | reason=Insufficient quantity for product id: 11234. Requested: 328, available: 53
2026-07-28T19:16:06.490-04:00 Order failure | productId=11234 | userId=140 | quantity=295 | status=FAILED | reason=Insufficient quantity for product id: 11234. Requested: 295, available: 53
2026-07-28T19:16:06.493-04:00 Order failure | productId=11234 | userId=135 | quantity=693 | status=FAILED | reason=Insufficient quantity for product id: 11234. Requested: 693, available: 53
2026-07-28T19:16:06.494-04:00 Order failure | productId=1301 | userId=153 | quantity=13 | status=FAILED | reason=Insufficient quantity for product id: 1301. Requested: 13, available: 10
2026-07-28T19:16:06.494-04:00 Order failure | productId=1301 | userId=139 | quantity=789 | status=FAILED | reason=Insufficient quantity for product id: 1301. Requested: 789, available: 10
2026-07-28T19:16:06.498-04:00 Order failure | productId=11234 | userId=141 | quantity=446 | status=FAILED | reason=Insufficient quantity for product id: 11234. Requested: 446, available: 53
2026-07-28T19:16:06.499-04:00 Order failure | productId=1301 | userId=145 | quantity=562 | status=FAILED | reason=Insufficient quantity for product id: 1301. Requested: 562, available: 10
2026-07-28T19:16:06.499-04:00 Order failure | productId=11234 | userId=142 | quantity=769 | status=FAILED | reason=Insufficient quantity for product id: 11234. Requested: 769, available: 53
2026-07-28T19:16:06.503-04:00 Order failure | productId=11234 | userId=146 | quantity=881 | status=FAILED | reason=Insufficient quantity for product id: 11234. Requested: 881, available: 53
2026-07-28T19:16:06.503-04:00 Order failure | productId=1301 | userId=154 | quantity=207 | status=FAILED | reason=Insufficient quantity for product id: 1301. Requested: 207, available: 10
2026-07-28T19:16:06.503-04:00 Order failure | productId=1301 | userId=152 | quantity=232 | status=FAILED | reason=Insufficient quantity for product id: 1301. Requested: 232, available: 10
2026-07-28T19:16:06.508-04:00 Order failure | productId=1301 | userId=149 | quantity=294 | status=FAILED | reason=Insufficient quantity for product id: 1301. Requested: 294, available: 10
2026-07-28T19:16:06.508-04:00 Order failure | productId=11234 | userId=156 | quantity=63 | status=FAILED | reason=Insufficient quantity for product id: 11234. Requested: 63, available: 53
2026-07-28T19:16:06.508-04:00 Order failure | productId=1301 | userId=157 | quantity=413 | status=FAILED | reason=Insufficient quantity for product id: 1301. Requested: 413, available: 10
2026-07-28T19:16:06.518-04:00 Order failure | productId=11234 | userId=158 | quantity=302 | status=FAILED | reason=Insufficient quantity for product id: 11234. Requested: 302, available: 53
2026-07-28T19:16:06.518-04:00 Order failure | productId=11234 | userId=160 | quantity=776 | status=FAILED | reason=Insufficient quantity for product id: 11234. Requested: 776, available: 53
2026-07-28T19:16:06.520-04:00 Order failure | productId=1301 | userId=159 | quantity=697 | status=FAILED | reason=Insufficient quantity for product id: 1301. Requested: 697, available: 10
2026-07-28T19:16:06.525-04:00 Order failure | productId=1301 | userId=161 | quantity=428 | status=FAILED | reason=Insufficient quantity for product id: 1301. Requested: 428, available: 10
2026-07-28T19:16:06.525-04:00 Order failure | productId=11234 | userId=162 | quantity=680 | status=FAILED | reason=Insufficient quantity for product id: 11234. Requested: 680, available: 53
2026-07-28T19:16:06.528-04:00 Order failure | productId=11234 | userId=163 | quantity=738 | status=FAILED | reason=Insufficient quantity for product id: 11234. Requested: 738, available: 53
2026-07-28T19:16:06.532-04:00 Order failure | productId=1301 | userId=164 | quantity=829 | status=FAILED | reason=Insufficient quantity for product id: 1301. Requested: 829, available: 10
2026-07-28T19:16:06.532-04:00 Order failure | productId=11234 | userId=165 | quantity=681 | status=FAILED | reason=Insufficient quantity for product id: 11234. Requested: 681, available: 53
2026-07-28T19:16:06.534-04:00 Order failure | productId=11234 | userId=166 | quantity=600 | status=FAILED | reason=Insufficient quantity for product id: 11234. Requested: 600, available: 53
2026-07-28T19:16:06.538-04:00 Order failure | productId=11234 | userId=168 | quantity=607 | status=FAILED | reason=Insufficient quantity for product id: 11234. Requested: 607, available: 53
2026-07-28T19:16:06.538-04:00 Order failure | productId=11234 | userId=167 | quantity=890 | status=FAILED | reason=Insufficient quantity for product id: 11234. Requested: 890, available: 53
2026-07-28T19:16:06.539-04:00 Order failure | productId=11234 | userId=169 | quantity=289 | status=FAILED | reason=Insufficient quantity for product id: 11234. Requested: 289, available: 53
2026-07-28T19:16:06.543-04:00 Order failure | productId=1301 | userId=172 | quantity=263 | status=FAILED | reason=Insufficient quantity for product id: 1301. Requested: 263, available: 10
2026-07-28T19:16:06.543-04:00 Order failure | productId=1301 | userId=170 | quantity=622 | status=FAILED | reason=Insufficient quantity for product id: 1301. Requested: 622, available: 10
2026-07-28T19:16:06.543-04:00 Order failure | productId=1301 | userId=171 | quantity=535 | status=FAILED | reason=Insufficient quantity for product id: 1301. Requested: 535, available: 10
2026-07-28T19:16:06.549-04:00 Order failure | productId=11234 | userId=174 | quantity=381 | status=FAILED | reason=Insufficient quantity for product id: 11234. Requested: 381, available: 53
2026-07-28T19:16:06.549-04:00 Order failure | productId=1301 | userId=173 | quantity=991 | status=FAILED | reason=Insufficient quantity for product id: 1301. Requested: 991, available: 10
2026-07-28T19:16:06.550-04:00 Order failure | productId=11234 | userId=175 | quantity=887 | status=FAILED | reason=Insufficient quantity for product id: 11234. Requested: 887, available: 53
2026-07-28T19:16:06.556-04:00 Order failure | productId=11234 | userId=177 | quantity=404 | status=FAILED | reason=Insufficient quantity for product id: 11234. Requested: 404, available: 53
2026-07-28T19:16:06.556-04:00 Order failure | productId=11234 | userId=176 | quantity=273 | status=FAILED | reason=Insufficient quantity for product id: 11234. Requested: 273, available: 53
2026-07-28T19:16:06.558-04:00 Order failure | productId=11234 | userId=178 | quantity=106 | status=FAILED | reason=Insufficient quantity for product id: 11234. Requested: 106, available: 53
2026-07-28T19:16:06.561-04:00 Order failure | productId=1301 | userId=180 | quantity=916 | status=FAILED | reason=Insufficient quantity for product id: 1301. Requested: 916, available: 10
2026-07-28T19:16:06.562-04:00 Order failure | productId=11234 | userId=181 | quantity=719 | status=FAILED | reason=Insufficient quantity for product id: 11234. Requested: 719, available: 53
2026-07-28T19:16:06.563-04:00 Order success | productId=11234 | userId=179 | quantity=51 | status=SUCCESS
2026-07-28T19:16:06.567-04:00 Order failure | productId=1301 | userId=183 | quantity=955 | status=FAILED | reason=Insufficient quantity for product id: 1301. Requested: 955, available: 10
2026-07-28T19:16:06.567-04:00 Order failure | productId=11234 | userId=182 | quantity=620 | status=FAILED | reason=Insufficient quantity for product id: 11234. Requested: 620, available: 2
2026-07-28T19:16:06.567-04:00 Order failure | productId=1301 | userId=184 | quantity=704 | status=FAILED | reason=Insufficient quantity for product id: 1301. Requested: 704, available: 10
2026-07-28T19:16:06.571-04:00 Order failure | productId=1301 | userId=185 | quantity=563 | status=FAILED | reason=Insufficient quantity for product id: 1301. Requested: 563, available: 10
2026-07-28T19:16:06.571-04:00 Order failure | productId=1301 | userId=187 | quantity=848 | status=FAILED | reason=Insufficient quantity for product id: 1301. Requested: 848, available: 10
2026-07-28T19:16:06.571-04:00 Order failure | productId=1301 | userId=186 | quantity=313 | status=FAILED | reason=Insufficient quantity for product id: 1301. Requested: 313, available: 10
2026-07-28T19:16:06.577-04:00 Order failure | productId=1301 | userId=190 | quantity=593 | status=FAILED | reason=Insufficient quantity for product id: 1301. Requested: 593, available: 10
2026-07-28T19:16:06.578-04:00 Order failure | productId=1301 | userId=189 | quantity=156 | status=FAILED | reason=Insufficient quantity for product id: 1301. Requested: 156, available: 10
2026-07-28T19:16:06.578-04:00 Order failure | productId=1301 | userId=188 | quantity=88 | status=FAILED | reason=Insufficient quantity for product id: 1301. Requested: 88, available: 10
2026-07-28T19:16:06.584-04:00 Order failure | productId=11234 | userId=192 | quantity=522 | status=FAILED | reason=Insufficient quantity for product id: 11234. Requested: 522, available: 2
2026-07-28T19:16:06.584-04:00 Order failure | productId=1301 | userId=193 | quantity=118 | status=FAILED | reason=Insufficient quantity for product id: 1301. Requested: 118, available: 10
2026-07-28T19:16:06.584-04:00 Order failure | productId=11234 | userId=191 | quantity=830 | status=FAILED | reason=Insufficient quantity for product id: 11234. Requested: 830, available: 2
2026-07-28T19:16:06.589-04:00 Order failure | productId=1301 | userId=196 | quantity=485 | status=FAILED | reason=Insufficient quantity for product id: 1301. Requested: 485, available: 10
2026-07-28T19:16:06.589-04:00 Order failure | productId=11234 | userId=194 | quantity=106 | status=FAILED | reason=Insufficient quantity for product id: 11234. Requested: 106, available: 2
2026-07-28T19:16:06.589-04:00 Order failure | productId=1301 | userId=195 | quantity=726 | status=FAILED | reason=Insufficient quantity for product id: 1301. Requested: 726, available: 10
2026-07-28T19:16:06.594-04:00 Order failure | productId=1301 | userId=197 | quantity=347 | status=FAILED | reason=Insufficient quantity for product id: 1301. Requested: 347, available: 10
2026-07-28T19:16:06.594-04:00 Order failure | productId=11234 | userId=199 | quantity=761 | status=FAILED | reason=Insufficient quantity for product id: 11234. Requested: 761, available: 2
2026-07-28T19:16:06.594-04:00 Order failure | productId=1301 | userId=198 | quantity=1 | status=FAILED | reason=Simulated transient failure in processOrder
2026-07-28T19:16:06.599-04:00 Order failure | productId=1301 | userId=201 | quantity=721 | status=FAILED | reason=Insufficient quantity for product id: 1301. Requested: 721, available: 10
2026-07-28T19:16:06.599-04:00 Order failure | productId=1301 | userId=200 | quantity=37 | status=FAILED | reason=Insufficient quantity for product id: 1301. Requested: 37, available: 10
2026-07-28T19:16:06.601-04:00 Order success | productId=1301 | userId=198 | quantity=1 | status=SUCCESS
2026-07-28T19:16:06.604-04:00 Order failure | productId=11234 | userId=202 | quantity=666 | status=FAILED | reason=Insufficient quantity for product id: 11234. Requested: 666, available: 2
2026-07-28T19:16:06.605-04:00 Order failure | productId=1301 | userId=203 | quantity=676 | status=FAILED | reason=Insufficient quantity for product id: 1301. Requested: 676, available: 9
2026-07-28T19:16:06.605-04:00 Order failure | productId=1301 | userId=204 | quantity=707 | status=FAILED | reason=Insufficient quantity for product id: 1301. Requested: 707, available: 9
2026-07-28T19:16:06.609-04:00 Order failure | productId=11234 | userId=205 | quantity=399 | status=FAILED | reason=Insufficient quantity for product id: 11234. Requested: 399, available: 2
2026-07-28T19:16:06.609-04:00 Order failure | productId=1301 | userId=207 | quantity=63 | status=FAILED | reason=Insufficient quantity for product id: 1301. Requested: 63, available: 9
2026-07-28T19:16:06.609-04:00 Order failure | productId=1301 | userId=206 | quantity=999 | status=FAILED | reason=Insufficient quantity for product id: 1301. Requested: 999, available: 9
2026-07-28T19:16:06.614-04:00 Order failure | productId=11234 | userId=209 | quantity=799 | status=FAILED | reason=Insufficient quantity for product id: 11234. Requested: 799, available: 2
2026-07-28T19:16:06.615-04:00 Order failure | productId=11234 | userId=208 | quantity=250 | status=FAILED | reason=Insufficient quantity for product id: 11234. Requested: 250, available: 2
2026-07-28T19:16:06.615-04:00 Order failure | productId=11234 | userId=210 | quantity=48 | status=FAILED | reason=Insufficient quantity for product id: 11234. Requested: 48, available: 2
2026-07-28T19:16:06.619-04:00 Order failure | productId=11234 | userId=213 | quantity=419 | status=FAILED | reason=Insufficient quantity for product id: 11234. Requested: 419, available: 2
2026-07-28T19:16:06.619-04:00 Order failure | productId=1301 | userId=211 | quantity=872 | status=FAILED | reason=Insufficient quantity for product id: 1301. Requested: 872, available: 9
2026-07-28T19:16:06.619-04:00 Order failure | productId=11234 | userId=212 | quantity=789 | status=FAILED | reason=Insufficient quantity for product id: 11234. Requested: 789, available: 2
2026-07-28T19:16:06.624-04:00 Order failure | productId=1301 | userId=216 | quantity=113 | status=FAILED | reason=Insufficient quantity for product id: 1301. Requested: 113, available: 9
2026-07-28T19:16:06.624-04:00 Order failure | productId=11234 | userId=215 | quantity=71 | status=FAILED | reason=Insufficient quantity for product id: 11234. Requested: 71, available: 2
2026-07-28T19:16:06.624-04:00 Order failure | productId=1301 | userId=214 | quantity=559 | status=FAILED | reason=Insufficient quantity for product id: 1301. Requested: 559, available: 9
2026-07-28T19:16:06.629-04:00 Order failure | productId=11234 | userId=217 | quantity=705 | status=FAILED | reason=Insufficient quantity for product id: 11234. Requested: 705, available: 2
2026-07-28T19:16:06.629-04:00 Order failure | productId=11234 | userId=218 | quantity=143 | status=FAILED | reason=Insufficient quantity for product id: 11234. Requested: 143, available: 2
2026-07-28T19:16:06.629-04:00 Order failure | productId=1301 | userId=219 | quantity=137 | status=FAILED | reason=Insufficient quantity for product id: 1301. Requested: 137, available: 9
2026-07-28T19:16:06.634-04:00 Order failure | productId=1301 | userId=221 | quantity=939 | status=FAILED | reason=Insufficient quantity for product id: 1301. Requested: 939, available: 9
2026-07-28T19:16:06.634-04:00 Order failure | productId=11234 | userId=222 | quantity=397 | status=FAILED | reason=Insufficient quantity for product id: 11234. Requested: 397, available: 2
2026-07-28T19:16:06.634-04:00 Order failure | productId=11234 | userId=220 | quantity=526 | status=FAILED | reason=Insufficient quantity for product id: 11234. Requested: 526, available: 2
2026-07-28T19:16:06.639-04:00 Order failure | productId=1301 | userId=224 | quantity=713 | status=FAILED | reason=Insufficient quantity for product id: 1301. Requested: 713, available: 9
2026-07-28T19:16:06.640-04:00 Order failure | productId=11234 | userId=223 | quantity=859 | status=FAILED | reason=Insufficient quantity for product id: 11234. Requested: 859, available: 2
2026-07-28T19:16:06.640-04:00 Order failure | productId=1301 | userId=225 | quantity=39 | status=FAILED | reason=Insufficient quantity for product id: 1301. Requested: 39, available: 9
2026-07-28T19:16:06.645-04:00 Order failure | productId=1301 | userId=228 | quantity=767 | status=FAILED | reason=Insufficient quantity for product id: 1301. Requested: 767, available: 9
2026-07-28T19:16:06.645-04:00 Order failure | productId=11234 | userId=226 | quantity=97 | status=FAILED | reason=Insufficient quantity for product id: 11234. Requested: 97, available: 2
2026-07-28T19:16:06.645-04:00 Order failure | productId=11234 | userId=227 | quantity=72 | status=FAILED | reason=Insufficient quantity for product id: 11234. Requested: 72, available: 2
2026-07-28T19:16:06.651-04:00 Order failure | productId=1301 | userId=231 | quantity=673 | status=FAILED | reason=Insufficient quantity for product id: 1301. Requested: 673, available: 9
2026-07-28T19:16:06.651-04:00 Order failure | productId=1301 | userId=230 | quantity=901 | status=FAILED | reason=Insufficient quantity for product id: 1301. Requested: 901, available: 9
2026-07-28T19:16:06.651-04:00 Order failure | productId=1301 | userId=229 | quantity=271 | status=FAILED | reason=Insufficient quantity for product id: 1301. Requested: 271, available: 9
2026-07-28T19:16:06.656-04:00 Order failure | productId=11234 | userId=232 | quantity=368 | status=FAILED | reason=Insufficient quantity for product id: 11234. Requested: 368, available: 2
2026-07-28T19:16:06.656-04:00 Order failure | productId=1301 | userId=233 | quantity=597 | status=FAILED | reason=Insufficient quantity for product id: 1301. Requested: 597, available: 9
2026-07-28T19:16:06.656-04:00 Order failure | productId=11234 | userId=234 | quantity=437 | status=FAILED | reason=Insufficient quantity for product id: 11234. Requested: 437, available: 2
2026-07-28T19:16:06.661-04:00 Order failure | productId=11234 | userId=236 | quantity=457 | status=FAILED | reason=Insufficient quantity for product id: 11234. Requested: 457, available: 2
2026-07-28T19:16:06.661-04:00 Order failure | productId=1301 | userId=235 | quantity=37 | status=FAILED | reason=Insufficient quantity for product id: 1301. Requested: 37, available: 9
2026-07-28T19:16:06.661-04:00 Order failure | productId=11234 | userId=237 | quantity=79 | status=FAILED | reason=Insufficient quantity for product id: 11234. Requested: 79, available: 2
2026-07-28T19:16:06.667-04:00 Order failure | productId=11234 | userId=238 | quantity=78 | status=FAILED | reason=Insufficient quantity for product id: 11234. Requested: 78, available: 2
2026-07-28T19:16:06.668-04:00 Order failure | productId=1301 | userId=239 | quantity=230 | status=FAILED | reason=Insufficient quantity for product id: 1301. Requested: 230, available: 9
2026-07-28T19:16:06.671-04:00 Order failure | productId=11234 | userId=240 | quantity=894 | status=FAILED | reason=Insufficient quantity for product id: 11234. Requested: 894, available: 2
2026-07-28T19:16:06.676-04:00 Order failure | productId=11234 | userId=242 | quantity=963 | status=FAILED | reason=Insufficient quantity for product id: 11234. Requested: 963, available: 2
2026-07-28T19:16:06.676-04:00 Order failure | productId=11234 | userId=243 | quantity=172 | status=FAILED | reason=Insufficient quantity for product id: 11234. Requested: 172, available: 2
2026-07-28T19:16:06.676-04:00 Order failure | productId=1301 | userId=241 | quantity=735 | status=FAILED | reason=Insufficient quantity for product id: 1301. Requested: 735, available: 9
2026-07-28T19:16:06.683-04:00 Order failure | productId=1301 | userId=244 | quantity=268 | status=FAILED | reason=Insufficient quantity for product id: 1301. Requested: 268, available: 9
2026-07-28T19:16:06.683-04:00 Order failure | productId=1301 | userId=246 | quantity=813 | status=FAILED | reason=Insufficient quantity for product id: 1301. Requested: 813, available: 9
2026-07-28T19:16:06.683-04:00 Order failure | productId=11234 | userId=245 | quantity=541 | status=FAILED | reason=Insufficient quantity for product id: 11234. Requested: 541, available: 2
2026-07-28T19:16:06.689-04:00 Order failure | productId=1301 | userId=247 | quantity=846 | status=FAILED | reason=Insufficient quantity for product id: 1301. Requested: 846, available: 9
2026-07-28T19:16:06.689-04:00 Order failure | productId=1301 | userId=249 | quantity=152 | status=FAILED | reason=Insufficient quantity for product id: 1301. Requested: 152, available: 9
2026-07-28T19:16:06.689-04:00 Order failure | productId=1301 | userId=248 | quantity=847 | status=FAILED | reason=Insufficient quantity for product id: 1301. Requested: 847, available: 9
2026-07-28T19:16:06.694-04:00 Order failure | productId=1301 | userId=251 | quantity=940 | status=FAILED | reason=Insufficient quantity for product id: 1301. Requested: 940, available: 9
2026-07-28T19:16:06.694-04:00 Order failure | productId=1301 | userId=250 | quantity=651 | status=FAILED | reason=Insufficient quantity for product id: 1301. Requested: 651, available: 9
2026-07-28T19:16:06.694-04:00 Order failure | productId=11234 | userId=252 | quantity=790 | status=FAILED | reason=Insufficient quantity for product id: 11234. Requested: 790, available: 2
2026-07-28T19:16:06.699-04:00 Order failure | productId=1301 | userId=253 | quantity=337 | status=FAILED | reason=Insufficient quantity for product id: 1301. Requested: 337, available: 9
2026-07-28T19:16:06.699-04:00 Order failure | productId=11234 | userId=255 | quantity=1000 | status=FAILED | reason=Insufficient quantity for product id: 11234. Requested: 1000, available: 2
2026-07-28T19:16:06.699-04:00 Order failure | productId=1301 | userId=254 | quantity=422 | status=FAILED | reason=Insufficient quantity for product id: 1301. Requested: 422, available: 9
2026-07-28T19:16:06.705-04:00 Order failure | productId=11234 | userId=257 | quantity=998 | status=FAILED | reason=Insufficient quantity for product id: 11234. Requested: 998, available: 2
2026-07-28T19:16:06.705-04:00 Order failure | productId=1301 | userId=258 | quantity=723 | status=FAILED | reason=Insufficient quantity for product id: 1301. Requested: 723, available: 9
2026-07-28T19:16:06.705-04:00 Order failure | productId=11234 | userId=256 | quantity=368 | status=FAILED | reason=Insufficient quantity for product id: 11234. Requested: 368, available: 2
2026-07-28T19:16:06.710-04:00 Order failure | productId=11234 | userId=259 | quantity=947 | status=FAILED | reason=Insufficient quantity for product id: 11234. Requested: 947, available: 2
2026-07-28T19:16:06.710-04:00 Order failure | productId=1301 | userId=261 | quantity=717 | status=FAILED | reason=Insufficient quantity for product id: 1301. Requested: 717, available: 9
2026-07-28T19:16:06.710-04:00 Order failure | productId=11234 | userId=260 | quantity=309 | status=FAILED | reason=Insufficient quantity for product id: 11234. Requested: 309, available: 2
2026-07-28T19:16:06.716-04:00 Order failure | productId=11234 | userId=263 | quantity=236 | status=FAILED | reason=Insufficient quantity for product id: 11234. Requested: 236, available: 2
2026-07-28T19:16:06.716-04:00 Order failure | productId=1301 | userId=264 | quantity=278 | status=FAILED | reason=Insufficient quantity for product id: 1301. Requested: 278, available: 9
2026-07-28T19:16:06.716-04:00 Order failure | productId=11234 | userId=262 | quantity=661 | status=FAILED | reason=Insufficient quantity for product id: 11234. Requested: 661, available: 2
2026-07-28T19:16:06.720-04:00 Order failure | productId=11234 | userId=267 | quantity=169 | status=FAILED | reason=Insufficient quantity for product id: 11234. Requested: 169, available: 2
2026-07-28T19:16:06.721-04:00 Order failure | productId=1301 | userId=265 | quantity=742 | status=FAILED | reason=Insufficient quantity for product id: 1301. Requested: 742, available: 9
2026-07-28T19:16:06.721-04:00 Order failure | productId=11234 | userId=266 | quantity=503 | status=FAILED | reason=Insufficient quantity for product id: 11234. Requested: 503, available: 2
2026-07-28T19:16:06.726-04:00 Order failure | productId=11234 | userId=269 | quantity=785 | status=FAILED | reason=Insufficient quantity for product id: 11234. Requested: 785, available: 2
2026-07-28T19:16:06.726-04:00 Order failure | productId=1301 | userId=270 | quantity=296 | status=FAILED | reason=Insufficient quantity for product id: 1301. Requested: 296, available: 9
2026-07-28T19:16:06.726-04:00 Order failure | productId=11234 | userId=268 | quantity=358 | status=FAILED | reason=Insufficient quantity for product id: 11234. Requested: 358, available: 2
2026-07-28T19:16:06.731-04:00 Order failure | productId=1301 | userId=273 | quantity=918 | status=FAILED | reason=Insufficient quantity for product id: 1301. Requested: 918, available: 9
2026-07-28T19:16:06.731-04:00 Order failure | productId=11234 | userId=271 | quantity=77 | status=FAILED | reason=Insufficient quantity for product id: 11234. Requested: 77, available: 2
2026-07-28T19:16:06.731-04:00 Order failure | productId=1301 | userId=272 | quantity=786 | status=FAILED | reason=Insufficient quantity for product id: 1301. Requested: 786, available: 9
2026-07-28T19:16:06.736-04:00 Order failure | productId=11234 | userId=274 | quantity=116 | status=FAILED | reason=Insufficient quantity for product id: 11234. Requested: 116, available: 2
2026-07-28T19:16:06.736-04:00 Order failure | productId=1301 | userId=275 | quantity=721 | status=FAILED | reason=Insufficient quantity for product id: 1301. Requested: 721, available: 9
2026-07-28T19:16:06.736-04:00 Order failure | productId=11234 | userId=276 | quantity=423 | status=FAILED | reason=Insufficient quantity for product id: 11234. Requested: 423, available: 2
2026-07-28T19:16:06.741-04:00 Order failure | productId=1301 | userId=278 | quantity=758 | status=FAILED | reason=Insufficient quantity for product id: 1301. Requested: 758, available: 9
2026-07-28T19:16:06.741-04:00 Order failure | productId=11234 | userId=277 | quantity=518 | status=FAILED | reason=Insufficient quantity for product id: 11234. Requested: 518, available: 2
2026-07-28T19:16:06.741-04:00 Order failure | productId=1301 | userId=279 | quantity=857 | status=FAILED | reason=Insufficient quantity for product id: 1301. Requested: 857, available: 9
2026-07-28T19:16:06.747-04:00 Order failure | productId=1301 | userId=280 | quantity=209 | status=FAILED | reason=Insufficient quantity for product id: 1301. Requested: 209, available: 9
2026-07-28T19:16:06.747-04:00 Order failure | productId=1301 | userId=281 | quantity=591 | status=FAILED | reason=Insufficient quantity for product id: 1301. Requested: 591, available: 9
2026-07-28T19:16:06.747-04:00 Order failure | productId=1301 | userId=282 | quantity=23 | status=FAILED | reason=Insufficient quantity for product id: 1301. Requested: 23, available: 9
2026-07-28T19:16:06.751-04:00 Order failure | productId=11234 | userId=285 | quantity=275 | status=FAILED | reason=Insufficient quantity for product id: 11234. Requested: 275, available: 2
2026-07-28T19:16:06.751-04:00 Order failure | productId=11234 | userId=284 | quantity=978 | status=FAILED | reason=Insufficient quantity for product id: 11234. Requested: 978, available: 2
2026-07-28T19:16:06.751-04:00 Order failure | productId=1301 | userId=283 | quantity=58 | status=FAILED | reason=Insufficient quantity for product id: 1301. Requested: 58, available: 9
2026-07-28T19:16:06.756-04:00 Order failure | productId=11234 | userId=286 | quantity=199 | status=FAILED | reason=Insufficient quantity for product id: 11234. Requested: 199, available: 2
2026-07-28T19:16:06.756-04:00 Order failure | productId=11234 | userId=288 | quantity=785 | status=FAILED | reason=Insufficient quantity for product id: 11234. Requested: 785, available: 2
2026-07-28T19:16:06.756-04:00 Order failure | productId=1301 | userId=287 | quantity=888 | status=FAILED | reason=Insufficient quantity for product id: 1301. Requested: 888, available: 9
2026-07-28T19:16:06.761-04:00 Order failure | productId=1301 | userId=289 | quantity=331 | status=FAILED | reason=Insufficient quantity for product id: 1301. Requested: 331, available: 9
2026-07-28T19:16:06.761-04:00 Order failure | productId=11234 | userId=290 | quantity=973 | status=FAILED | reason=Insufficient quantity for product id: 11234. Requested: 973, available: 2
2026-07-28T19:16:06.761-04:00 Order failure | productId=1301 | userId=291 | quantity=748 | status=FAILED | reason=Insufficient quantity for product id: 1301. Requested: 748, available: 9
2026-07-28T19:16:06.767-04:00 Order failure | productId=1301 | userId=293 | quantity=692 | status=FAILED | reason=Insufficient quantity for product id: 1301. Requested: 692, available: 9
2026-07-28T19:16:06.767-04:00 Order failure | productId=11234 | userId=292 | quantity=325 | status=FAILED | reason=Insufficient quantity for product id: 11234. Requested: 325, available: 2
2026-07-28T19:16:06.767-04:00 Order failure | productId=1301 | userId=294 | quantity=398 | status=FAILED | reason=Insufficient quantity for product id: 1301. Requested: 398, available: 9
2026-07-28T19:16:06.772-04:00 Order failure | productId=1301 | userId=295 | quantity=843 | status=FAILED | reason=Insufficient quantity for product id: 1301. Requested: 843, available: 9
2026-07-28T19:16:06.772-04:00 Order failure | productId=11234 | userId=296 | quantity=599 | status=FAILED | reason=Insufficient quantity for product id: 11234. Requested: 599, available: 2
2026-07-28T19:16:06.772-04:00 Order failure | productId=11234 | userId=297 | quantity=860 | status=FAILED | reason=Insufficient quantity for product id: 11234. Requested: 860, available: 2
2026-07-28T19:16:06.776-04:00 Order failure | productId=1301 | userId=299 | quantity=220 | status=FAILED | reason=Insufficient quantity for product id: 1301. Requested: 220, available: 9
2026-07-28T19:16:06.776-04:00 Order failure | productId=11234 | userId=300 | quantity=135 | status=FAILED | reason=Insufficient quantity for product id: 11234. Requested: 135, available: 2
2026-07-28T19:16:06.776-04:00 Order failure | productId=11234 | userId=298 | quantity=465 | status=FAILED | reason=Insufficient quantity for product id: 11234. Requested: 465, available: 2
2026-07-28T19:16:06.782-04:00 Order failure | productId=11234 | userId=302 | quantity=818 | status=FAILED | reason=Insufficient quantity for product id: 11234. Requested: 818, available: 2
2026-07-28T19:16:06.782-04:00 Order failure | productId=11234 | userId=303 | quantity=180 | status=FAILED | reason=Insufficient quantity for product id: 11234. Requested: 180, available: 2
2026-07-28T19:16:06.782-04:00 Order failure | productId=1301 | userId=301 | quantity=636 | status=FAILED | reason=Insufficient quantity for product id: 1301. Requested: 636, available: 9
2026-07-28T19:16:06.786-04:00 Order failure | productId=11234 | userId=304 | quantity=659 | status=FAILED | reason=Insufficient quantity for product id: 11234. Requested: 659, available: 2
2026-07-28T19:16:06.786-04:00 Order failure | productId=11234 | userId=306 | quantity=844 | status=FAILED | reason=Insufficient quantity for product id: 11234. Requested: 844, available: 2
2026-07-28T19:16:06.786-04:00 Order failure | productId=11234 | userId=305 | quantity=117 | status=FAILED | reason=Insufficient quantity for product id: 11234. Requested: 117, available: 2
2026-07-28T19:16:06.790-04:00 Order failure | productId=11234 | userId=309 | quantity=790 | status=FAILED | reason=Insufficient quantity for product id: 11234. Requested: 790, available: 2
2026-07-28T19:16:06.790-04:00 Order failure | productId=1301 | userId=308 | quantity=822 | status=FAILED | reason=Insufficient quantity for product id: 1301. Requested: 822, available: 9
2026-07-28T19:16:06.792-04:00 Order failure | productId=1301 | userId=307 | quantity=629 | status=FAILED | reason=Insufficient quantity for product id: 1301. Requested: 629, available: 9
2026-07-28T19:16:06.796-04:00 Order failure | productId=11234 | userId=312 | quantity=803 | status=FAILED | reason=Insufficient quantity for product id: 11234. Requested: 803, available: 2
2026-07-28T19:16:06.796-04:00 Order failure | productId=11234 | userId=310 | quantity=921 | status=FAILED | reason=Insufficient quantity for product id: 11234. Requested: 921, available: 2
2026-07-28T19:16:06.796-04:00 Order failure | productId=11234 | userId=311 | quantity=818 | status=FAILED | reason=Insufficient quantity for product id: 11234. Requested: 818, available: 2
2026-07-28T19:16:06.801-04:00 Order failure | productId=11234 | userId=315 | quantity=586 | status=FAILED | reason=Insufficient quantity for product id: 11234. Requested: 586, available: 2
2026-07-28T19:16:06.801-04:00 Order failure | productId=1301 | userId=314 | quantity=52 | status=FAILED | reason=Insufficient quantity for product id: 1301. Requested: 52, available: 9
2026-07-28T19:16:06.801-04:00 Order failure | productId=1301 | userId=313 | quantity=815 | status=FAILED | reason=Insufficient quantity for product id: 1301. Requested: 815, available: 9
2026-07-28T19:16:06.805-04:00 Order failure | productId=1301 | userId=317 | quantity=432 | status=FAILED | reason=Insufficient quantity for product id: 1301. Requested: 432, available: 9
2026-07-28T19:16:06.805-04:00 Order failure | productId=1301 | userId=316 | quantity=103 | status=FAILED | reason=Insufficient quantity for product id: 1301. Requested: 103, available: 9
2026-07-28T19:16:06.806-04:00 Order failure | productId=1301 | userId=318 | quantity=205 | status=FAILED | reason=Insufficient quantity for product id: 1301. Requested: 205, available: 9
2026-07-28T19:16:06.810-04:00 Order failure | productId=1301 | userId=321 | quantity=54 | status=FAILED | reason=Insufficient quantity for product id: 1301. Requested: 54, available: 9
2026-07-28T19:16:06.810-04:00 Order failure | productId=11234 | userId=319 | quantity=826 | status=FAILED | reason=Insufficient quantity for product id: 11234. Requested: 826, available: 2
2026-07-28T19:16:06.810-04:00 Order failure | productId=11234 | userId=320 | quantity=169 | status=FAILED | reason=Insufficient quantity for product id: 11234. Requested: 169, available: 2
2026-07-28T19:16:06.815-04:00 Order failure | productId=11234 | userId=322 | quantity=97 | status=FAILED | reason=Insufficient quantity for product id: 11234. Requested: 97, available: 2
2026-07-28T19:16:06.815-04:00 Order failure | productId=11234 | userId=323 | quantity=200 | status=FAILED | reason=Insufficient quantity for product id: 11234. Requested: 200, available: 2
2026-07-28T19:16:06.815-04:00 Order failure | productId=1301 | userId=324 | quantity=793 | status=FAILED | reason=Insufficient quantity for product id: 1301. Requested: 793, available: 9
2026-07-28T19:16:06.819-04:00 Order failure | productId=1301 | userId=327 | quantity=630 | status=FAILED | reason=Insufficient quantity for product id: 1301. Requested: 630, available: 9
2026-07-28T19:16:06.819-04:00 Order failure | productId=11234 | userId=326 | quantity=699 | status=FAILED | reason=Insufficient quantity for product id: 11234. Requested: 699, available: 2
2026-07-28T19:16:06.819-04:00 Order failure | productId=1301 | userId=325 | quantity=688 | status=FAILED | reason=Insufficient quantity for product id: 1301. Requested: 688, available: 9
2026-07-28T19:16:06.824-04:00 Order failure | productId=11234 | userId=330 | quantity=941 | status=FAILED | reason=Insufficient quantity for product id: 11234. Requested: 941, available: 2
2026-07-28T19:16:06.824-04:00 Order failure | productId=11234 | userId=329 | quantity=983 | status=FAILED | reason=Insufficient quantity for product id: 11234. Requested: 983, available: 2
2026-07-28T19:16:06.824-04:00 Order failure | productId=1301 | userId=328 | quantity=821 | status=FAILED | reason=Insufficient quantity for product id: 1301. Requested: 821, available: 9
2026-07-28T19:16:06.828-04:00 Order failure | productId=1301 | userId=331 | quantity=800 | status=FAILED | reason=Insufficient quantity for product id: 1301. Requested: 800, available: 9
2026-07-28T19:16:06.828-04:00 Order failure | productId=11234 | userId=333 | quantity=109 | status=FAILED | reason=Insufficient quantity for product id: 11234. Requested: 109, available: 2
2026-07-28T19:16:06.828-04:00 Order failure | productId=1301 | userId=332 | quantity=460 | status=FAILED | reason=Insufficient quantity for product id: 1301. Requested: 460, available: 9
2026-07-28T19:16:06.834-04:00 Order failure | productId=11234 | userId=336 | quantity=815 | status=FAILED | reason=Insufficient quantity for product id: 11234. Requested: 815, available: 2
2026-07-28T19:16:06.834-04:00 Order failure | productId=11234 | userId=335 | quantity=393 | status=FAILED | reason=Insufficient quantity for product id: 11234. Requested: 393, available: 2
2026-07-28T19:16:06.834-04:00 Order failure | productId=11234 | userId=334 | quantity=261 | status=FAILED | reason=Insufficient quantity for product id: 11234. Requested: 261, available: 2
2026-07-28T19:16:06.838-04:00 Order failure | productId=1301 | userId=339 | quantity=534 | status=FAILED | reason=Insufficient quantity for product id: 1301. Requested: 534, available: 9
2026-07-28T19:16:06.839-04:00 Order failure | productId=11234 | userId=337 | quantity=449 | status=FAILED | reason=Insufficient quantity for product id: 11234. Requested: 449, available: 2
2026-07-28T19:16:06.839-04:00 Order failure | productId=1301 | userId=338 | quantity=355 | status=FAILED | reason=Insufficient quantity for product id: 1301. Requested: 355, available: 9
2026-07-28T19:16:06.845-04:00 Order failure | productId=1301 | userId=340 | quantity=266 | status=FAILED | reason=Insufficient quantity for product id: 1301. Requested: 266, available: 9
2026-07-28T19:16:06.845-04:00 Order failure | productId=1301 | userId=341 | quantity=38 | status=FAILED | reason=Insufficient quantity for product id: 1301. Requested: 38, available: 9
2026-07-28T19:16:06.848-04:00 Order failure | productId=11234 | userId=342 | quantity=508 | status=FAILED | reason=Insufficient quantity for product id: 11234. Requested: 508, available: 2
2026-07-28T19:16:06.854-04:00 Order failure | productId=11234 | userId=343 | quantity=394 | status=FAILED | reason=Insufficient quantity for product id: 11234. Requested: 394, available: 2
2026-07-28T19:16:06.859-04:00 Order failure | productId=11234 | userId=344 | quantity=870 | status=FAILED | reason=Insufficient quantity for product id: 11234. Requested: 870, available: 2
2026-07-28T19:16:06.865-04:00 Order failure | productId=1301 | userId=345 | quantity=99 | status=FAILED | reason=Insufficient quantity for product id: 1301. Requested: 99, available: 9
2026-07-28T19:16:06.870-04:00 Order failure | productId=1301 | userId=346 | quantity=290 | status=FAILED | reason=Insufficient quantity for product id: 1301. Requested: 290, available: 9
2026-07-28T19:16:06.874-04:00 Order failure | productId=11234 | userId=347 | quantity=184 | status=FAILED | reason=Insufficient quantity for product id: 11234. Requested: 184, available: 2
2026-07-28T19:16:06.879-04:00 Order failure | productId=11234 | userId=348 | quantity=19 | status=FAILED | reason=Insufficient quantity for product id: 11234. Requested: 19, available: 2
2026-07-28T19:16:06.884-04:00 Order failure | productId=11234 | userId=349 | quantity=363 | status=FAILED | reason=Insufficient quantity for product id: 11234. Requested: 363, available: 2
2026-07-28T19:16:06.889-04:00 Order failure | productId=11234 | userId=350 | quantity=92 | status=FAILED | reason=Insufficient quantity for product id: 11234. Requested: 92, available: 2
2026-07-28T19:16:06.894-04:00 Order failure | productId=1301 | userId=351 | quantity=373 | status=FAILED | reason=Insufficient quantity for product id: 1301. Requested: 373, available: 9
2026-07-28T19:16:06.899-04:00 Order failure | productId=1301 | userId=352 | quantity=256 | status=FAILED | reason=Insufficient quantity for product id: 1301. Requested: 256, available: 9
2026-07-28T19:16:06.905-04:00 Order failure | productId=1301 | userId=353 | quantity=14 | status=FAILED | reason=Insufficient quantity for product id: 1301. Requested: 14, available: 9
2026-07-28T19:16:06.909-04:00 Order failure | productId=1301 | userId=354 | quantity=607 | status=FAILED | reason=Insufficient quantity for product id: 1301. Requested: 607, available: 9
2026-07-28T19:16:06.914-04:00 Order failure | productId=11234 | userId=355 | quantity=701 | status=FAILED | reason=Insufficient quantity for product id: 11234. Requested: 701, available: 2
2026-07-28T19:16:06.917-04:00 Order failure | productId=1301 | userId=356 | quantity=230 | status=FAILED | reason=Insufficient quantity for product id: 1301. Requested: 230, available: 9
2026-07-28T19:16:06.923-04:00 Order failure | productId=1301 | userId=357 | quantity=611 | status=FAILED | reason=Insufficient quantity for product id: 1301. Requested: 611, available: 9
2026-07-28T19:16:06.929-04:00 Order failure | productId=11234 | userId=358 | quantity=205 | status=FAILED | reason=Insufficient quantity for product id: 11234. Requested: 205, available: 2
2026-07-28T19:16:06.933-04:00 Order failure | productId=1301 | userId=359 | quantity=512 | status=FAILED | reason=Insufficient quantity for product id: 1301. Requested: 512, available: 9
2026-07-28T19:16:06.939-04:00 Order failure | productId=1301 | userId=360 | quantity=978 | status=FAILED | reason=Insufficient quantity for product id: 1301. Requested: 978, available: 9
2026-07-28T19:16:06.944-04:00 Order failure | productId=11234 | userId=361 | quantity=396 | status=FAILED | reason=Insufficient quantity for product id: 11234. Requested: 396, available: 2
2026-07-28T19:16:06.948-04:00 Order failure | productId=11234 | userId=362 | quantity=628 | status=FAILED | reason=Insufficient quantity for product id: 11234. Requested: 628, available: 2
2026-07-28T19:16:06.955-04:00 Order failure | productId=11234 | userId=363 | quantity=419 | status=FAILED | reason=Insufficient quantity for product id: 11234. Requested: 419, available: 2
2026-07-28T19:16:06.960-04:00 Order failure | productId=1301 | userId=364 | quantity=449 | status=FAILED | reason=Insufficient quantity for product id: 1301. Requested: 449, available: 9
2026-07-28T19:16:06.965-04:00 Order failure | productId=1301 | userId=365 | quantity=679 | status=FAILED | reason=Insufficient quantity for product id: 1301. Requested: 679, available: 9
2026-07-28T19:16:06.970-04:00 Order failure | productId=11234 | userId=366 | quantity=27 | status=FAILED | reason=Insufficient quantity for product id: 11234. Requested: 27, available: 2
2026-07-28T19:16:06.974-04:00 Order failure | productId=11234 | userId=367 | quantity=367 | status=FAILED | reason=Insufficient quantity for product id: 11234. Requested: 367, available: 2
2026-07-28T19:16:06.980-04:00 Order failure | productId=1301 | userId=368 | quantity=529 | status=FAILED | reason=Insufficient quantity for product id: 1301. Requested: 529, available: 9
2026-07-28T19:16:06.984-04:00 Order failure | productId=11234 | userId=369 | quantity=604 | status=FAILED | reason=Insufficient quantity for product id: 11234. Requested: 604, available: 2
2026-07-28T19:16:06.989-04:00 Order failure | productId=1301 | userId=370 | quantity=850 | status=FAILED | reason=Insufficient quantity for product id: 1301. Requested: 850, available: 9
2026-07-28T19:16:06.994-04:00 Order failure | productId=11234 | userId=371 | quantity=192 | status=FAILED | reason=Insufficient quantity for product id: 11234. Requested: 192, available: 2
2026-07-28T19:16:06.999-04:00 Order failure | productId=1301 | userId=372 | quantity=375 | status=FAILED | reason=Insufficient quantity for product id: 1301. Requested: 375, available: 9
2026-07-28T19:16:07.004-04:00 Order failure | productId=11234 | userId=373 | quantity=284 | status=FAILED | reason=Insufficient quantity for product id: 11234. Requested: 284, available: 2
2026-07-28T19:16:07.008-04:00 Order failure | productId=1301 | userId=374 | quantity=29 | status=FAILED | reason=Insufficient quantity for product id: 1301. Requested: 29, available: 9
2026-07-28T19:16:07.014-04:00 Order failure | productId=11234 | userId=375 | quantity=444 | status=FAILED | reason=Insufficient quantity for product id: 11234. Requested: 444, available: 2
2026-07-28T19:16:07.020-04:00 Order failure | productId=1301 | userId=376 | quantity=129 | status=FAILED | reason=Insufficient quantity for product id: 1301. Requested: 129, available: 9
2026-07-28T19:16:07.024-04:00 Order failure | productId=1301 | userId=377 | quantity=452 | status=FAILED | reason=Insufficient quantity for product id: 1301. Requested: 452, available: 9
2026-07-28T19:16:07.029-04:00 Order failure | productId=1301 | userId=378 | quantity=665 | status=FAILED | reason=Insufficient quantity for product id: 1301. Requested: 665, available: 9
2026-07-28T19:16:07.035-04:00 Order failure | productId=11234 | userId=379 | quantity=430 | status=FAILED | reason=Insufficient quantity for product id: 11234. Requested: 430, available: 2
2026-07-28T19:16:07.039-04:00 Order failure | productId=11234 | userId=380 | quantity=222 | status=FAILED | reason=Insufficient quantity for product id: 11234. Requested: 222, available: 2
2026-07-28T19:16:07.042-04:00 Order failure | productId=11234 | userId=381 | quantity=349 | status=FAILED | reason=Insufficient quantity for product id: 11234. Requested: 349, available: 2
2026-07-28T19:16:07.048-04:00 Order failure | productId=1301 | userId=382 | quantity=296 | status=FAILED | reason=Insufficient quantity for product id: 1301. Requested: 296, available: 9
2026-07-28T19:16:07.053-04:00 Order failure | productId=11234 | userId=383 | quantity=206 | status=FAILED | reason=Insufficient quantity for product id: 11234. Requested: 206, available: 2
2026-07-28T19:16:07.057-04:00 Order failure | productId=1301 | userId=384 | quantity=421 | status=FAILED | reason=Insufficient quantity for product id: 1301. Requested: 421, available: 9
2026-07-28T19:16:07.063-04:00 Order failure | productId=11234 | userId=385 | quantity=454 | status=FAILED | reason=Insufficient quantity for product id: 11234. Requested: 454, available: 2
2026-07-28T19:16:07.069-04:00 Order failure | productId=11234 | userId=386 | quantity=576 | status=FAILED | reason=Insufficient quantity for product id: 11234. Requested: 576, available: 2
2026-07-28T19:16:07.073-04:00 Order failure | productId=11234 | userId=387 | quantity=354 | status=FAILED | reason=Insufficient quantity for product id: 11234. Requested: 354, available: 2
2026-07-28T19:16:07.078-04:00 Order failure | productId=11234 | userId=388 | quantity=533 | status=FAILED | reason=Insufficient quantity for product id: 11234. Requested: 533, available: 2
2026-07-28T19:16:07.088-04:00 Order failure | productId=11234 | userId=389 | quantity=282 | status=FAILED | reason=Insufficient quantity for product id: 11234. Requested: 282, available: 2
2026-07-28T19:16:07.093-04:00 Order failure | productId=1301 | userId=391 | quantity=113 | status=FAILED | reason=Insufficient quantity for product id: 1301. Requested: 113, available: 9
2026-07-28T19:16:07.093-04:00 Order failure | productId=11234 | userId=390 | quantity=137 | status=FAILED | reason=Insufficient quantity for product id: 11234. Requested: 137, available: 2
2026-07-28T19:16:07.100-04:00 Order failure | productId=1301 | userId=392 | quantity=568 | status=FAILED | reason=Insufficient quantity for product id: 1301. Requested: 568, available: 9
2026-07-28T19:16:07.106-04:00 Order failure | productId=11234 | userId=393 | quantity=35 | status=FAILED | reason=Insufficient quantity for product id: 11234. Requested: 35, available: 2
2026-07-28T19:16:07.108-04:00 Order failure | productId=1301 | userId=394 | quantity=672 | status=FAILED | reason=Insufficient quantity for product id: 1301. Requested: 672, available: 9
2026-07-28T19:16:07.112-04:00 Order failure | productId=11234 | userId=395 | quantity=133 | status=FAILED | reason=Insufficient quantity for product id: 11234. Requested: 133, available: 2
2026-07-28T19:16:07.119-04:00 Order failure | productId=11234 | userId=396 | quantity=416 | status=FAILED | reason=Insufficient quantity for product id: 11234. Requested: 416, available: 2
2026-07-28T19:16:07.123-04:00 Order failure | productId=1301 | userId=397 | quantity=924 | status=FAILED | reason=Insufficient quantity for product id: 1301. Requested: 924, available: 9
2026-07-28T19:16:07.129-04:00 Order failure | productId=11234 | userId=398 | quantity=176 | status=FAILED | reason=Insufficient quantity for product id: 11234. Requested: 176, available: 2
2026-07-28T19:16:07.133-04:00 Order failure | productId=11234 | userId=399 | quantity=987 | status=FAILED | reason=Insufficient quantity for product id: 11234. Requested: 987, available: 2
2026-07-28T19:16:07.138-04:00 Order failure | productId=1301 | userId=400 | quantity=773 | status=FAILED | reason=Insufficient quantity for product id: 1301. Requested: 773, available: 9
2026-07-28T19:16:07.144-04:00 Order failure | productId=11234 | userId=401 | quantity=565 | status=FAILED | reason=Insufficient quantity for product id: 11234. Requested: 565, available: 2
2026-07-28T19:16:07.148-04:00 Order failure | productId=11234 | userId=402 | quantity=168 | status=FAILED | reason=Insufficient quantity for product id: 11234. Requested: 168, available: 2
2026-07-28T19:16:07.153-04:00 Order failure | productId=1301 | userId=403 | quantity=504 | status=FAILED | reason=Insufficient quantity for product id: 1301. Requested: 504, available: 9
2026-07-28T19:16:07.158-04:00 Order failure | productId=11234 | userId=404 | quantity=415 | status=FAILED | reason=Insufficient quantity for product id: 11234. Requested: 415, available: 2
2026-07-28T19:16:07.164-04:00 Order failure | productId=1301 | userId=405 | quantity=947 | status=FAILED | reason=Insufficient quantity for product id: 1301. Requested: 947, available: 9
2026-07-28T19:16:07.169-04:00 Order failure | productId=1301 | userId=406 | quantity=462 | status=FAILED | reason=Insufficient quantity for product id: 1301. Requested: 462, available: 9
2026-07-28T19:16:07.172-04:00 Order failure | productId=1301 | userId=407 | quantity=427 | status=FAILED | reason=Insufficient quantity for product id: 1301. Requested: 427, available: 9
2026-07-28T19:16:07.178-04:00 Order failure | productId=11234 | userId=408 | quantity=157 | status=FAILED | reason=Insufficient quantity for product id: 11234. Requested: 157, available: 2
2026-07-28T19:16:07.184-04:00 Order failure | productId=11234 | userId=409 | quantity=462 | status=FAILED | reason=Insufficient quantity for product id: 11234. Requested: 462, available: 2
2026-07-28T19:16:07.189-04:00 Order failure | productId=1301 | userId=410 | quantity=384 | status=FAILED | reason=Insufficient quantity for product id: 1301. Requested: 384, available: 9
2026-07-28T19:16:07.193-04:00 Order failure | productId=1301 | userId=411 | quantity=267 | status=FAILED | reason=Insufficient quantity for product id: 1301. Requested: 267, available: 9
2026-07-28T19:16:07.198-04:00 Order failure | productId=11234 | userId=412 | quantity=840 | status=FAILED | reason=Insufficient quantity for product id: 11234. Requested: 840, available: 2
2026-07-28T19:16:07.204-04:00 Order failure | productId=11234 | userId=413 | quantity=214 | status=FAILED | reason=Insufficient quantity for product id: 11234. Requested: 214, available: 2
2026-07-28T19:16:07.209-04:00 Order failure | productId=11234 | userId=414 | quantity=253 | status=FAILED | reason=Insufficient quantity for product id: 11234. Requested: 253, available: 2
2026-07-28T19:16:07.214-04:00 Order failure | productId=11234 | userId=415 | quantity=558 | status=FAILED | reason=Insufficient quantity for product id: 11234. Requested: 558, available: 2
2026-07-28T19:16:07.221-04:00 Order failure | productId=11234 | userId=416 | quantity=129 | status=FAILED | reason=Insufficient quantity for product id: 11234. Requested: 129, available: 2
2026-07-28T19:16:07.226-04:00 Order failure | productId=11234 | userId=417 | quantity=220 | status=FAILED | reason=Insufficient quantity for product id: 11234. Requested: 220, available: 2
2026-07-28T19:16:07.228-04:00 Order failure | productId=1301 | userId=418 | quantity=614 | status=FAILED | reason=Insufficient quantity for product id: 1301. Requested: 614, available: 9
2026-07-28T19:16:07.233-04:00 Order failure | productId=1301 | userId=419 | quantity=793 | status=FAILED | reason=Insufficient quantity for product id: 1301. Requested: 793, available: 9
2026-07-28T19:16:07.239-04:00 Order failure | productId=1301 | userId=420 | quantity=595 | status=FAILED | reason=Insufficient quantity for product id: 1301. Requested: 595, available: 9
2026-07-28T19:16:07.243-04:00 Order failure | productId=1301 | userId=421 | quantity=108 | status=FAILED | reason=Insufficient quantity for product id: 1301. Requested: 108, available: 9
2026-07-28T19:16:07.249-04:00 Order failure | productId=11234 | userId=422 | quantity=354 | status=FAILED | reason=Insufficient quantity for product id: 11234. Requested: 354, available: 2
2026-07-28T19:16:07.254-04:00 Order failure | productId=1301 | userId=423 | quantity=913 | status=FAILED | reason=Insufficient quantity for product id: 1301. Requested: 913, available: 9
2026-07-28T19:16:07.259-04:00 Order failure | productId=1301 | userId=424 | quantity=165 | status=FAILED | reason=Insufficient quantity for product id: 1301. Requested: 165, available: 9
2026-07-28T19:16:07.264-04:00 Order failure | productId=1301 | userId=425 | quantity=233 | status=FAILED | reason=Insufficient quantity for product id: 1301. Requested: 233, available: 9
2026-07-28T19:16:07.268-04:00 Order failure | productId=11234 | userId=426 | quantity=665 | status=FAILED | reason=Insufficient quantity for product id: 11234. Requested: 665, available: 2
2026-07-28T19:16:07.273-04:00 Order failure | productId=1301 | userId=427 | quantity=936 | status=FAILED | reason=Insufficient quantity for product id: 1301. Requested: 936, available: 9
2026-07-28T19:16:07.278-04:00 Order failure | productId=11234 | userId=428 | quantity=726 | status=FAILED | reason=Insufficient quantity for product id: 11234. Requested: 726, available: 2
2026-07-28T19:16:07.282-04:00 Order failure | productId=11234 | userId=429 | quantity=655 | status=FAILED | reason=Insufficient quantity for product id: 11234. Requested: 655, available: 2
2026-07-28T19:16:07.288-04:00 Order failure | productId=1301 | userId=430 | quantity=358 | status=FAILED | reason=Insufficient quantity for product id: 1301. Requested: 358, available: 9
2026-07-28T19:16:07.292-04:00 Order failure | productId=1301 | userId=431 | quantity=333 | status=FAILED | reason=Insufficient quantity for product id: 1301. Requested: 333, available: 9
2026-07-28T19:16:07.297-04:00 Order failure | productId=1301 | userId=432 | quantity=297 | status=FAILED | reason=Insufficient quantity for product id: 1301. Requested: 297, available: 9
2026-07-28T19:16:07.302-04:00 Order failure | productId=11234 | userId=433 | quantity=513 | status=FAILED | reason=Insufficient quantity for product id: 11234. Requested: 513, available: 2
2026-07-28T19:16:07.306-04:00 Order failure | productId=1301 | userId=434 | quantity=23 | status=FAILED | reason=Insufficient quantity for product id: 1301. Requested: 23, available: 9
2026-07-28T19:16:07.312-04:00 Order failure | productId=11234 | userId=435 | quantity=806 | status=FAILED | reason=Insufficient quantity for product id: 11234. Requested: 806, available: 2
2026-07-28T19:16:07.316-04:00 Order failure | productId=11234 | userId=436 | quantity=578 | status=FAILED | reason=Insufficient quantity for product id: 11234. Requested: 578, available: 2
2026-07-28T19:16:07.321-04:00 Order failure | productId=1301 | userId=437 | quantity=259 | status=FAILED | reason=Insufficient quantity for product id: 1301. Requested: 259, available: 9
2026-07-28T19:16:07.327-04:00 Order failure | productId=1301 | userId=438 | quantity=400 | status=FAILED | reason=Insufficient quantity for product id: 1301. Requested: 400, available: 9
2026-07-28T19:16:07.333-04:00 Order failure | productId=11234 | userId=439 | quantity=452 | status=FAILED | reason=Insufficient quantity for product id: 11234. Requested: 452, available: 2
2026-07-28T19:16:07.338-04:00 Order failure | productId=11234 | userId=440 | quantity=612 | status=FAILED | reason=Insufficient quantity for product id: 11234. Requested: 612, available: 2
2026-07-28T19:16:07.343-04:00 Order failure | productId=11234 | userId=441 | quantity=657 | status=FAILED | reason=Insufficient quantity for product id: 11234. Requested: 657, available: 2
2026-07-28T19:16:07.348-04:00 Order failure | productId=1301 | userId=442 | quantity=741 | status=FAILED | reason=Insufficient quantity for product id: 1301. Requested: 741, available: 9
2026-07-28T19:16:07.354-04:00 Order failure | productId=1301 | userId=443 | quantity=998 | status=FAILED | reason=Insufficient quantity for product id: 1301. Requested: 998, available: 9
2026-07-28T19:16:07.358-04:00 Order failure | productId=1301 | userId=444 | quantity=891 | status=FAILED | reason=Insufficient quantity for product id: 1301. Requested: 891, available: 9
2026-07-28T19:16:07.363-04:00 Order failure | productId=1301 | userId=445 | quantity=977 | status=FAILED | reason=Insufficient quantity for product id: 1301. Requested: 977, available: 9
2026-07-28T19:16:07.368-04:00 Order failure | productId=1301 | userId=446 | quantity=553 | status=FAILED | reason=Insufficient quantity for product id: 1301. Requested: 553, available: 9
2026-07-28T19:16:07.374-04:00 Order failure | productId=1301 | userId=447 | quantity=124 | status=FAILED | reason=Insufficient quantity for product id: 1301. Requested: 124, available: 9
2026-07-28T19:16:07.378-04:00 Order failure | productId=1301 | userId=448 | quantity=367 | status=FAILED | reason=Insufficient quantity for product id: 1301. Requested: 367, available: 9
2026-07-28T19:16:07.383-04:00 Order failure | productId=1301 | userId=449 | quantity=617 | status=FAILED | reason=Insufficient quantity for product id: 1301. Requested: 617, available: 9
2026-07-28T19:16:07.387-04:00 Order failure | productId=11234 | userId=450 | quantity=966 | status=FAILED | reason=Insufficient quantity for product id: 11234. Requested: 966, available: 2
2026-07-28T19:16:07.393-04:00 Order failure | productId=11234 | userId=451 | quantity=854 | status=FAILED | reason=Insufficient quantity for product id: 11234. Requested: 854, available: 2
2026-07-28T19:16:07.399-04:00 Order failure | productId=1301 | userId=452 | quantity=98 | status=FAILED | reason=Insufficient quantity for product id: 1301. Requested: 98, available: 9
2026-07-28T19:16:07.403-04:00 Order failure | productId=11234 | userId=453 | quantity=871 | status=FAILED | reason=Insufficient quantity for product id: 11234. Requested: 871, available: 2
2026-07-28T19:16:07.407-04:00 Order failure | productId=1301 | userId=454 | quantity=274 | status=FAILED | reason=Insufficient quantity for product id: 1301. Requested: 274, available: 9
2026-07-28T19:16:07.412-04:00 Order failure | productId=1301 | userId=455 | quantity=906 | status=FAILED | reason=Insufficient quantity for product id: 1301. Requested: 906, available: 9
2026-07-28T19:16:07.418-04:00 Order failure | productId=1301 | userId=456 | quantity=328 | status=FAILED | reason=Insufficient quantity for product id: 1301. Requested: 328, available: 9
2026-07-28T19:16:07.422-04:00 Order failure | productId=1301 | userId=457 | quantity=634 | status=FAILED | reason=Insufficient quantity for product id: 1301. Requested: 634, available: 9
2026-07-28T19:16:07.427-04:00 Order failure | productId=1301 | userId=458 | quantity=344 | status=FAILED | reason=Insufficient quantity for product id: 1301. Requested: 344, available: 9
2026-07-28T19:16:07.433-04:00 Order failure | productId=11234 | userId=459 | quantity=672 | status=FAILED | reason=Insufficient quantity for product id: 11234. Requested: 672, available: 2
2026-07-28T19:16:07.437-04:00 Order failure | productId=1301 | userId=460 | quantity=936 | status=FAILED | reason=Insufficient quantity for product id: 1301. Requested: 936, available: 9
2026-07-28T19:16:07.443-04:00 Order failure | productId=11234 | userId=461 | quantity=497 | status=FAILED | reason=Insufficient quantity for product id: 11234. Requested: 497, available: 2
2026-07-28T19:16:07.450-04:00 Order failure | productId=11234 | userId=462 | quantity=603 | status=FAILED | reason=Insufficient quantity for product id: 11234. Requested: 603, available: 2
2026-07-28T19:16:07.453-04:00 Order failure | productId=11234 | userId=463 | quantity=143 | status=FAILED | reason=Insufficient quantity for product id: 11234. Requested: 143, available: 2
2026-07-28T19:16:07.457-04:00 Order failure | productId=1301 | userId=464 | quantity=259 | status=FAILED | reason=Insufficient quantity for product id: 1301. Requested: 259, available: 9
2026-07-28T19:16:07.463-04:00 Order failure | productId=1301 | userId=465 | quantity=651 | status=FAILED | reason=Insufficient quantity for product id: 1301. Requested: 651, available: 9
2026-07-28T19:16:07.469-04:00 Order failure | productId=11234 | userId=466 | quantity=403 | status=FAILED | reason=Insufficient quantity for product id: 11234. Requested: 403, available: 2
2026-07-28T19:16:07.472-04:00 Order failure | productId=1301 | userId=467 | quantity=479 | status=FAILED | reason=Insufficient quantity for product id: 1301. Requested: 479, available: 9
2026-07-28T19:16:07.477-04:00 Order failure | productId=11234 | userId=468 | quantity=533 | status=FAILED | reason=Insufficient quantity for product id: 11234. Requested: 533, available: 2
2026-07-28T19:16:07.483-04:00 Order failure | productId=1301 | userId=469 | quantity=243 | status=FAILED | reason=Insufficient quantity for product id: 1301. Requested: 243, available: 9
2026-07-28T19:16:07.487-04:00 Order failure | productId=1301 | userId=470 | quantity=334 | status=FAILED | reason=Insufficient quantity for product id: 1301. Requested: 334, available: 9
2026-07-28T19:16:07.493-04:00 Order failure | productId=11234 | userId=471 | quantity=407 | status=FAILED | reason=Insufficient quantity for product id: 11234. Requested: 407, available: 2
2026-07-28T19:16:07.499-04:00 Order failure | productId=11234 | userId=472 | quantity=530 | status=FAILED | reason=Insufficient quantity for product id: 11234. Requested: 530, available: 2
2026-07-28T19:16:07.504-04:00 Order failure | productId=1301 | userId=473 | quantity=472 | status=FAILED | reason=Insufficient quantity for product id: 1301. Requested: 472, available: 9
2026-07-28T19:16:07.509-04:00 Order failure | productId=11234 | userId=474 | quantity=439 | status=FAILED | reason=Insufficient quantity for product id: 11234. Requested: 439, available: 2
2026-07-28T19:16:07.514-04:00 Order failure | productId=11234 | userId=475 | quantity=218 | status=FAILED | reason=Insufficient quantity for product id: 11234. Requested: 218, available: 2
2026-07-28T19:16:07.519-04:00 Order failure | productId=1301 | userId=476 | quantity=887 | status=FAILED | reason=Insufficient quantity for product id: 1301. Requested: 887, available: 9
2026-07-28T19:16:07.523-04:00 Order failure | productId=1301 | userId=477 | quantity=952 | status=FAILED | reason=Insufficient quantity for product id: 1301. Requested: 952, available: 9
2026-07-28T19:16:07.527-04:00 Order failure | productId=1301 | userId=478 | quantity=940 | status=FAILED | reason=Insufficient quantity for product id: 1301. Requested: 940, available: 9
2026-07-28T19:16:07.534-04:00 Order failure | productId=1301 | userId=479 | quantity=66 | status=FAILED | reason=Insufficient quantity for product id: 1301. Requested: 66, available: 9
2026-07-28T19:16:07.538-04:00 Order failure | productId=11234 | userId=480 | quantity=421 | status=FAILED | reason=Insufficient quantity for product id: 11234. Requested: 421, available: 2
2026-07-28T19:16:07.543-04:00 Order failure | productId=11234 | userId=481 | quantity=325 | status=FAILED | reason=Insufficient quantity for product id: 11234. Requested: 325, available: 2
2026-07-28T19:16:07.547-04:00 Order failure | productId=11234 | userId=482 | quantity=120 | status=FAILED | reason=Insufficient quantity for product id: 11234. Requested: 120, available: 2
2026-07-28T19:16:07.553-04:00 Order failure | productId=11234 | userId=483 | quantity=551 | status=FAILED | reason=Insufficient quantity for product id: 11234. Requested: 551, available: 2
2026-07-28T19:16:07.557-04:00 Order failure | productId=1301 | userId=484 | quantity=32 | status=FAILED | reason=Insufficient quantity for product id: 1301. Requested: 32, available: 9
2026-07-28T19:16:07.564-04:00 Order failure | productId=1301 | userId=485 | quantity=372 | status=FAILED | reason=Insufficient quantity for product id: 1301. Requested: 372, available: 9
2026-07-28T19:16:07.569-04:00 Order failure | productId=11234 | userId=486 | quantity=626 | status=FAILED | reason=Insufficient quantity for product id: 11234. Requested: 626, available: 2
2026-07-28T19:16:07.572-04:00 Order failure | productId=11234 | userId=487 | quantity=467 | status=FAILED | reason=Insufficient quantity for product id: 11234. Requested: 467, available: 2
2026-07-28T19:16:07.577-04:00 Order failure | productId=1301 | userId=488 | quantity=437 | status=FAILED | reason=Insufficient quantity for product id: 1301. Requested: 437, available: 9
2026-07-28T19:16:07.584-04:00 Order failure | productId=1301 | userId=489 | quantity=195 | status=FAILED | reason=Insufficient quantity for product id: 1301. Requested: 195, available: 9
2026-07-28T19:16:07.588-04:00 Order failure | productId=11234 | userId=490 | quantity=251 | status=FAILED | reason=Insufficient quantity for product id: 11234. Requested: 251, available: 2
2026-07-28T19:16:07.592-04:00 Order failure | productId=1301 | userId=491 | quantity=960 | status=FAILED | reason=Insufficient quantity for product id: 1301. Requested: 960, available: 9
2026-07-28T19:16:07.599-04:00 Order failure | productId=1301 | userId=492 | quantity=416 | status=FAILED | reason=Insufficient quantity for product id: 1301. Requested: 416, available: 9
2026-07-28T19:16:07.601-04:00 Order failure | productId=1301 | userId=493 | quantity=636 | status=FAILED | reason=Insufficient quantity for product id: 1301. Requested: 636, available: 9
2026-07-28T19:16:07.607-04:00 Order failure | productId=11234 | userId=494 | quantity=801 | status=FAILED | reason=Insufficient quantity for product id: 11234. Requested: 801, available: 2
2026-07-28T19:16:07.613-04:00 Order failure | productId=1301 | userId=495 | quantity=710 | status=FAILED | reason=Insufficient quantity for product id: 1301. Requested: 710, available: 9
2026-07-28T19:16:07.617-04:00 Order failure | productId=1301 | userId=496 | quantity=414 | status=FAILED | reason=Insufficient quantity for product id: 1301. Requested: 414, available: 9
2026-07-28T19:16:07.622-04:00 Order failure | productId=11234 | userId=497 | quantity=362 | status=FAILED | reason=Insufficient quantity for product id: 11234. Requested: 362, available: 2
2026-07-28T19:16:07.627-04:00 Order failure | productId=1301 | userId=498 | quantity=472 | status=FAILED | reason=Insufficient quantity for product id: 1301. Requested: 472, available: 9
2026-07-28T19:16:07.633-04:00 Order failure | productId=11234 | userId=499 | quantity=827 | status=FAILED | reason=Insufficient quantity for product id: 11234. Requested: 827, available: 2
2026-07-28T19:16:07.638-04:00 Order failure | productId=1301 | userId=500 | quantity=362 | status=FAILED | reason=Insufficient quantity for product id: 1301. Requested: 362, available: 9
2026-07-28T19:16:07.642-04:00 Order failure | productId=11234 | userId=501 | quantity=114 | status=FAILED | reason=Insufficient quantity for product id: 11234. Requested: 114, available: 2
2026-07-28T19:16:07.648-04:00 Order failure | productId=1301 | userId=502 | quantity=929 | status=FAILED | reason=Insufficient quantity for product id: 1301. Requested: 929, available: 9
2026-07-28T19:16:07.653-04:00 Order failure | productId=1301 | userId=503 | quantity=625 | status=FAILED | reason=Insufficient quantity for product id: 1301. Requested: 625, available: 9
2026-07-28T19:16:07.657-04:00 Order failure | productId=11234 | userId=504 | quantity=136 | status=FAILED | reason=Insufficient quantity for product id: 11234. Requested: 136, available: 2
2026-07-28T19:16:07.661-04:00 Order failure | productId=1301 | userId=505 | quantity=826 | status=FAILED | reason=Insufficient quantity for product id: 1301. Requested: 826, available: 9
2026-07-28T19:16:07.668-04:00 Order failure | productId=1301 | userId=506 | quantity=341 | status=FAILED | reason=Insufficient quantity for product id: 1301. Requested: 341, available: 9
2026-07-28T19:16:07.678-04:00 Order failure | productId=1301 | userId=508 | quantity=972 | status=FAILED | reason=Insufficient quantity for product id: 1301. Requested: 972, available: 9
2026-07-28T19:16:07.683-04:00 Order failure | productId=11234 | userId=509 | quantity=579 | status=FAILED | reason=Insufficient quantity for product id: 11234. Requested: 579, available: 2
2026-07-28T19:16:07.684-04:00 Order failure | productId=1301 | userId=507 | quantity=798 | status=FAILED | reason=Insufficient quantity for product id: 1301. Requested: 798, available: 9
2026-07-28T19:16:07.688-04:00 Order failure | productId=11234 | userId=510 | quantity=168 | status=FAILED | reason=Insufficient quantity for product id: 11234. Requested: 168, available: 2
2026-07-28T19:16:07.692-04:00 Order failure | productId=11234 | userId=511 | quantity=240 | status=FAILED | reason=Insufficient quantity for product id: 11234. Requested: 240, available: 2
2026-07-28T19:16:07.701-04:00 Order failure | productId=11234 | userId=512 | quantity=846 | status=FAILED | reason=Insufficient quantity for product id: 11234. Requested: 846, available: 2
2026-07-28T19:16:07.706-04:00 Order failure | productId=11234 | userId=513 | quantity=563 | status=FAILED | reason=Insufficient quantity for product id: 11234. Requested: 563, available: 2
2026-07-28T19:16:07.709-04:00 Order failure | productId=1301 | userId=514 | quantity=928 | status=FAILED | reason=Insufficient quantity for product id: 1301. Requested: 928, available: 9
2026-07-28T19:16:07.716-04:00 Order failure | productId=11234 | userId=515 | quantity=425 | status=FAILED | reason=Insufficient quantity for product id: 11234. Requested: 425, available: 2
2026-07-28T19:16:07.720-04:00 Order failure | productId=1301 | userId=516 | quantity=221 | status=FAILED | reason=Insufficient quantity for product id: 1301. Requested: 221, available: 9
2026-07-28T19:16:07.724-04:00 Order failure | productId=11234 | userId=517 | quantity=633 | status=FAILED | reason=Insufficient quantity for product id: 11234. Requested: 633, available: 2
2026-07-28T19:16:07.733-04:00 Order failure | productId=1301 | userId=518 | quantity=882 | status=FAILED | reason=Insufficient quantity for product id: 1301. Requested: 882, available: 9
2026-07-28T19:16:07.735-04:00 Order failure | productId=11234 | userId=519 | quantity=137 | status=FAILED | reason=Insufficient quantity for product id: 11234. Requested: 137, available: 2
2026-07-28T19:16:07.740-04:00 Order failure | productId=1301 | userId=520 | quantity=552 | status=FAILED | reason=Insufficient quantity for product id: 1301. Requested: 552, available: 9
2026-07-28T19:16:07.745-04:00 Order failure | productId=1301 | userId=521 | quantity=623 | status=FAILED | reason=Insufficient quantity for product id: 1301. Requested: 623, available: 9
2026-07-28T19:16:07.749-04:00 Order failure | productId=11234 | userId=522 | quantity=571 | status=FAILED | reason=Insufficient quantity for product id: 11234. Requested: 571, available: 2
2026-07-28T19:16:07.754-04:00 Order failure | productId=1301 | userId=523 | quantity=74 | status=FAILED | reason=Insufficient quantity for product id: 1301. Requested: 74, available: 9
2026-07-28T19:16:07.759-04:00 Order failure | productId=1301 | userId=524 | quantity=972 | status=FAILED | reason=Insufficient quantity for product id: 1301. Requested: 972, available: 9
2026-07-28T19:16:07.764-04:00 Order failure | productId=1301 | userId=525 | quantity=845 | status=FAILED | reason=Insufficient quantity for product id: 1301. Requested: 845, available: 9
2026-07-28T19:16:07.773-04:00 Order failure | productId=1301 | userId=526 | quantity=514 | status=FAILED | reason=Insufficient quantity for product id: 1301. Requested: 514, available: 9
2026-07-28T19:16:07.778-04:00 Order failure | productId=11234 | userId=528 | quantity=767 | status=FAILED | reason=Insufficient quantity for product id: 11234. Requested: 767, available: 2
2026-07-28T19:16:07.778-04:00 Order failure | productId=11234 | userId=527 | quantity=557 | status=FAILED | reason=Insufficient quantity for product id: 11234. Requested: 557, available: 2
2026-07-28T19:16:07.785-04:00 Order failure | productId=11234 | userId=529 | quantity=446 | status=FAILED | reason=Insufficient quantity for product id: 11234. Requested: 446, available: 2
2026-07-28T19:16:07.788-04:00 Order failure | productId=11234 | userId=530 | quantity=129 | status=FAILED | reason=Insufficient quantity for product id: 11234. Requested: 129, available: 2
2026-07-28T19:16:07.793-04:00 Order failure | productId=11234 | userId=531 | quantity=944 | status=FAILED | reason=Insufficient quantity for product id: 11234. Requested: 944, available: 2
2026-07-28T19:16:07.799-04:00 Order failure | productId=11234 | userId=532 | quantity=243 | status=FAILED | reason=Insufficient quantity for product id: 11234. Requested: 243, available: 2
2026-07-28T19:16:07.805-04:00 Order failure | productId=1301 | userId=533 | quantity=936 | status=FAILED | reason=Insufficient quantity for product id: 1301. Requested: 936, available: 9
2026-07-28T19:16:07.807-04:00 Order failure | productId=1301 | userId=534 | quantity=960 | status=FAILED | reason=Insufficient quantity for product id: 1301. Requested: 960, available: 9
2026-07-28T19:16:07.816-04:00 Order success | productId=1301 | userId=535 | quantity=4 | status=SUCCESS
2026-07-28T19:16:07.817-04:00 Order failure | productId=11234 | userId=536 | quantity=816 | status=FAILED | reason=Insufficient quantity for product id: 11234. Requested: 816, available: 2
2026-07-28T19:16:07.823-04:00 Order failure | productId=11234 | userId=537 | quantity=532 | status=FAILED | reason=Insufficient quantity for product id: 11234. Requested: 532, available: 2
2026-07-28T19:16:07.828-04:00 Order failure | productId=11234 | userId=538 | quantity=188 | status=FAILED | reason=Insufficient quantity for product id: 11234. Requested: 188, available: 2
2026-07-28T19:16:07.834-04:00 Order failure | productId=11234 | userId=539 | quantity=191 | status=FAILED | reason=Insufficient quantity for product id: 11234. Requested: 191, available: 2
2026-07-28T19:16:07.838-04:00 Order failure | productId=11234 | userId=540 | quantity=401 | status=FAILED | reason=Insufficient quantity for product id: 11234. Requested: 401, available: 2
2026-07-28T19:16:07.842-04:00 Order failure | productId=11234 | userId=541 | quantity=756 | status=FAILED | reason=Insufficient quantity for product id: 11234. Requested: 756, available: 2
2026-07-28T19:16:07.847-04:00 Order failure | productId=11234 | userId=542 | quantity=95 | status=FAILED | reason=Insufficient quantity for product id: 11234. Requested: 95, available: 2
2026-07-28T19:16:07.852-04:00 Order failure | productId=1301 | userId=543 | quantity=142 | status=FAILED | reason=Insufficient quantity for product id: 1301. Requested: 142, available: 5
2026-07-28T19:16:07.857-04:00 Order failure | productId=1301 | userId=544 | quantity=645 | status=FAILED | reason=Insufficient quantity for product id: 1301. Requested: 645, available: 5
2026-07-28T19:16:07.862-04:00 Order failure | productId=1301 | userId=545 | quantity=639 | status=FAILED | reason=Insufficient quantity for product id: 1301. Requested: 639, available: 5
2026-07-28T19:16:07.867-04:00 Order failure | productId=1301 | userId=546 | quantity=390 | status=FAILED | reason=Insufficient quantity for product id: 1301. Requested: 390, available: 5
2026-07-28T19:16:07.872-04:00 Order failure | productId=11234 | userId=547 | quantity=125 | status=FAILED | reason=Insufficient quantity for product id: 11234. Requested: 125, available: 2
2026-07-28T19:16:07.876-04:00 Order failure | productId=11234 | userId=548 | quantity=425 | status=FAILED | reason=Insufficient quantity for product id: 11234. Requested: 425, available: 2
2026-07-28T19:16:07.882-04:00 Order failure | productId=11234 | userId=549 | quantity=536 | status=FAILED | reason=Insufficient quantity for product id: 11234. Requested: 536, available: 2
2026-07-28T19:16:07.887-04:00 Order failure | productId=11234 | userId=550 | quantity=355 | status=FAILED | reason=Insufficient quantity for product id: 11234. Requested: 355, available: 2
2026-07-28T19:16:07.893-04:00 Order failure | productId=1301 | userId=551 | quantity=554 | status=FAILED | reason=Insufficient quantity for product id: 1301. Requested: 554, available: 5
2026-07-28T19:16:07.897-04:00 Order failure | productId=11234 | userId=552 | quantity=724 | status=FAILED | reason=Insufficient quantity for product id: 11234. Requested: 724, available: 2
2026-07-28T19:16:07.901-04:00 Order failure | productId=1301 | userId=553 | quantity=220 | status=FAILED | reason=Insufficient quantity for product id: 1301. Requested: 220, available: 5
2026-07-28T19:16:07.907-04:00 Order failure | productId=11234 | userId=554 | quantity=881 | status=FAILED | reason=Insufficient quantity for product id: 11234. Requested: 881, available: 2
2026-07-28T19:16:07.912-04:00 Order failure | productId=1301 | userId=555 | quantity=717 | status=FAILED | reason=Insufficient quantity for product id: 1301. Requested: 717, available: 5
2026-07-28T19:16:07.917-04:00 Order failure | productId=1301 | userId=556 | quantity=903 | status=FAILED | reason=Insufficient quantity for product id: 1301. Requested: 903, available: 5
2026-07-28T19:16:07.922-04:00 Order failure | productId=11234 | userId=557 | quantity=802 | status=FAILED | reason=Insufficient quantity for product id: 11234. Requested: 802, available: 2
2026-07-28T19:16:07.927-04:00 Order failure | productId=1301 | userId=558 | quantity=413 | status=FAILED | reason=Insufficient quantity for product id: 1301. Requested: 413, available: 5
2026-07-28T19:16:07.932-04:00 Order failure | productId=1301 | userId=559 | quantity=101 | status=FAILED | reason=Insufficient quantity for product id: 1301. Requested: 101, available: 5
2026-07-28T19:16:07.937-04:00 Order failure | productId=11234 | userId=560 | quantity=668 | status=FAILED | reason=Insufficient quantity for product id: 11234. Requested: 668, available: 2
2026-07-28T19:16:07.943-04:00 Order failure | productId=11234 | userId=561 | quantity=75 | status=FAILED | reason=Insufficient quantity for product id: 11234. Requested: 75, available: 2
2026-07-28T19:16:07.947-04:00 Order failure | productId=1301 | userId=562 | quantity=831 | status=FAILED | reason=Insufficient quantity for product id: 1301. Requested: 831, available: 5
2026-07-28T19:16:07.951-04:00 Order failure | productId=1301 | userId=563 | quantity=364 | status=FAILED | reason=Insufficient quantity for product id: 1301. Requested: 364, available: 5
2026-07-28T19:16:07.957-04:00 Order failure | productId=11234 | userId=564 | quantity=294 | status=FAILED | reason=Insufficient quantity for product id: 11234. Requested: 294, available: 2
2026-07-28T19:16:07.961-04:00 Order failure | productId=1301 | userId=565 | quantity=400 | status=FAILED | reason=Insufficient quantity for product id: 1301. Requested: 400, available: 5
2026-07-28T19:16:07.966-04:00 Order failure | productId=11234 | userId=566 | quantity=66 | status=FAILED | reason=Insufficient quantity for product id: 11234. Requested: 66, available: 2
2026-07-28T19:16:07.971-04:00 Order failure | productId=1301 | userId=567 | quantity=733 | status=FAILED | reason=Insufficient quantity for product id: 1301. Requested: 733, available: 5
2026-07-28T19:16:07.976-04:00 Order failure | productId=1301 | userId=568 | quantity=890 | status=FAILED | reason=Insufficient quantity for product id: 1301. Requested: 890, available: 5
2026-07-28T19:16:07.997-04:00 Order failure | productId=1301 | userId=570 | quantity=594 | status=FAILED | reason=Insufficient quantity for product id: 1301. Requested: 594, available: 5
2026-07-28T19:16:07.997-04:00 Order failure | productId=11234 | userId=571 | quantity=400 | status=FAILED | reason=Insufficient quantity for product id: 11234. Requested: 400, available: 2
2026-07-28T19:16:07.997-04:00 Order failure | productId=11234 | userId=572 | quantity=719 | status=FAILED | reason=Insufficient quantity for product id: 11234. Requested: 719, available: 2
2026-07-28T19:16:08.001-04:00 Order failure | productId=1301 | userId=573 | quantity=108 | status=FAILED | reason=Insufficient quantity for product id: 1301. Requested: 108, available: 5
2026-07-28T19:16:08.001-04:00 Order failure | productId=11234 | userId=569 | quantity=527 | status=FAILED | reason=Insufficient quantity for product id: 11234. Requested: 527, available: 2
2026-07-28T19:16:08.006-04:00 Order failure | productId=1301 | userId=574 | quantity=240 | status=FAILED | reason=Insufficient quantity for product id: 1301. Requested: 240, available: 5
2026-07-28T19:16:08.012-04:00 Order failure | productId=1301 | userId=575 | quantity=409 | status=FAILED | reason=Insufficient quantity for product id: 1301. Requested: 409, available: 5
2026-07-28T19:16:08.016-04:00 Order failure | productId=1301 | userId=576 | quantity=734 | status=FAILED | reason=Insufficient quantity for product id: 1301. Requested: 734, available: 5
2026-07-28T19:16:08.021-04:00 Order failure | productId=11234 | userId=577 | quantity=668 | status=FAILED | reason=Insufficient quantity for product id: 11234. Requested: 668, available: 2
2026-07-28T19:16:08.026-04:00 Order failure | productId=1301 | userId=578 | quantity=491 | status=FAILED | reason=Insufficient quantity for product id: 1301. Requested: 491, available: 5
2026-07-28T19:16:08.031-04:00 Order failure | productId=11234 | userId=579 | quantity=556 | status=FAILED | reason=Insufficient quantity for product id: 11234. Requested: 556, available: 2
2026-07-28T19:16:08.037-04:00 Order failure | productId=11234 | userId=580 | quantity=533 | status=FAILED | reason=Insufficient quantity for product id: 11234. Requested: 533, available: 2
2026-07-28T19:16:08.042-04:00 Order failure | productId=1301 | userId=581 | quantity=322 | status=FAILED | reason=Insufficient quantity for product id: 1301. Requested: 322, available: 5
2026-07-28T19:16:08.046-04:00 Order failure | productId=1301 | userId=582 | quantity=370 | status=FAILED | reason=Insufficient quantity for product id: 1301. Requested: 370, available: 5
2026-07-28T19:16:08.052-04:00 Order failure | productId=11234 | userId=583 | quantity=686 | status=FAILED | reason=Insufficient quantity for product id: 11234. Requested: 686, available: 2
2026-07-28T19:16:08.056-04:00 Order failure | productId=11234 | userId=584 | quantity=273 | status=FAILED | reason=Insufficient quantity for product id: 11234. Requested: 273, available: 2
2026-07-28T19:16:08.060-04:00 Order failure | productId=11234 | userId=585 | quantity=27 | status=FAILED | reason=Insufficient quantity for product id: 11234. Requested: 27, available: 2
2026-07-28T19:16:08.067-04:00 Order failure | productId=11234 | userId=586 | quantity=113 | status=FAILED | reason=Insufficient quantity for product id: 11234. Requested: 113, available: 2
2026-07-28T19:16:08.071-04:00 Order failure | productId=1301 | userId=587 | quantity=754 | status=FAILED | reason=Insufficient quantity for product id: 1301. Requested: 754, available: 5
2026-07-28T19:16:08.077-04:00 Order failure | productId=1301 | userId=588 | quantity=288 | status=FAILED | reason=Insufficient quantity for product id: 1301. Requested: 288, available: 5
2026-07-28T19:16:08.082-04:00 Order failure | productId=11234 | userId=589 | quantity=823 | status=FAILED | reason=Insufficient quantity for product id: 11234. Requested: 823, available: 2
2026-07-28T19:16:08.086-04:00 Order failure | productId=11234 | userId=590 | quantity=184 | status=FAILED | reason=Insufficient quantity for product id: 11234. Requested: 184, available: 2
2026-07-28T19:16:08.091-04:00 Order failure | productId=1301 | userId=591 | quantity=695 | status=FAILED | reason=Insufficient quantity for product id: 1301. Requested: 695, available: 5
2026-07-28T19:16:08.097-04:00 Order failure | productId=1301 | userId=592 | quantity=995 | status=FAILED | reason=Insufficient quantity for product id: 1301. Requested: 995, available: 5
2026-07-28T19:16:08.102-04:00 Order failure | productId=1301 | userId=593 | quantity=851 | status=FAILED | reason=Insufficient quantity for product id: 1301. Requested: 851, available: 5
2026-07-28T19:16:08.107-04:00 Order failure | productId=11234 | userId=594 | quantity=609 | status=FAILED | reason=Insufficient quantity for product id: 11234. Requested: 609, available: 2
2026-07-28T19:16:08.111-04:00 Order failure | productId=1301 | userId=595 | quantity=502 | status=FAILED | reason=Insufficient quantity for product id: 1301. Requested: 502, available: 5
2026-07-28T19:16:08.117-04:00 Order failure | productId=11234 | userId=596 | quantity=958 | status=FAILED | reason=Insufficient quantity for product id: 11234. Requested: 958, available: 2
2026-07-28T19:16:08.122-04:00 Order failure | productId=11234 | userId=597 | quantity=103 | status=FAILED | reason=Insufficient quantity for product id: 11234. Requested: 103, available: 2
2026-07-28T19:16:08.126-04:00 Order failure | productId=1301 | userId=598 | quantity=990 | status=FAILED | reason=Insufficient quantity for product id: 1301. Requested: 990, available: 5
2026-07-28T19:16:08.132-04:00 Order failure | productId=11234 | userId=599 | quantity=730 | status=FAILED | reason=Insufficient quantity for product id: 11234. Requested: 730, available: 2
2026-07-28T19:16:08.137-04:00 Order failure | productId=11234 | userId=600 | quantity=459 | status=FAILED | reason=Insufficient quantity for product id: 11234. Requested: 459, available: 2
2026-07-28T19:16:08.141-04:00 Order failure | productId=1301 | userId=601 | quantity=750 | status=FAILED | reason=Insufficient quantity for product id: 1301. Requested: 750, available: 5
2026-07-28T19:16:08.147-04:00 Order failure | productId=1301 | userId=602 | quantity=925 | status=FAILED | reason=Insufficient quantity for product id: 1301. Requested: 925, available: 5
2026-07-28T19:16:08.152-04:00 Order failure | productId=11234 | userId=603 | quantity=872 | status=FAILED | reason=Insufficient quantity for product id: 11234. Requested: 872, available: 2
2026-07-28T19:16:08.156-04:00 Order failure | productId=1301 | userId=604 | quantity=503 | status=FAILED | reason=Insufficient quantity for product id: 1301. Requested: 503, available: 5
2026-07-28T19:16:08.162-04:00 Order failure | productId=11234 | userId=605 | quantity=543 | status=FAILED | reason=Insufficient quantity for product id: 11234. Requested: 543, available: 2
2026-07-28T19:16:08.167-04:00 Order failure | productId=1301 | userId=606 | quantity=973 | status=FAILED | reason=Insufficient quantity for product id: 1301. Requested: 973, available: 5
2026-07-28T19:16:08.173-04:00 Order failure | productId=1301 | userId=607 | quantity=430 | status=FAILED | reason=Insufficient quantity for product id: 1301. Requested: 430, available: 5
2026-07-28T19:16:08.176-04:00 Order failure | productId=1301 | userId=608 | quantity=137 | status=FAILED | reason=Insufficient quantity for product id: 1301. Requested: 137, available: 5
2026-07-28T19:16:08.182-04:00 Order failure | productId=11234 | userId=609 | quantity=966 | status=FAILED | reason=Insufficient quantity for product id: 11234. Requested: 966, available: 2
2026-07-28T19:16:08.186-04:00 Order failure | productId=1301 | userId=610 | quantity=852 | status=FAILED | reason=Insufficient quantity for product id: 1301. Requested: 852, available: 5
2026-07-28T19:16:08.191-04:00 Order failure | productId=11234 | userId=611 | quantity=902 | status=FAILED | reason=Insufficient quantity for product id: 11234. Requested: 902, available: 2
2026-07-28T19:16:08.196-04:00 Order failure | productId=11234 | userId=612 | quantity=468 | status=FAILED | reason=Insufficient quantity for product id: 11234. Requested: 468, available: 2
2026-07-28T19:16:08.201-04:00 Order failure | productId=1301 | userId=613 | quantity=130 | status=FAILED | reason=Insufficient quantity for product id: 1301. Requested: 130, available: 5
2026-07-28T19:16:08.205-04:00 Order failure | productId=11234 | userId=614 | quantity=491 | status=FAILED | reason=Insufficient quantity for product id: 11234. Requested: 491, available: 2
2026-07-28T19:16:08.211-04:00 Order failure | productId=1301 | userId=615 | quantity=96 | status=FAILED | reason=Insufficient quantity for product id: 1301. Requested: 96, available: 5
2026-07-28T19:16:08.216-04:00 Order failure | productId=1301 | userId=616 | quantity=634 | status=FAILED | reason=Insufficient quantity for product id: 1301. Requested: 634, available: 5
2026-07-28T19:16:08.220-04:00 Order failure | productId=11234 | userId=617 | quantity=206 | status=FAILED | reason=Insufficient quantity for product id: 11234. Requested: 206, available: 2
2026-07-28T19:16:08.225-04:00 Order failure | productId=1301 | userId=618 | quantity=332 | status=FAILED | reason=Insufficient quantity for product id: 1301. Requested: 332, available: 5
2026-07-28T19:16:08.232-04:00 Order failure | productId=1301 | userId=619 | quantity=81 | status=FAILED | reason=Insufficient quantity for product id: 1301. Requested: 81, available: 5
2026-07-28T19:16:08.236-04:00 Order failure | productId=11234 | userId=620 | quantity=82 | status=FAILED | reason=Insufficient quantity for product id: 11234. Requested: 82, available: 2
2026-07-28T19:16:08.242-04:00 Order failure | productId=1301 | userId=621 | quantity=722 | status=FAILED | reason=Insufficient quantity for product id: 1301. Requested: 722, available: 5
2026-07-28T19:16:08.247-04:00 Order failure | productId=11234 | userId=622 | quantity=263 | status=FAILED | reason=Insufficient quantity for product id: 11234. Requested: 263, available: 2
2026-07-28T19:16:08.252-04:00 Order failure | productId=11234 | userId=623 | quantity=145 | status=FAILED | reason=Insufficient quantity for product id: 11234. Requested: 145, available: 2
2026-07-28T19:16:08.257-04:00 Order failure | productId=1301 | userId=624 | quantity=577 | status=FAILED | reason=Insufficient quantity for product id: 1301. Requested: 577, available: 5
2026-07-28T19:16:08.263-04:00 Order failure | productId=11234 | userId=625 | quantity=740 | status=FAILED | reason=Insufficient quantity for product id: 11234. Requested: 740, available: 2
2026-07-28T19:16:08.267-04:00 Order failure | productId=1301 | userId=626 | quantity=445 | status=FAILED | reason=Insufficient quantity for product id: 1301. Requested: 445, available: 5
2026-07-28T19:16:08.271-04:00 Order failure | productId=1301 | userId=627 | quantity=217 | status=FAILED | reason=Insufficient quantity for product id: 1301. Requested: 217, available: 5
2026-07-28T19:16:08.277-04:00 Order failure | productId=1301 | userId=628 | quantity=888 | status=FAILED | reason=Insufficient quantity for product id: 1301. Requested: 888, available: 5
2026-07-28T19:16:08.283-04:00 Order failure | productId=11234 | userId=629 | quantity=485 | status=FAILED | reason=Insufficient quantity for product id: 11234. Requested: 485, available: 2
2026-07-28T19:16:08.287-04:00 Order failure | productId=1301 | userId=630 | quantity=738 | status=FAILED | reason=Insufficient quantity for product id: 1301. Requested: 738, available: 5
2026-07-28T19:16:08.292-04:00 Order failure | productId=1301 | userId=631 | quantity=989 | status=FAILED | reason=Insufficient quantity for product id: 1301. Requested: 989, available: 5
2026-07-28T19:16:08.297-04:00 Order failure | productId=1301 | userId=632 | quantity=412 | status=FAILED | reason=Insufficient quantity for product id: 1301. Requested: 412, available: 5
2026-07-28T19:16:08.301-04:00 Order failure | productId=11234 | userId=633 | quantity=745 | status=FAILED | reason=Insufficient quantity for product id: 11234. Requested: 745, available: 2
2026-07-28T19:16:08.307-04:00 Order failure | productId=1301 | userId=634 | quantity=823 | status=FAILED | reason=Insufficient quantity for product id: 1301. Requested: 823, available: 5
2026-07-28T19:16:08.310-04:00 Order failure | productId=11234 | userId=635 | quantity=208 | status=FAILED | reason=Insufficient quantity for product id: 11234. Requested: 208, available: 2
2026-07-28T19:16:08.316-04:00 Order failure | productId=11234 | userId=636 | quantity=149 | status=FAILED | reason=Insufficient quantity for product id: 11234. Requested: 149, available: 2
2026-07-28T19:16:08.321-04:00 Order failure | productId=1301 | userId=637 | quantity=480 | status=FAILED | reason=Insufficient quantity for product id: 1301. Requested: 480, available: 5
2026-07-28T19:16:08.326-04:00 Order failure | productId=11234 | userId=638 | quantity=658 | status=FAILED | reason=Insufficient quantity for product id: 11234. Requested: 658, available: 2
2026-07-28T19:16:08.331-04:00 Order failure | productId=11234 | userId=639 | quantity=859 | status=FAILED | reason=Insufficient quantity for product id: 11234. Requested: 859, available: 2
2026-07-28T19:16:08.337-04:00 Order failure | productId=1301 | userId=640 | quantity=16 | status=FAILED | reason=Insufficient quantity for product id: 1301. Requested: 16, available: 5
2026-07-28T19:16:08.341-04:00 Order failure | productId=11234 | userId=641 | quantity=684 | status=FAILED | reason=Insufficient quantity for product id: 11234. Requested: 684, available: 2
2026-07-28T19:16:08.347-04:00 Order failure | productId=11234 | userId=642 | quantity=344 | status=FAILED | reason=Insufficient quantity for product id: 11234. Requested: 344, available: 2
2026-07-28T19:16:08.353-04:00 Order failure | productId=1301 | userId=643 | quantity=660 | status=FAILED | reason=Insufficient quantity for product id: 1301. Requested: 660, available: 5
2026-07-28T19:16:08.356-04:00 Order failure | productId=1301 | userId=644 | quantity=70 | status=FAILED | reason=Insufficient quantity for product id: 1301. Requested: 70, available: 5
2026-07-28T19:16:08.363-04:00 Order failure | productId=11234 | userId=645 | quantity=6 | status=FAILED | reason=Insufficient quantity for product id: 11234. Requested: 6, available: 2
2026-07-28T19:16:08.367-04:00 Order failure | productId=11234 | userId=646 | quantity=857 | status=FAILED | reason=Insufficient quantity for product id: 11234. Requested: 857, available: 2
2026-07-28T19:16:08.371-04:00 Order failure | productId=11234 | userId=647 | quantity=842 | status=FAILED | reason=Insufficient quantity for product id: 11234. Requested: 842, available: 2
2026-07-28T19:16:08.377-04:00 Order failure | productId=1301 | userId=648 | quantity=159 | status=FAILED | reason=Insufficient quantity for product id: 1301. Requested: 159, available: 5
2026-07-28T19:16:08.382-04:00 Order failure | productId=1301 | userId=649 | quantity=57 | status=FAILED | reason=Insufficient quantity for product id: 1301. Requested: 57, available: 5
2026-07-28T19:16:08.386-04:00 Order failure | productId=1301 | userId=650 | quantity=209 | status=FAILED | reason=Insufficient quantity for product id: 1301. Requested: 209, available: 5
2026-07-28T19:16:08.391-04:00 Order failure | productId=1301 | userId=651 | quantity=158 | status=FAILED | reason=Insufficient quantity for product id: 1301. Requested: 158, available: 5
2026-07-28T19:16:08.396-04:00 Order failure | productId=11234 | userId=652 | quantity=535 | status=FAILED | reason=Insufficient quantity for product id: 11234. Requested: 535, available: 2
2026-07-28T19:16:08.402-04:00 Order failure | productId=1301 | userId=653 | quantity=125 | status=FAILED | reason=Insufficient quantity for product id: 1301. Requested: 125, available: 5
2026-07-28T19:16:08.406-04:00 Order failure | productId=11234 | userId=654 | quantity=582 | status=FAILED | reason=Insufficient quantity for product id: 11234. Requested: 582, available: 2
2026-07-28T19:16:08.412-04:00 Order failure | productId=11234 | userId=655 | quantity=476 | status=FAILED | reason=Insufficient quantity for product id: 11234. Requested: 476, available: 2
2026-07-28T19:16:08.418-04:00 Order failure | productId=11234 | userId=656 | quantity=920 | status=FAILED | reason=Insufficient quantity for product id: 11234. Requested: 920, available: 2
2026-07-28T19:16:08.422-04:00 Order failure | productId=11234 | userId=657 | quantity=610 | status=FAILED | reason=Insufficient quantity for product id: 11234. Requested: 610, available: 2
2026-07-28T19:16:08.427-04:00 Order failure | productId=11234 | userId=658 | quantity=42 | status=FAILED | reason=Insufficient quantity for product id: 11234. Requested: 42, available: 2
2026-07-28T19:16:08.432-04:00 Order failure | productId=1301 | userId=659 | quantity=845 | status=FAILED | reason=Insufficient quantity for product id: 1301. Requested: 845, available: 5
2026-07-28T19:16:08.436-04:00 Order failure | productId=11234 | userId=660 | quantity=202 | status=FAILED | reason=Insufficient quantity for product id: 11234. Requested: 202, available: 2
2026-07-28T19:16:08.441-04:00 Order failure | productId=1301 | userId=661 | quantity=256 | status=FAILED | reason=Insufficient quantity for product id: 1301. Requested: 256, available: 5
2026-07-28T19:16:08.447-04:00 Order failure | productId=1301 | userId=662 | quantity=713 | status=FAILED | reason=Insufficient quantity for product id: 1301. Requested: 713, available: 5
2026-07-28T19:16:08.453-04:00 Order failure | productId=11234 | userId=663 | quantity=473 | status=FAILED | reason=Insufficient quantity for product id: 11234. Requested: 473, available: 2
2026-07-28T19:16:08.457-04:00 Order failure | productId=11234 | userId=664 | quantity=572 | status=FAILED | reason=Insufficient quantity for product id: 11234. Requested: 572, available: 2
2026-07-28T19:16:08.461-04:00 Order failure | productId=11234 | userId=665 | quantity=287 | status=FAILED | reason=Insufficient quantity for product id: 11234. Requested: 287, available: 2
2026-07-28T19:16:08.467-04:00 Order failure | productId=1301 | userId=666 | quantity=550 | status=FAILED | reason=Insufficient quantity for product id: 1301. Requested: 550, available: 5
2026-07-28T19:16:08.473-04:00 Order failure | productId=1301 | userId=667 | quantity=889 | status=FAILED | reason=Insufficient quantity for product id: 1301. Requested: 889, available: 5
2026-07-28T19:16:08.477-04:00 Order failure | productId=1301 | userId=668 | quantity=106 | status=FAILED | reason=Insufficient quantity for product id: 1301. Requested: 106, available: 5
2026-07-28T19:16:08.483-04:00 Order failure | productId=11234 | userId=669 | quantity=705 | status=FAILED | reason=Insufficient quantity for product id: 11234. Requested: 705, available: 2
2026-07-28T19:16:08.487-04:00 Order failure | productId=11234 | userId=670 | quantity=601 | status=FAILED | reason=Insufficient quantity for product id: 11234. Requested: 601, available: 2
2026-07-28T19:16:08.493-04:00 Order failure | productId=11234 | userId=671 | quantity=61 | status=FAILED | reason=Insufficient quantity for product id: 11234. Requested: 61, available: 2
2026-07-28T19:16:08.497-04:00 Order failure | productId=1301 | userId=672 | quantity=201 | status=FAILED | reason=Insufficient quantity for product id: 1301. Requested: 201, available: 5
2026-07-28T19:16:08.502-04:00 Order failure | productId=1301 | userId=673 | quantity=963 | status=FAILED | reason=Insufficient quantity for product id: 1301. Requested: 963, available: 5
2026-07-28T19:16:08.508-04:00 Order failure | productId=1301 | userId=674 | quantity=886 | status=FAILED | reason=Insufficient quantity for product id: 1301. Requested: 886, available: 5
2026-07-28T19:16:08.513-04:00 Order failure | productId=1301 | userId=675 | quantity=51 | status=FAILED | reason=Insufficient quantity for product id: 1301. Requested: 51, available: 5
2026-07-28T19:16:08.517-04:00 Order failure | productId=1301 | userId=676 | quantity=896 | status=FAILED | reason=Insufficient quantity for product id: 1301. Requested: 896, available: 5
2026-07-28T19:16:08.523-04:00 Order failure | productId=1301 | userId=677 | quantity=185 | status=FAILED | reason=Insufficient quantity for product id: 1301. Requested: 185, available: 5
2026-07-28T19:16:08.527-04:00 Order failure | productId=11234 | userId=678 | quantity=447 | status=FAILED | reason=Insufficient quantity for product id: 11234. Requested: 447, available: 2
2026-07-28T19:16:08.533-04:00 Order failure | productId=11234 | userId=679 | quantity=272 | status=FAILED | reason=Insufficient quantity for product id: 11234. Requested: 272, available: 2
2026-07-28T19:16:08.536-04:00 Order failure | productId=11234 | userId=680 | quantity=489 | status=FAILED | reason=Insufficient quantity for product id: 11234. Requested: 489, available: 2
2026-07-28T19:16:08.541-04:00 Order failure | productId=11234 | userId=681 | quantity=851 | status=FAILED | reason=Insufficient quantity for product id: 11234. Requested: 851, available: 2
2026-07-28T19:16:08.547-04:00 Order failure | productId=1301 | userId=682 | quantity=650 | status=FAILED | reason=Insufficient quantity for product id: 1301. Requested: 650, available: 5
2026-07-28T19:16:08.552-04:00 Order failure | productId=11234 | userId=683 | quantity=309 | status=FAILED | reason=Insufficient quantity for product id: 11234. Requested: 309, available: 2
2026-07-28T19:16:08.556-04:00 Order failure | productId=1301 | userId=684 | quantity=123 | status=FAILED | reason=Insufficient quantity for product id: 1301. Requested: 123, available: 5
2026-07-28T19:16:08.563-04:00 Order failure | productId=11234 | userId=685 | quantity=886 | status=FAILED | reason=Insufficient quantity for product id: 11234. Requested: 886, available: 2
2026-07-28T19:16:08.568-04:00 Order failure | productId=1301 | userId=686 | quantity=817 | status=FAILED | reason=Insufficient quantity for product id: 1301. Requested: 817, available: 5
2026-07-28T19:16:08.571-04:00 Order failure | productId=1301 | userId=687 | quantity=581 | status=FAILED | reason=Insufficient quantity for product id: 1301. Requested: 581, available: 5
2026-07-28T19:16:08.576-04:00 Order failure | productId=1301 | userId=688 | quantity=647 | status=FAILED | reason=Insufficient quantity for product id: 1301. Requested: 647, available: 5
2026-07-28T19:16:08.581-04:00 Order failure | productId=1301 | userId=689 | quantity=173 | status=FAILED | reason=Insufficient quantity for product id: 1301. Requested: 173, available: 5
2026-07-28T19:16:08.588-04:00 Order failure | productId=1301 | userId=690 | quantity=301 | status=FAILED | reason=Insufficient quantity for product id: 1301. Requested: 301, available: 5
2026-07-28T19:16:08.592-04:00 Order failure | productId=1301 | userId=691 | quantity=440 | status=FAILED | reason=Insufficient quantity for product id: 1301. Requested: 440, available: 5
2026-07-28T19:16:08.597-04:00 Order failure | productId=1301 | userId=692 | quantity=323 | status=FAILED | reason=Insufficient quantity for product id: 1301. Requested: 323, available: 5
2026-07-28T19:16:08.602-04:00 Order failure | productId=11234 | userId=693 | quantity=838 | status=FAILED | reason=Insufficient quantity for product id: 11234. Requested: 838, available: 2
2026-07-28T19:16:08.606-04:00 Order failure | productId=1301 | userId=694 | quantity=477 | status=FAILED | reason=Insufficient quantity for product id: 1301. Requested: 477, available: 5
2026-07-28T19:16:08.611-04:00 Order failure | productId=1301 | userId=695 | quantity=961 | status=FAILED | reason=Insufficient quantity for product id: 1301. Requested: 961, available: 5
2026-07-28T19:16:08.617-04:00 Order failure | productId=1301 | userId=696 | quantity=298 | status=FAILED | reason=Insufficient quantity for product id: 1301. Requested: 298, available: 5
2026-07-28T19:16:08.621-04:00 Order failure | productId=1301 | userId=697 | quantity=443 | status=FAILED | reason=Insufficient quantity for product id: 1301. Requested: 443, available: 5
2026-07-28T19:16:08.626-04:00 Order failure | productId=11234 | userId=698 | quantity=140 | status=FAILED | reason=Insufficient quantity for product id: 11234. Requested: 140, available: 2
2026-07-28T19:16:08.639-04:00 Order failure | productId=1301 | userId=699 | quantity=619 | status=FAILED | reason=Insufficient quantity for product id: 1301. Requested: 619, available: 5
2026-07-28T19:16:08.642-04:00 Order failure | productId=1301 | userId=700 | quantity=606 | status=FAILED | reason=Insufficient quantity for product id: 1301. Requested: 606, available: 5
2026-07-28T19:16:08.642-04:00 Order failure | productId=1301 | userId=701 | quantity=813 | status=FAILED | reason=Insufficient quantity for product id: 1301. Requested: 813, available: 5
2026-07-28T19:16:08.647-04:00 Order failure | productId=11234 | userId=702 | quantity=429 | status=FAILED | reason=Insufficient quantity for product id: 11234. Requested: 429, available: 2
2026-07-28T19:16:08.652-04:00 Order failure | productId=1301 | userId=703 | quantity=408 | status=FAILED | reason=Insufficient quantity for product id: 1301. Requested: 408, available: 5
2026-07-28T19:16:08.656-04:00 Order failure | productId=11234 | userId=704 | quantity=170 | status=FAILED | reason=Insufficient quantity for product id: 11234. Requested: 170, available: 2
2026-07-28T19:16:08.660-04:00 Order failure | productId=1301 | userId=705 | quantity=359 | status=FAILED | reason=Insufficient quantity for product id: 1301. Requested: 359, available: 5
2026-07-28T19:16:08.679-04:00 Order failure | productId=11234 | userId=708 | quantity=63 | status=FAILED | reason=Insufficient quantity for product id: 11234. Requested: 63, available: 2
2026-07-28T19:16:08.679-04:00 Order failure | productId=1301 | userId=707 | quantity=201 | status=FAILED | reason=Insufficient quantity for product id: 1301. Requested: 201, available: 5
2026-07-28T19:16:08.679-04:00 Order failure | productId=1301 | userId=706 | quantity=74 | status=FAILED | reason=Insufficient quantity for product id: 1301. Requested: 74, available: 5
2026-07-28T19:16:08.684-04:00 Order failure | productId=11234 | userId=709 | quantity=25 | status=FAILED | reason=Insufficient quantity for product id: 11234. Requested: 25, available: 2
2026-07-28T19:16:08.686-04:00 Order failure | productId=11234 | userId=710 | quantity=394 | status=FAILED | reason=Insufficient quantity for product id: 11234. Requested: 394, available: 2
2026-07-28T19:16:08.692-04:00 Order failure | productId=11234 | userId=711 | quantity=802 | status=FAILED | reason=Insufficient quantity for product id: 11234. Requested: 802, available: 2
2026-07-28T19:16:08.697-04:00 Order failure | productId=1301 | userId=712 | quantity=403 | status=FAILED | reason=Insufficient quantity for product id: 1301. Requested: 403, available: 5
2026-07-28T19:16:08.702-04:00 Order failure | productId=1301 | userId=713 | quantity=783 | status=FAILED | reason=Insufficient quantity for product id: 1301. Requested: 783, available: 5
2026-07-28T19:16:08.708-04:00 Order failure | productId=11234 | userId=714 | quantity=813 | status=FAILED | reason=Insufficient quantity for product id: 11234. Requested: 813, available: 2
2026-07-28T19:16:08.713-04:00 Order failure | productId=11234 | userId=715 | quantity=799 | status=FAILED | reason=Insufficient quantity for product id: 11234. Requested: 799, available: 2
2026-07-28T19:16:08.718-04:00 Order failure | productId=1301 | userId=716 | quantity=359 | status=FAILED | reason=Insufficient quantity for product id: 1301. Requested: 359, available: 5
2026-07-28T19:16:08.722-04:00 Order failure | productId=1301 | userId=717 | quantity=747 | status=FAILED | reason=Insufficient quantity for product id: 1301. Requested: 747, available: 5
2026-07-28T19:16:08.727-04:00 Order failure | productId=11234 | userId=718 | quantity=78 | status=FAILED | reason=Insufficient quantity for product id: 11234. Requested: 78, available: 2
2026-07-28T19:16:08.731-04:00 Order failure | productId=11234 | userId=719 | quantity=637 | status=FAILED | reason=Insufficient quantity for product id: 11234. Requested: 637, available: 2
2026-07-28T19:16:08.737-04:00 Order failure | productId=11234 | userId=720 | quantity=382 | status=FAILED | reason=Insufficient quantity for product id: 11234. Requested: 382, available: 2
2026-07-28T19:16:08.741-04:00 Order failure | productId=1301 | userId=721 | quantity=423 | status=FAILED | reason=Insufficient quantity for product id: 1301. Requested: 423, available: 5
2026-07-28T19:16:08.748-04:00 Order failure | productId=11234 | userId=722 | quantity=624 | status=FAILED | reason=Insufficient quantity for product id: 11234. Requested: 624, available: 2
2026-07-28T19:16:08.751-04:00 Order failure | productId=1301 | userId=723 | quantity=324 | status=FAILED | reason=Insufficient quantity for product id: 1301. Requested: 324, available: 5
2026-07-28T19:16:08.756-04:00 Order failure | productId=1301 | userId=724 | quantity=914 | status=FAILED | reason=Insufficient quantity for product id: 1301. Requested: 914, available: 5
2026-07-28T19:16:08.762-04:00 Order failure | productId=11234 | userId=725 | quantity=864 | status=FAILED | reason=Insufficient quantity for product id: 11234. Requested: 864, available: 2
2026-07-28T19:16:08.766-04:00 Order failure | productId=1301 | userId=726 | quantity=946 | status=FAILED | reason=Insufficient quantity for product id: 1301. Requested: 946, available: 5
2026-07-28T19:16:08.772-04:00 Order failure | productId=11234 | userId=727 | quantity=497 | status=FAILED | reason=Insufficient quantity for product id: 11234. Requested: 497, available: 2
2026-07-28T19:16:08.778-04:00 Order failure | productId=1301 | userId=728 | quantity=258 | status=FAILED | reason=Insufficient quantity for product id: 1301. Requested: 258, available: 5
2026-07-28T19:16:08.783-04:00 Order failure | productId=11234 | userId=729 | quantity=471 | status=FAILED | reason=Insufficient quantity for product id: 11234. Requested: 471, available: 2
2026-07-28T19:16:08.788-04:00 Order failure | productId=1301 | userId=730 | quantity=56 | status=FAILED | reason=Insufficient quantity for product id: 1301. Requested: 56, available: 5
2026-07-28T19:16:08.792-04:00 Order failure | productId=1301 | userId=731 | quantity=94 | status=FAILED | reason=Insufficient quantity for product id: 1301. Requested: 94, available: 5
2026-07-28T19:16:08.797-04:00 Order failure | productId=1301 | userId=732 | quantity=892 | status=FAILED | reason=Insufficient quantity for product id: 1301. Requested: 892, available: 5
2026-07-28T19:16:08.802-04:00 Order failure | productId=1301 | userId=733 | quantity=9 | status=FAILED | reason=Insufficient quantity for product id: 1301. Requested: 9, available: 5
2026-07-28T19:16:08.807-04:00 Order failure | productId=11234 | userId=734 | quantity=680 | status=FAILED | reason=Insufficient quantity for product id: 11234. Requested: 680, available: 2
2026-07-28T19:16:08.811-04:00 Order failure | productId=1301 | userId=735 | quantity=144 | status=FAILED | reason=Insufficient quantity for product id: 1301. Requested: 144, available: 5
2026-07-28T19:16:08.819-04:00 Order failure | productId=1301 | userId=736 | quantity=6 | status=FAILED | reason=Insufficient quantity for product id: 1301. Requested: 6, available: 5
2026-07-28T19:16:08.822-04:00 Order failure | productId=1301 | userId=737 | quantity=6 | status=FAILED | reason=Insufficient quantity for product id: 1301. Requested: 6, available: 5
2026-07-28T19:16:08.826-04:00 Order failure | productId=1301 | userId=738 | quantity=611 | status=FAILED | reason=Insufficient quantity for product id: 1301. Requested: 611, available: 5
2026-07-28T19:16:08.832-04:00 Order failure | productId=11234 | userId=739 | quantity=284 | status=FAILED | reason=Insufficient quantity for product id: 11234. Requested: 284, available: 2
2026-07-28T19:16:08.837-04:00 Order failure | productId=11234 | userId=740 | quantity=190 | status=FAILED | reason=Insufficient quantity for product id: 11234. Requested: 190, available: 2
2026-07-28T19:16:08.841-04:00 Order failure | productId=11234 | userId=741 | quantity=162 | status=FAILED | reason=Insufficient quantity for product id: 11234. Requested: 162, available: 2
2026-07-28T19:16:08.846-04:00 Order failure | productId=11234 | userId=742 | quantity=553 | status=FAILED | reason=Insufficient quantity for product id: 11234. Requested: 553, available: 2
2026-07-28T19:16:08.852-04:00 Order failure | productId=11234 | userId=743 | quantity=490 | status=FAILED | reason=Insufficient quantity for product id: 11234. Requested: 490, available: 2
2026-07-28T19:16:08.856-04:00 Order failure | productId=11234 | userId=744 | quantity=904 | status=FAILED | reason=Insufficient quantity for product id: 11234. Requested: 904, available: 2
2026-07-28T19:16:08.861-04:00 Order failure | productId=1301 | userId=745 | quantity=833 | status=FAILED | reason=Insufficient quantity for product id: 1301. Requested: 833, available: 5
2026-07-28T19:16:08.868-04:00 Order failure | productId=1301 | userId=746 | quantity=289 | status=FAILED | reason=Insufficient quantity for product id: 1301. Requested: 289, available: 5
2026-07-28T19:16:08.871-04:00 Order failure | productId=1301 | userId=747 | quantity=24 | status=FAILED | reason=Insufficient quantity for product id: 1301. Requested: 24, available: 5
2026-07-28T19:16:08.878-04:00 Order failure | productId=1301 | userId=748 | quantity=329 | status=FAILED | reason=Insufficient quantity for product id: 1301. Requested: 329, available: 5
2026-07-28T19:16:08.883-04:00 Order failure | productId=11234 | userId=749 | quantity=608 | status=FAILED | reason=Insufficient quantity for product id: 11234. Requested: 608, available: 2
2026-07-28T19:16:08.887-04:00 Order failure | productId=11234 | userId=750 | quantity=290 | status=FAILED | reason=Insufficient quantity for product id: 11234. Requested: 290, available: 2
2026-07-28T19:16:08.892-04:00 Order failure | productId=11234 | userId=751 | quantity=502 | status=FAILED | reason=Insufficient quantity for product id: 11234. Requested: 502, available: 2
2026-07-28T19:16:08.896-04:00 Order failure | productId=1301 | userId=752 | quantity=896 | status=FAILED | reason=Insufficient quantity for product id: 1301. Requested: 896, available: 5
2026-07-28T19:16:08.902-04:00 Order failure | productId=11234 | userId=753 | quantity=358 | status=FAILED | reason=Insufficient quantity for product id: 11234. Requested: 358, available: 2
2026-07-28T19:16:08.906-04:00 Order failure | productId=11234 | userId=754 | quantity=728 | status=FAILED | reason=Insufficient quantity for product id: 11234. Requested: 728, available: 2
2026-07-28T19:16:08.912-04:00 Order failure | productId=1301 | userId=755 | quantity=674 | status=FAILED | reason=Insufficient quantity for product id: 1301. Requested: 674, available: 5
2026-07-28T19:16:08.917-04:00 Order failure | productId=11234 | userId=756 | quantity=293 | status=FAILED | reason=Insufficient quantity for product id: 11234. Requested: 293, available: 2
2026-07-28T19:16:08.922-04:00 Order failure | productId=1301 | userId=757 | quantity=177 | status=FAILED | reason=Insufficient quantity for product id: 1301. Requested: 177, available: 5
2026-07-28T19:16:08.927-04:00 Order failure | productId=1301 | userId=758 | quantity=958 | status=FAILED | reason=Insufficient quantity for product id: 1301. Requested: 958, available: 5
2026-07-28T19:16:08.932-04:00 Order failure | productId=1301 | userId=759 | quantity=130 | status=FAILED | reason=Insufficient quantity for product id: 1301. Requested: 130, available: 5
2026-07-28T19:16:08.936-04:00 Order failure | productId=1301 | userId=760 | quantity=576 | status=FAILED | reason=Insufficient quantity for product id: 1301. Requested: 576, available: 5
2026-07-28T19:16:08.944-04:00 Order failure | productId=11234 | userId=761 | quantity=165 | status=FAILED | reason=Insufficient quantity for product id: 11234. Requested: 165, available: 2
2026-07-28T19:16:08.948-04:00 Order failure | productId=11234 | userId=762 | quantity=227 | status=FAILED | reason=Insufficient quantity for product id: 11234. Requested: 227, available: 2
2026-07-28T19:16:08.952-04:00 Order failure | productId=1301 | userId=763 | quantity=673 | status=FAILED | reason=Insufficient quantity for product id: 1301. Requested: 673, available: 5
2026-07-28T19:16:08.957-04:00 Order failure | productId=11234 | userId=764 | quantity=608 | status=FAILED | reason=Insufficient quantity for product id: 11234. Requested: 608, available: 2
2026-07-28T19:16:08.962-04:00 Order failure | productId=11234 | userId=765 | quantity=197 | status=FAILED | reason=Insufficient quantity for product id: 11234. Requested: 197, available: 2
2026-07-28T19:16:08.968-04:00 Order failure | productId=11234 | userId=766 | quantity=48 | status=FAILED | reason=Insufficient quantity for product id: 11234. Requested: 48, available: 2
2026-07-28T19:16:08.972-04:00 Order failure | productId=11234 | userId=767 | quantity=745 | status=FAILED | reason=Insufficient quantity for product id: 11234. Requested: 745, available: 2
2026-07-28T19:16:08.978-04:00 Order failure | productId=1301 | userId=768 | quantity=656 | status=FAILED | reason=Insufficient quantity for product id: 1301. Requested: 656, available: 5
2026-07-28T19:16:08.982-04:00 Order failure | productId=11234 | userId=769 | quantity=143 | status=FAILED | reason=Insufficient quantity for product id: 11234. Requested: 143, available: 2
2026-07-28T19:16:08.987-04:00 Order failure | productId=11234 | userId=770 | quantity=363 | status=FAILED | reason=Insufficient quantity for product id: 11234. Requested: 363, available: 2
2026-07-28T19:16:08.993-04:00 Order failure | productId=11234 | userId=771 | quantity=772 | status=FAILED | reason=Insufficient quantity for product id: 11234. Requested: 772, available: 2
2026-07-28T19:16:08.999-04:00 Order failure | productId=11234 | userId=772 | quantity=271 | status=FAILED | reason=Insufficient quantity for product id: 11234. Requested: 271, available: 2
2026-07-28T19:16:09.002-04:00 Order failure | productId=1301 | userId=773 | quantity=915 | status=FAILED | reason=Insufficient quantity for product id: 1301. Requested: 915, available: 5
2026-07-28T19:16:09.007-04:00 Order failure | productId=11234 | userId=774 | quantity=407 | status=FAILED | reason=Insufficient quantity for product id: 11234. Requested: 407, available: 2
2026-07-28T19:16:09.011-04:00 Order failure | productId=1301 | userId=775 | quantity=348 | status=FAILED | reason=Insufficient quantity for product id: 1301. Requested: 348, available: 5
2026-07-28T19:16:09.016-04:00 Order failure | productId=11234 | userId=776 | quantity=537 | status=FAILED | reason=Insufficient quantity for product id: 11234. Requested: 537, available: 2
2026-07-28T19:16:09.021-04:00 Order failure | productId=1301 | userId=777 | quantity=337 | status=FAILED | reason=Insufficient quantity for product id: 1301. Requested: 337, available: 5
2026-07-28T19:16:09.025-04:00 Order failure | productId=11234 | userId=778 | quantity=568 | status=FAILED | reason=Insufficient quantity for product id: 11234. Requested: 568, available: 2
2026-07-28T19:16:09.032-04:00 Order failure | productId=11234 | userId=779 | quantity=407 | status=FAILED | reason=Insufficient quantity for product id: 11234. Requested: 407, available: 2
2026-07-28T19:16:09.037-04:00 Order failure | productId=1301 | userId=780 | quantity=812 | status=FAILED | reason=Insufficient quantity for product id: 1301. Requested: 812, available: 5
2026-07-28T19:16:09.041-04:00 Order failure | productId=1301 | userId=781 | quantity=708 | status=FAILED | reason=Insufficient quantity for product id: 1301. Requested: 708, available: 5
2026-07-28T19:16:09.047-04:00 Order failure | productId=11234 | userId=782 | quantity=42 | status=FAILED | reason=Insufficient quantity for product id: 11234. Requested: 42, available: 2
2026-07-28T19:16:09.052-04:00 Order failure | productId=11234 | userId=783 | quantity=271 | status=FAILED | reason=Insufficient quantity for product id: 11234. Requested: 271, available: 2
2026-07-28T19:16:09.056-04:00 Order failure | productId=11234 | userId=784 | quantity=408 | status=FAILED | reason=Insufficient quantity for product id: 11234. Requested: 408, available: 2
2026-07-28T19:16:09.060-04:00 Order failure | productId=1301 | userId=785 | quantity=101 | status=FAILED | reason=Insufficient quantity for product id: 1301. Requested: 101, available: 5
2026-07-28T19:16:09.066-04:00 Order failure | productId=11234 | userId=786 | quantity=550 | status=FAILED | reason=Insufficient quantity for product id: 11234. Requested: 550, available: 2
2026-07-28T19:16:09.072-04:00 Order failure | productId=1301 | userId=787 | quantity=383 | status=FAILED | reason=Insufficient quantity for product id: 1301. Requested: 383, available: 5
2026-07-28T19:16:09.077-04:00 Order failure | productId=1301 | userId=788 | quantity=207 | status=FAILED | reason=Insufficient quantity for product id: 1301. Requested: 207, available: 5
2026-07-28T19:16:09.082-04:00 Order failure | productId=1301 | userId=789 | quantity=738 | status=FAILED | reason=Insufficient quantity for product id: 1301. Requested: 738, available: 5
2026-07-28T19:16:09.086-04:00 Order failure | productId=11234 | userId=790 | quantity=563 | status=FAILED | reason=Insufficient quantity for product id: 11234. Requested: 563, available: 2
2026-07-28T19:16:09.091-04:00 Order failure | productId=11234 | userId=791 | quantity=880 | status=FAILED | reason=Insufficient quantity for product id: 11234. Requested: 880, available: 2
2026-07-28T19:16:09.096-04:00 Order failure | productId=1301 | userId=792 | quantity=828 | status=FAILED | reason=Insufficient quantity for product id: 1301. Requested: 828, available: 5
2026-07-28T19:16:09.102-04:00 Order failure | productId=1301 | userId=793 | quantity=64 | status=FAILED | reason=Insufficient quantity for product id: 1301. Requested: 64, available: 5
2026-07-28T19:16:09.106-04:00 Order failure | productId=11234 | userId=794 | quantity=978 | status=FAILED | reason=Insufficient quantity for product id: 11234. Requested: 978, available: 2
2026-07-28T19:16:09.110-04:00 Order failure | productId=11234 | userId=795 | quantity=395 | status=FAILED | reason=Insufficient quantity for product id: 11234. Requested: 395, available: 2
2026-07-28T19:16:09.116-04:00 Order failure | productId=1301 | userId=796 | quantity=580 | status=FAILED | reason=Insufficient quantity for product id: 1301. Requested: 580, available: 5
2026-07-28T19:16:09.120-04:00 Order failure | productId=11234 | userId=797 | quantity=595 | status=FAILED | reason=Insufficient quantity for product id: 11234. Requested: 595, available: 2
2026-07-28T19:16:09.125-04:00 Order failure | productId=11234 | userId=798 | quantity=536 | status=FAILED | reason=Insufficient quantity for product id: 11234. Requested: 536, available: 2
2026-07-28T19:16:09.131-04:00 Order failure | productId=1301 | userId=799 | quantity=983 | status=FAILED | reason=Insufficient quantity for product id: 1301. Requested: 983, available: 5
2026-07-28T19:16:09.136-04:00 Order failure | productId=11234 | userId=800 | quantity=405 | status=FAILED | reason=Insufficient quantity for product id: 11234. Requested: 405, available: 2
2026-07-28T19:16:09.140-04:00 Order failure | productId=11234 | userId=801 | quantity=374 | status=FAILED | reason=Insufficient quantity for product id: 11234. Requested: 374, available: 2
2026-07-28T19:16:09.145-04:00 Order failure | productId=11234 | userId=802 | quantity=509 | status=FAILED | reason=Insufficient quantity for product id: 11234. Requested: 509, available: 2
2026-07-28T19:16:09.153-04:00 Order failure | productId=1301 | userId=803 | quantity=528 | status=FAILED | reason=Insufficient quantity for product id: 1301. Requested: 528, available: 5
2026-07-28T19:16:09.157-04:00 Order failure | productId=11234 | userId=804 | quantity=493 | status=FAILED | reason=Insufficient quantity for product id: 11234. Requested: 493, available: 2
2026-07-28T19:16:09.162-04:00 Order failure | productId=11234 | userId=805 | quantity=71 | status=FAILED | reason=Insufficient quantity for product id: 11234. Requested: 71, available: 2
2026-07-28T19:16:09.167-04:00 Order failure | productId=11234 | userId=806 | quantity=977 | status=FAILED | reason=Insufficient quantity for product id: 11234. Requested: 977, available: 2
2026-07-28T19:16:09.172-04:00 Order failure | productId=11234 | userId=807 | quantity=354 | status=FAILED | reason=Insufficient quantity for product id: 11234. Requested: 354, available: 2
2026-07-28T19:16:09.177-04:00 Order failure | productId=11234 | userId=808 | quantity=684 | status=FAILED | reason=Insufficient quantity for product id: 11234. Requested: 684, available: 2
2026-07-28T19:16:09.182-04:00 Order failure | productId=1301 | userId=809 | quantity=542 | status=FAILED | reason=Insufficient quantity for product id: 1301. Requested: 542, available: 5
2026-07-28T19:16:09.187-04:00 Order failure | productId=11234 | userId=810 | quantity=161 | status=FAILED | reason=Insufficient quantity for product id: 11234. Requested: 161, available: 2
2026-07-28T19:16:09.191-04:00 Order failure | productId=1301 | userId=811 | quantity=163 | status=FAILED | reason=Insufficient quantity for product id: 1301. Requested: 163, available: 5
2026-07-28T19:16:09.197-04:00 Order failure | productId=1301 | userId=812 | quantity=593 | status=FAILED | reason=Insufficient quantity for product id: 1301. Requested: 593, available: 5
2026-07-28T19:16:09.200-04:00 Order failure | productId=11234 | userId=813 | quantity=248 | status=FAILED | reason=Insufficient quantity for product id: 11234. Requested: 248, available: 2
2026-07-28T19:16:09.207-04:00 Order failure | productId=11234 | userId=814 | quantity=731 | status=FAILED | reason=Insufficient quantity for product id: 11234. Requested: 731, available: 2
2026-07-28T19:16:09.214-04:00 Order failure | productId=11234 | userId=815 | quantity=440 | status=FAILED | reason=Insufficient quantity for product id: 11234. Requested: 440, available: 2
2026-07-28T19:16:09.221-04:00 Order failure | productId=1301 | userId=816 | quantity=251 | status=FAILED | reason=Insufficient quantity for product id: 1301. Requested: 251, available: 5
2026-07-28T19:16:09.224-04:00 Order failure | productId=1301 | userId=817 | quantity=768 | status=FAILED | reason=Insufficient quantity for product id: 1301. Requested: 768, available: 5
2026-07-28T19:16:09.227-04:00 Order failure | productId=1301 | userId=818 | quantity=627 | status=FAILED | reason=Insufficient quantity for product id: 1301. Requested: 627, available: 5
2026-07-28T19:16:09.232-04:00 Order failure | productId=1301 | userId=819 | quantity=382 | status=FAILED | reason=Insufficient quantity for product id: 1301. Requested: 382, available: 5
2026-07-28T19:16:09.237-04:00 Order failure | productId=1301 | userId=820 | quantity=216 | status=FAILED | reason=Insufficient quantity for product id: 1301. Requested: 216, available: 5
2026-07-28T19:16:09.244-04:00 Order success | productId=1301 | userId=821 | quantity=5 | status=SUCCESS
2026-07-28T19:16:09.246-04:00 Order failure | productId=1301 | userId=822 | quantity=70 | status=FAILED | reason=Insufficient quantity for product id: 1301. Requested: 70, available: 0
2026-07-28T19:16:09.252-04:00 Order failure | productId=11234 | userId=823 | quantity=278 | status=FAILED | reason=Insufficient quantity for product id: 11234. Requested: 278, available: 2
2026-07-28T19:16:09.256-04:00 Order failure | productId=11234 | userId=824 | quantity=13 | status=FAILED | reason=Insufficient quantity for product id: 11234. Requested: 13, available: 2
2026-07-28T19:16:09.262-04:00 Order failure | productId=1301 | userId=825 | quantity=794 | status=FAILED | reason=Insufficient quantity for product id: 1301. Requested: 794, available: 0
2026-07-28T19:16:09.267-04:00 Order failure | productId=1301 | userId=826 | quantity=592 | status=FAILED | reason=Insufficient quantity for product id: 1301. Requested: 592, available: 0
2026-07-28T19:16:09.270-04:00 Order failure | productId=11234 | userId=827 | quantity=123 | status=FAILED | reason=Insufficient quantity for product id: 11234. Requested: 123, available: 2
2026-07-28T19:16:09.276-04:00 Order failure | productId=1301 | userId=828 | quantity=358 | status=FAILED | reason=Insufficient quantity for product id: 1301. Requested: 358, available: 0
2026-07-28T19:16:09.281-04:00 Order failure | productId=1301 | userId=829 | quantity=376 | status=FAILED | reason=Insufficient quantity for product id: 1301. Requested: 376, available: 0
2026-07-28T19:16:09.287-04:00 Order failure | productId=11234 | userId=830 | quantity=238 | status=FAILED | reason=Insufficient quantity for product id: 11234. Requested: 238, available: 2
2026-07-28T19:16:09.291-04:00 Order failure | productId=1301 | userId=831 | quantity=389 | status=FAILED | reason=Insufficient quantity for product id: 1301. Requested: 389, available: 0
2026-07-28T19:16:09.297-04:00 Order failure | productId=1301 | userId=832 | quantity=656 | status=FAILED | reason=Insufficient quantity for product id: 1301. Requested: 656, available: 0
2026-07-28T19:16:09.302-04:00 Order failure | productId=1301 | userId=833 | quantity=997 | status=FAILED | reason=Insufficient quantity for product id: 1301. Requested: 997, available: 0
2026-07-28T19:16:09.308-04:00 Order failure | productId=11234 | userId=834 | quantity=546 | status=FAILED | reason=Insufficient quantity for product id: 11234. Requested: 546, available: 2
2026-07-28T19:16:09.311-04:00 Order failure | productId=1301 | userId=835 | quantity=703 | status=FAILED | reason=Insufficient quantity for product id: 1301. Requested: 703, available: 0
2026-07-28T19:16:09.317-04:00 Order failure | productId=11234 | userId=836 | quantity=209 | status=FAILED | reason=Insufficient quantity for product id: 11234. Requested: 209, available: 2
2026-07-28T19:16:09.321-04:00 Order failure | productId=11234 | userId=837 | quantity=303 | status=FAILED | reason=Insufficient quantity for product id: 11234. Requested: 303, available: 2
2026-07-28T19:16:09.326-04:00 Order failure | productId=11234 | userId=838 | quantity=222 | status=FAILED | reason=Insufficient quantity for product id: 11234. Requested: 222, available: 2
2026-07-28T19:16:09.333-04:00 Order failure | productId=11234 | userId=839 | quantity=777 | status=FAILED | reason=Insufficient quantity for product id: 11234. Requested: 777, available: 2
2026-07-28T19:16:09.336-04:00 Order failure | productId=11234 | userId=840 | quantity=984 | status=FAILED | reason=Insufficient quantity for product id: 11234. Requested: 984, available: 2
2026-07-28T19:16:09.340-04:00 Order failure | productId=11234 | userId=841 | quantity=495 | status=FAILED | reason=Insufficient quantity for product id: 11234. Requested: 495, available: 2
2026-07-28T19:16:09.346-04:00 Order failure | productId=11234 | userId=842 | quantity=657 | status=FAILED | reason=Insufficient quantity for product id: 11234. Requested: 657, available: 2
2026-07-28T19:16:09.350-04:00 Order failure | productId=1301 | userId=843 | quantity=338 | status=FAILED | reason=Insufficient quantity for product id: 1301. Requested: 338, available: 0
2026-07-28T19:16:09.356-04:00 Order failure | productId=1301 | userId=844 | quantity=84 | status=FAILED | reason=Insufficient quantity for product id: 1301. Requested: 84, available: 0
2026-07-28T19:16:09.361-04:00 Order failure | productId=1301 | userId=845 | quantity=609 | status=FAILED | reason=Insufficient quantity for product id: 1301. Requested: 609, available: 0
2026-07-28T19:16:09.366-04:00 Order failure | productId=11234 | userId=846 | quantity=291 | status=FAILED | reason=Insufficient quantity for product id: 11234. Requested: 291, available: 2
2026-07-28T19:16:09.372-04:00 Order failure | productId=11234 | userId=847 | quantity=197 | status=FAILED | reason=Insufficient quantity for product id: 11234. Requested: 197, available: 2
2026-07-28T19:16:09.375-04:00 Order failure | productId=1301 | userId=848 | quantity=287 | status=FAILED | reason=Insufficient quantity for product id: 1301. Requested: 287, available: 0
2026-07-28T19:16:09.381-04:00 Order failure | productId=11234 | userId=849 | quantity=195 | status=FAILED | reason=Insufficient quantity for product id: 11234. Requested: 195, available: 2
2026-07-28T19:16:09.385-04:00 Order failure | productId=1301 | userId=850 | quantity=775 | status=FAILED | reason=Insufficient quantity for product id: 1301. Requested: 775, available: 0
2026-07-28T19:16:09.391-04:00 Order failure | productId=11234 | userId=851 | quantity=383 | status=FAILED | reason=Insufficient quantity for product id: 11234. Requested: 383, available: 2
2026-07-28T19:16:09.396-04:00 Order failure | productId=1301 | userId=852 | quantity=705 | status=FAILED | reason=Insufficient quantity for product id: 1301. Requested: 705, available: 0
2026-07-28T19:16:09.402-04:00 Order failure | productId=1301 | userId=853 | quantity=879 | status=FAILED | reason=Insufficient quantity for product id: 1301. Requested: 879, available: 0
2026-07-28T19:16:09.407-04:00 Order failure | productId=1301 | userId=854 | quantity=275 | status=FAILED | reason=Insufficient quantity for product id: 1301. Requested: 275, available: 0
2026-07-28T19:16:09.411-04:00 Order failure | productId=11234 | userId=855 | quantity=289 | status=FAILED | reason=Insufficient quantity for product id: 11234. Requested: 289, available: 2
2026-07-28T19:16:09.416-04:00 Order failure | productId=1301 | userId=856 | quantity=254 | status=FAILED | reason=Insufficient quantity for product id: 1301. Requested: 254, available: 0
2026-07-28T19:16:09.420-04:00 Order failure | productId=1301 | userId=857 | quantity=831 | status=FAILED | reason=Insufficient quantity for product id: 1301. Requested: 831, available: 0
2026-07-28T19:16:09.427-04:00 Order failure | productId=1301 | userId=858 | quantity=820 | status=FAILED | reason=Insufficient quantity for product id: 1301. Requested: 820, available: 0
2026-07-28T19:16:09.431-04:00 Order failure | productId=11234 | userId=859 | quantity=457 | status=FAILED | reason=Insufficient quantity for product id: 11234. Requested: 457, available: 2
2026-07-28T19:16:09.437-04:00 Order failure | productId=1301 | userId=860 | quantity=331 | status=FAILED | reason=Insufficient quantity for product id: 1301. Requested: 331, available: 0
2026-07-28T19:16:09.441-04:00 Order failure | productId=11234 | userId=861 | quantity=801 | status=FAILED | reason=Insufficient quantity for product id: 11234. Requested: 801, available: 2
2026-07-28T19:16:09.446-04:00 Order failure | productId=1301 | userId=862 | quantity=699 | status=FAILED | reason=Insufficient quantity for product id: 1301. Requested: 699, available: 0
2026-07-28T19:16:09.452-04:00 Order failure | productId=1301 | userId=863 | quantity=670 | status=FAILED | reason=Insufficient quantity for product id: 1301. Requested: 670, available: 0
2026-07-28T19:16:09.456-04:00 Order failure | productId=11234 | userId=864 | quantity=155 | status=FAILED | reason=Insufficient quantity for product id: 11234. Requested: 155, available: 2
2026-07-28T19:16:09.461-04:00 Order failure | productId=1301 | userId=865 | quantity=890 | status=FAILED | reason=Insufficient quantity for product id: 1301. Requested: 890, available: 0
2026-07-28T19:16:09.467-04:00 Order failure | productId=11234 | userId=866 | quantity=217 | status=FAILED | reason=Insufficient quantity for product id: 11234. Requested: 217, available: 2
2026-07-28T19:16:09.471-04:00 Order failure | productId=1301 | userId=867 | quantity=762 | status=FAILED | reason=Insufficient quantity for product id: 1301. Requested: 762, available: 0
2026-07-28T19:16:09.476-04:00 Order failure | productId=1301 | userId=868 | quantity=808 | status=FAILED | reason=Insufficient quantity for product id: 1301. Requested: 808, available: 0
2026-07-28T19:16:09.482-04:00 Order failure | productId=11234 | userId=869 | quantity=536 | status=FAILED | reason=Insufficient quantity for product id: 11234. Requested: 536, available: 2
2026-07-28T19:16:09.486-04:00 Order failure | productId=11234 | userId=870 | quantity=703 | status=FAILED | reason=Insufficient quantity for product id: 11234. Requested: 703, available: 2
2026-07-28T19:16:09.492-04:00 Order failure | productId=1301 | userId=871 | quantity=439 | status=FAILED | reason=Insufficient quantity for product id: 1301. Requested: 439, available: 0
2026-07-28T19:16:09.496-04:00 Order failure | productId=11234 | userId=872 | quantity=792 | status=FAILED | reason=Insufficient quantity for product id: 11234. Requested: 792, available: 2
2026-07-28T19:16:09.501-04:00 Order failure | productId=1301 | userId=873 | quantity=279 | status=FAILED | reason=Insufficient quantity for product id: 1301. Requested: 279, available: 0
2026-07-28T19:16:09.506-04:00 Order failure | productId=11234 | userId=874 | quantity=329 | status=FAILED | reason=Insufficient quantity for product id: 11234. Requested: 329, available: 2
2026-07-28T19:16:09.513-04:00 Order failure | productId=1301 | userId=875 | quantity=322 | status=FAILED | reason=Insufficient quantity for product id: 1301. Requested: 322, available: 0
2026-07-28T19:16:09.517-04:00 Order failure | productId=1301 | userId=876 | quantity=662 | status=FAILED | reason=Insufficient quantity for product id: 1301. Requested: 662, available: 0
2026-07-28T19:16:09.522-04:00 Order failure | productId=1301 | userId=877 | quantity=424 | status=FAILED | reason=Insufficient quantity for product id: 1301. Requested: 424, available: 0
2026-07-28T19:16:09.527-04:00 Order failure | productId=11234 | userId=878 | quantity=843 | status=FAILED | reason=Insufficient quantity for product id: 11234. Requested: 843, available: 2
2026-07-28T19:16:09.532-04:00 Order failure | productId=11234 | userId=879 | quantity=635 | status=FAILED | reason=Insufficient quantity for product id: 11234. Requested: 635, available: 2
2026-07-28T19:16:09.538-04:00 Order failure | productId=1301 | userId=880 | quantity=612 | status=FAILED | reason=Insufficient quantity for product id: 1301. Requested: 612, available: 0
2026-07-28T19:16:09.542-04:00 Order failure | productId=1301 | userId=881 | quantity=463 | status=FAILED | reason=Insufficient quantity for product id: 1301. Requested: 463, available: 0
2026-07-28T19:16:09.547-04:00 Order failure | productId=11234 | userId=882 | quantity=825 | status=FAILED | reason=Insufficient quantity for product id: 11234. Requested: 825, available: 2
2026-07-28T19:16:09.550-04:00 Order failure | productId=11234 | userId=883 | quantity=683 | status=FAILED | reason=Insufficient quantity for product id: 11234. Requested: 683, available: 2
2026-07-28T19:16:09.555-04:00 Order failure | productId=11234 | userId=884 | quantity=566 | status=FAILED | reason=Insufficient quantity for product id: 11234. Requested: 566, available: 2
2026-07-28T19:16:09.561-04:00 Order failure | productId=1301 | userId=885 | quantity=763 | status=FAILED | reason=Insufficient quantity for product id: 1301. Requested: 763, available: 0
2026-07-28T19:16:09.567-04:00 Order failure | productId=11234 | userId=886 | quantity=944 | status=FAILED | reason=Insufficient quantity for product id: 11234. Requested: 944, available: 2
2026-07-28T19:16:09.572-04:00 Order failure | productId=1301 | userId=887 | quantity=580 | status=FAILED | reason=Insufficient quantity for product id: 1301. Requested: 580, available: 0
2026-07-28T19:16:09.577-04:00 Order failure | productId=11234 | userId=888 | quantity=919 | status=FAILED | reason=Insufficient quantity for product id: 11234. Requested: 919, available: 2
2026-07-28T19:16:09.582-04:00 Order failure | productId=1301 | userId=889 | quantity=536 | status=FAILED | reason=Insufficient quantity for product id: 1301. Requested: 536, available: 0
2026-07-28T19:16:09.586-04:00 Order failure | productId=11234 | userId=890 | quantity=378 | status=FAILED | reason=Insufficient quantity for product id: 11234. Requested: 378, available: 2
2026-07-28T19:16:09.590-04:00 Order failure | productId=1301 | userId=891 | quantity=375 | status=FAILED | reason=Insufficient quantity for product id: 1301. Requested: 375, available: 0
2026-07-28T19:16:09.595-04:00 Order failure | productId=1301 | userId=892 | quantity=242 | status=FAILED | reason=Insufficient quantity for product id: 1301. Requested: 242, available: 0
2026-07-28T19:16:09.601-04:00 Order failure | productId=1301 | userId=893 | quantity=504 | status=FAILED | reason=Insufficient quantity for product id: 1301. Requested: 504, available: 0
2026-07-28T19:16:09.606-04:00 Order failure | productId=1301 | userId=894 | quantity=530 | status=FAILED | reason=Insufficient quantity for product id: 1301. Requested: 530, available: 0
2026-07-28T19:16:09.613-04:00 Order failure | productId=1301 | userId=895 | quantity=737 | status=FAILED | reason=Insufficient quantity for product id: 1301. Requested: 737, available: 0
2026-07-28T19:16:09.618-04:00 Order failure | productId=11234 | userId=896 | quantity=482 | status=FAILED | reason=Insufficient quantity for product id: 11234. Requested: 482, available: 2
2026-07-28T19:16:09.622-04:00 Order failure | productId=11234 | userId=897 | quantity=957 | status=FAILED | reason=Insufficient quantity for product id: 11234. Requested: 957, available: 2
2026-07-28T19:16:09.627-04:00 Order failure | productId=1301 | userId=898 | quantity=183 | status=FAILED | reason=Insufficient quantity for product id: 1301. Requested: 183, available: 0
2026-07-28T19:16:09.629-04:00 Order failure | productId=11234 | userId=899 | quantity=989 | status=FAILED | reason=Insufficient quantity for product id: 11234. Requested: 989, available: 2
2026-07-28T19:16:09.637-04:00 Order failure | productId=11234 | userId=900 | quantity=338 | status=FAILED | reason=Insufficient quantity for product id: 11234. Requested: 338, available: 2
2026-07-28T19:16:09.641-04:00 Order failure | productId=1301 | userId=901 | quantity=951 | status=FAILED | reason=Insufficient quantity for product id: 1301. Requested: 951, available: 0
2026-07-28T19:16:09.647-04:00 Order failure | productId=11234 | userId=902 | quantity=256 | status=FAILED | reason=Insufficient quantity for product id: 11234. Requested: 256, available: 2
2026-07-28T19:16:09.653-04:00 Order failure | productId=1301 | userId=903 | quantity=18 | status=FAILED | reason=Insufficient quantity for product id: 1301. Requested: 18, available: 0
2026-07-28T19:16:09.657-04:00 Order failure | productId=11234 | userId=904 | quantity=603 | status=FAILED | reason=Insufficient quantity for product id: 11234. Requested: 603, available: 2
2026-07-28T19:16:09.661-04:00 Order failure | productId=11234 | userId=905 | quantity=856 | status=FAILED | reason=Insufficient quantity for product id: 11234. Requested: 856, available: 2
2026-07-28T19:16:09.667-04:00 Order failure | productId=11234 | userId=906 | quantity=987 | status=FAILED | reason=Insufficient quantity for product id: 11234. Requested: 987, available: 2
2026-07-28T19:16:09.671-04:00 Order failure | productId=11234 | userId=907 | quantity=283 | status=FAILED | reason=Insufficient quantity for product id: 11234. Requested: 283, available: 2
2026-07-28T19:16:09.677-04:00 Order failure | productId=11234 | userId=908 | quantity=784 | status=FAILED | reason=Insufficient quantity for product id: 11234. Requested: 784, available: 2
2026-07-28T19:16:09.682-04:00 Order failure | productId=11234 | userId=909 | quantity=205 | status=FAILED | reason=Insufficient quantity for product id: 11234. Requested: 205, available: 2
2026-07-28T19:16:09.685-04:00 Order failure | productId=11234 | userId=910 | quantity=101 | status=FAILED | reason=Insufficient quantity for product id: 11234. Requested: 101, available: 2
2026-07-28T19:16:09.692-04:00 Order failure | productId=1301 | userId=911 | quantity=86 | status=FAILED | reason=Insufficient quantity for product id: 1301. Requested: 86, available: 0
2026-07-28T19:16:09.697-04:00 Order failure | productId=1301 | userId=912 | quantity=723 | status=FAILED | reason=Insufficient quantity for product id: 1301. Requested: 723, available: 0
2026-07-28T19:16:09.701-04:00 Order failure | productId=1301 | userId=913 | quantity=486 | status=FAILED | reason=Insufficient quantity for product id: 1301. Requested: 486, available: 0
2026-07-28T19:16:09.707-04:00 Order failure | productId=1301 | userId=914 | quantity=945 | status=FAILED | reason=Insufficient quantity for product id: 1301. Requested: 945, available: 0
2026-07-28T19:16:09.711-04:00 Order failure | productId=11234 | userId=915 | quantity=546 | status=FAILED | reason=Insufficient quantity for product id: 11234. Requested: 546, available: 2
2026-07-28T19:16:09.716-04:00 Order failure | productId=11234 | userId=916 | quantity=129 | status=FAILED | reason=Insufficient quantity for product id: 11234. Requested: 129, available: 2
2026-07-28T19:16:09.720-04:00 Order failure | productId=1301 | userId=917 | quantity=582 | status=FAILED | reason=Insufficient quantity for product id: 1301. Requested: 582, available: 0
2026-07-28T19:16:09.726-04:00 Order failure | productId=1301 | userId=918 | quantity=30 | status=FAILED | reason=Insufficient quantity for product id: 1301. Requested: 30, available: 0
2026-07-28T19:16:09.733-04:00 Order failure | productId=11234 | userId=919 | quantity=444 | status=FAILED | reason=Insufficient quantity for product id: 11234. Requested: 444, available: 2
2026-07-28T19:16:09.736-04:00 Order failure | productId=11234 | userId=920 | quantity=984 | status=FAILED | reason=Insufficient quantity for product id: 11234. Requested: 984, available: 2
2026-07-28T19:16:09.742-04:00 Order failure | productId=11234 | userId=921 | quantity=980 | status=FAILED | reason=Insufficient quantity for product id: 11234. Requested: 980, available: 2
2026-07-28T19:16:09.745-04:00 Order failure | productId=1301 | userId=922 | quantity=719 | status=FAILED | reason=Insufficient quantity for product id: 1301. Requested: 719, available: 0
2026-07-28T19:16:09.751-04:00 Order failure | productId=1301 | userId=923 | quantity=792 | status=FAILED | reason=Insufficient quantity for product id: 1301. Requested: 792, available: 0
2026-07-28T19:16:09.756-04:00 Order failure | productId=1301 | userId=924 | quantity=437 | status=FAILED | reason=Insufficient quantity for product id: 1301. Requested: 437, available: 0
2026-07-28T19:16:09.762-04:00 Order failure | productId=1301 | userId=925 | quantity=709 | status=FAILED | reason=Insufficient quantity for product id: 1301. Requested: 709, available: 0
2026-07-28T19:16:09.767-04:00 Order failure | productId=1301 | userId=926 | quantity=717 | status=FAILED | reason=Insufficient quantity for product id: 1301. Requested: 717, available: 0
2026-07-28T19:16:09.771-04:00 Order failure | productId=1301 | userId=927 | quantity=350 | status=FAILED | reason=Insufficient quantity for product id: 1301. Requested: 350, available: 0
2026-07-28T19:16:09.776-04:00 Order failure | productId=1301 | userId=928 | quantity=825 | status=FAILED | reason=Insufficient quantity for product id: 1301. Requested: 825, available: 0
2026-07-28T19:16:09.781-04:00 Order failure | productId=1301 | userId=929 | quantity=983 | status=FAILED | reason=Insufficient quantity for product id: 1301. Requested: 983, available: 0
2026-07-28T19:16:09.785-04:00 Order failure | productId=11234 | userId=930 | quantity=815 | status=FAILED | reason=Insufficient quantity for product id: 11234. Requested: 815, available: 2
2026-07-28T19:16:09.792-04:00 Order failure | productId=1301 | userId=931 | quantity=378 | status=FAILED | reason=Insufficient quantity for product id: 1301. Requested: 378, available: 0
2026-07-28T19:16:09.796-04:00 Order failure | productId=1301 | userId=932 | quantity=829 | status=FAILED | reason=Insufficient quantity for product id: 1301. Requested: 829, available: 0
2026-07-28T19:16:09.800-04:00 Order failure | productId=1301 | userId=933 | quantity=603 | status=FAILED | reason=Insufficient quantity for product id: 1301. Requested: 603, available: 0
2026-07-28T19:16:09.805-04:00 Order failure | productId=11234 | userId=934 | quantity=382 | status=FAILED | reason=Insufficient quantity for product id: 11234. Requested: 382, available: 2
2026-07-28T19:16:09.810-04:00 Order failure | productId=1301 | userId=935 | quantity=143 | status=FAILED | reason=Insufficient quantity for product id: 1301. Requested: 143, available: 0
2026-07-28T19:16:09.816-04:00 Order failure | productId=11234 | userId=936 | quantity=247 | status=FAILED | reason=Insufficient quantity for product id: 11234. Requested: 247, available: 2
2026-07-28T19:16:09.820-04:00 Order failure | productId=1301 | userId=937 | quantity=743 | status=FAILED | reason=Insufficient quantity for product id: 1301. Requested: 743, available: 0
2026-07-28T19:16:09.825-04:00 Order failure | productId=11234 | userId=938 | quantity=502 | status=FAILED | reason=Insufficient quantity for product id: 11234. Requested: 502, available: 2
2026-07-28T19:16:09.831-04:00 Order failure | productId=11234 | userId=939 | quantity=459 | status=FAILED | reason=Insufficient quantity for product id: 11234. Requested: 459, available: 2
2026-07-28T19:16:09.835-04:00 Order failure | productId=1301 | userId=940 | quantity=342 | status=FAILED | reason=Insufficient quantity for product id: 1301. Requested: 342, available: 0
2026-07-28T19:16:09.841-04:00 Order failure | productId=1301 | userId=941 | quantity=140 | status=FAILED | reason=Insufficient quantity for product id: 1301. Requested: 140, available: 0
2026-07-28T19:16:09.845-04:00 Order failure | productId=11234 | userId=942 | quantity=774 | status=FAILED | reason=Insufficient quantity for product id: 11234. Requested: 774, available: 2
2026-07-28T19:16:09.851-04:00 Order failure | productId=1301 | userId=943 | quantity=191 | status=FAILED | reason=Insufficient quantity for product id: 1301. Requested: 191, available: 0
2026-07-28T19:16:09.855-04:00 Order failure | productId=1301 | userId=944 | quantity=352 | status=FAILED | reason=Insufficient quantity for product id: 1301. Requested: 352, available: 0
2026-07-28T19:16:09.861-04:00 Order failure | productId=1301 | userId=945 | quantity=625 | status=FAILED | reason=Insufficient quantity for product id: 1301. Requested: 625, available: 0
2026-07-28T19:16:09.866-04:00 Order failure | productId=1301 | userId=946 | quantity=181 | status=FAILED | reason=Insufficient quantity for product id: 1301. Requested: 181, available: 0
2026-07-28T19:16:09.870-04:00 Order failure | productId=11234 | userId=947 | quantity=751 | status=FAILED | reason=Insufficient quantity for product id: 11234. Requested: 751, available: 2
2026-07-28T19:16:09.875-04:00 Order failure | productId=1301 | userId=948 | quantity=723 | status=FAILED | reason=Insufficient quantity for product id: 1301. Requested: 723, available: 0
2026-07-28T19:16:09.881-04:00 Order failure | productId=11234 | userId=949 | quantity=499 | status=FAILED | reason=Insufficient quantity for product id: 11234. Requested: 499, available: 2
2026-07-28T19:16:09.885-04:00 Order failure | productId=11234 | userId=950 | quantity=931 | status=FAILED | reason=Insufficient quantity for product id: 11234. Requested: 931, available: 2
2026-07-28T19:16:09.890-04:00 Order failure | productId=1301 | userId=951 | quantity=483 | status=FAILED | reason=Insufficient quantity for product id: 1301. Requested: 483, available: 0
2026-07-28T19:16:09.895-04:00 Order failure | productId=11234 | userId=952 | quantity=824 | status=FAILED | reason=Insufficient quantity for product id: 11234. Requested: 824, available: 2
2026-07-28T19:16:09.900-04:00 Order failure | productId=11234 | userId=953 | quantity=214 | status=FAILED | reason=Insufficient quantity for product id: 11234. Requested: 214, available: 2
2026-07-28T19:16:09.906-04:00 Order failure | productId=11234 | userId=954 | quantity=583 | status=FAILED | reason=Insufficient quantity for product id: 11234. Requested: 583, available: 2
2026-07-28T19:16:09.910-04:00 Order failure | productId=11234 | userId=955 | quantity=693 | status=FAILED | reason=Insufficient quantity for product id: 11234. Requested: 693, available: 2
2026-07-28T19:16:09.915-04:00 Order failure | productId=1301 | userId=956 | quantity=185 | status=FAILED | reason=Insufficient quantity for product id: 1301. Requested: 185, available: 0
2026-07-28T19:16:09.920-04:00 Order failure | productId=1301 | userId=957 | quantity=371 | status=FAILED | reason=Insufficient quantity for product id: 1301. Requested: 371, available: 0
2026-07-28T19:16:09.925-04:00 Order failure | productId=11234 | userId=958 | quantity=774 | status=FAILED | reason=Insufficient quantity for product id: 11234. Requested: 774, available: 2
2026-07-28T19:16:09.931-04:00 Order failure | productId=1301 | userId=959 | quantity=828 | status=FAILED | reason=Insufficient quantity for product id: 1301. Requested: 828, available: 0
2026-07-28T19:16:09.936-04:00 Order failure | productId=1301 | userId=960 | quantity=313 | status=FAILED | reason=Insufficient quantity for product id: 1301. Requested: 313, available: 0
2026-07-28T19:16:09.942-04:00 Order failure | productId=1301 | userId=961 | quantity=248 | status=FAILED | reason=Insufficient quantity for product id: 1301. Requested: 248, available: 0
2026-07-28T19:16:09.945-04:00 Order failure | productId=1301 | userId=962 | quantity=309 | status=FAILED | reason=Insufficient quantity for product id: 1301. Requested: 309, available: 0
2026-07-28T19:16:09.951-04:00 Order failure | productId=1301 | userId=963 | quantity=625 | status=FAILED | reason=Insufficient quantity for product id: 1301. Requested: 625, available: 0
2026-07-28T19:16:09.955-04:00 Order failure | productId=11234 | userId=964 | quantity=609 | status=FAILED | reason=Insufficient quantity for product id: 11234. Requested: 609, available: 2
2026-07-28T19:16:09.960-04:00 Order failure | productId=11234 | userId=965 | quantity=183 | status=FAILED | reason=Insufficient quantity for product id: 11234. Requested: 183, available: 2
2026-07-28T19:16:09.965-04:00 Order failure | productId=1301 | userId=966 | quantity=644 | status=FAILED | reason=Insufficient quantity for product id: 1301. Requested: 644, available: 0
2026-07-28T19:16:09.970-04:00 Order failure | productId=1301 | userId=967 | quantity=568 | status=FAILED | reason=Insufficient quantity for product id: 1301. Requested: 568, available: 0
2026-07-28T19:16:09.976-04:00 Order failure | productId=1301 | userId=968 | quantity=616 | status=FAILED | reason=Insufficient quantity for product id: 1301. Requested: 616, available: 0
2026-07-28T19:16:09.981-04:00 Order failure | productId=1301 | userId=969 | quantity=989 | status=FAILED | reason=Insufficient quantity for product id: 1301. Requested: 989, available: 0
2026-07-28T19:16:09.986-04:00 Order failure | productId=11234 | userId=970 | quantity=578 | status=FAILED | reason=Insufficient quantity for product id: 11234. Requested: 578, available: 2
2026-07-28T19:16:09.991-04:00 Order failure | productId=11234 | userId=971 | quantity=507 | status=FAILED | reason=Insufficient quantity for product id: 11234. Requested: 507, available: 2
2026-07-28T19:16:09.996-04:00 Order failure | productId=1301 | userId=972 | quantity=520 | status=FAILED | reason=Insufficient quantity for product id: 1301. Requested: 520, available: 0
2026-07-28T19:16:10.002-04:00 Order failure | productId=11234 | userId=973 | quantity=159 | status=FAILED | reason=Insufficient quantity for product id: 11234. Requested: 159, available: 2
2026-07-28T19:16:10.006-04:00 Order failure | productId=1301 | userId=974 | quantity=928 | status=FAILED | reason=Insufficient quantity for product id: 1301. Requested: 928, available: 0
2026-07-28T19:16:10.011-04:00 Order failure | productId=1301 | userId=975 | quantity=779 | status=FAILED | reason=Insufficient quantity for product id: 1301. Requested: 779, available: 0
2026-07-28T19:16:10.017-04:00 Order failure | productId=1301 | userId=976 | quantity=976 | status=FAILED | reason=Insufficient quantity for product id: 1301. Requested: 976, available: 0
2026-07-28T19:16:10.020-04:00 Order failure | productId=11234 | userId=977 | quantity=67 | status=FAILED | reason=Insufficient quantity for product id: 11234. Requested: 67, available: 2
2026-07-28T19:16:10.026-04:00 Order failure | productId=1301 | userId=978 | quantity=386 | status=FAILED | reason=Insufficient quantity for product id: 1301. Requested: 386, available: 0
2026-07-28T19:16:10.030-04:00 Order failure | productId=1301 | userId=979 | quantity=243 | status=FAILED | reason=Insufficient quantity for product id: 1301. Requested: 243, available: 0
2026-07-28T19:16:10.037-04:00 Order failure | productId=11234 | userId=980 | quantity=211 | status=FAILED | reason=Insufficient quantity for product id: 11234. Requested: 211, available: 2
2026-07-28T19:16:10.041-04:00 Order failure | productId=1301 | userId=981 | quantity=127 | status=FAILED | reason=Insufficient quantity for product id: 1301. Requested: 127, available: 0
2026-07-28T19:16:10.047-04:00 Order failure | productId=1301 | userId=982 | quantity=295 | status=FAILED | reason=Insufficient quantity for product id: 1301. Requested: 295, available: 0
2026-07-28T19:16:10.052-04:00 Order failure | productId=1301 | userId=983 | quantity=249 | status=FAILED | reason=Insufficient quantity for product id: 1301. Requested: 249, available: 0
2026-07-28T19:16:10.056-04:00 Order failure | productId=11234 | userId=984 | quantity=453 | status=FAILED | reason=Insufficient quantity for product id: 11234. Requested: 453, available: 2
2026-07-28T19:16:10.060-04:00 Order failure | productId=1301 | userId=985 | quantity=388 | status=FAILED | reason=Insufficient quantity for product id: 1301. Requested: 388, available: 0
2026-07-28T19:16:10.065-04:00 Order failure | productId=1301 | userId=986 | quantity=164 | status=FAILED | reason=Insufficient quantity for product id: 1301. Requested: 164, available: 0
2026-07-28T19:16:10.070-04:00 Order failure | productId=11234 | userId=987 | quantity=499 | status=FAILED | reason=Insufficient quantity for product id: 11234. Requested: 499, available: 2
2026-07-28T19:16:10.076-04:00 Order failure | productId=11234 | userId=988 | quantity=413 | status=FAILED | reason=Insufficient quantity for product id: 11234. Requested: 413, available: 2
2026-07-28T19:16:10.081-04:00 Order failure | productId=11234 | userId=989 | quantity=959 | status=FAILED | reason=Insufficient quantity for product id: 11234. Requested: 959, available: 2
2026-07-28T19:16:10.085-04:00 Order failure | productId=1301 | userId=990 | quantity=548 | status=FAILED | reason=Insufficient quantity for product id: 1301. Requested: 548, available: 0
2026-07-28T19:16:10.090-04:00 Order failure | productId=11234 | userId=991 | quantity=926 | status=FAILED | reason=Insufficient quantity for product id: 11234. Requested: 926, available: 2
2026-07-28T19:16:10.095-04:00 Order failure | productId=1301 | userId=992 | quantity=960 | status=FAILED | reason=Insufficient quantity for product id: 1301. Requested: 960, available: 0
2026-07-28T19:16:10.101-04:00 Order failure | productId=11234 | userId=993 | quantity=720 | status=FAILED | reason=Insufficient quantity for product id: 11234. Requested: 720, available: 2
2026-07-28T19:16:10.107-04:00 Order failure | productId=11234 | userId=994 | quantity=662 | status=FAILED | reason=Insufficient quantity for product id: 11234. Requested: 662, available: 2
2026-07-28T19:16:10.111-04:00 Order failure | productId=11234 | userId=995 | quantity=916 | status=FAILED | reason=Insufficient quantity for product id: 11234. Requested: 916, available: 2
2026-07-28T19:16:10.116-04:00 Order failure | productId=11234 | userId=996 | quantity=439 | status=FAILED | reason=Insufficient quantity for product id: 11234. Requested: 439, available: 2
2026-07-28T19:16:10.121-04:00 Order failure | productId=1301 | userId=997 | quantity=246 | status=FAILED | reason=Insufficient quantity for product id: 1301. Requested: 246, available: 0
2026-07-28T19:16:10.126-04:00 Order failure | productId=11234 | userId=998 | quantity=417 | status=FAILED | reason=Insufficient quantity for product id: 11234. Requested: 417, available: 2
2026-07-28T19:16:10.131-04:00 Order failure | productId=1301 | userId=999 | quantity=564 | status=FAILED | reason=Insufficient quantity for product id: 1301. Requested: 564, available: 0
2026-07-28T19:16:10.136-04:00 Order failure | productId=11234 | userId=1000 | quantity=572 | status=FAILED | reason=Insufficient quantity for product id: 11234. Requested: 572, available: 2
2026-07-28T19:16:10.141-04:00 Order failure | productId=11234 | userId=1001 | quantity=581 | status=FAILED | reason=Insufficient quantity for product id: 11234. Requested: 581, available: 2
2026-07-28T19:16:10.147-04:00 Order failure | productId=1301 | userId=1002 | quantity=787 | status=FAILED | reason=Insufficient quantity for product id: 1301. Requested: 787, available: 0
2026-07-28T19:16:10.150-04:00 Order failure | productId=1301 | userId=1003 | quantity=932 | status=FAILED | reason=Insufficient quantity for product id: 1301. Requested: 932, available: 0
2026-07-28T19:16:10.156-04:00 Order failure | productId=11234 | userId=1004 | quantity=929 | status=FAILED | reason=Insufficient quantity for product id: 11234. Requested: 929, available: 2
2026-07-28T19:16:10.163-04:00 Order failure | productId=1301 | userId=1005 | quantity=548 | status=FAILED | reason=Insufficient quantity for product id: 1301. Requested: 548, available: 0
2026-07-28T19:16:10.166-04:00 Order failure | productId=1301 | userId=1006 | quantity=597 | status=FAILED | reason=Insufficient quantity for product id: 1301. Requested: 597, available: 0
2026-07-28T19:16:10.170-04:00 Order failure | productId=1301 | userId=1007 | quantity=569 | status=FAILED | reason=Insufficient quantity for product id: 1301. Requested: 569, available: 0
2026-07-28T19:16:10.177-04:00 Order failure | productId=1301 | userId=1008 | quantity=222 | status=FAILED | reason=Insufficient quantity for product id: 1301. Requested: 222, available: 0
2026-07-28T19:16:10.182-04:00 Order failure | productId=11234 | userId=1009 | quantity=579 | status=FAILED | reason=Insufficient quantity for product id: 11234. Requested: 579, available: 2
2026-07-28T19:16:10.186-04:00 Order failure | productId=1301 | userId=1010 | quantity=821 | status=FAILED | reason=Insufficient quantity for product id: 1301. Requested: 821, available: 0
2026-07-28T19:16:10.191-04:00 Order failure | productId=1301 | userId=1011 | quantity=747 | status=FAILED | reason=Insufficient quantity for product id: 1301. Requested: 747, available: 0
2026-07-28T19:16:10.197-04:00 Order failure | productId=11234 | userId=1012 | quantity=732 | status=FAILED | reason=Insufficient quantity for product id: 11234. Requested: 732, available: 2
2026-07-28T19:16:10.201-04:00 Order failure | productId=11234 | userId=1013 | quantity=596 | status=FAILED | reason=Insufficient quantity for product id: 11234. Requested: 596, available: 2
2026-07-28T19:16:10.205-04:00 Order failure | productId=1301 | userId=1014 | quantity=806 | status=FAILED | reason=Insufficient quantity for product id: 1301. Requested: 806, available: 0
2026-07-28T19:16:10.211-04:00 Order failure | productId=1301 | userId=1015 | quantity=331 | status=FAILED | reason=Insufficient quantity for product id: 1301. Requested: 331, available: 0
2026-07-28T19:16:10.216-04:00 Order failure | productId=11234 | userId=1016 | quantity=81 | status=FAILED | reason=Insufficient quantity for product id: 11234. Requested: 81, available: 2
2026-07-28T19:16:10.221-04:00 Order failure | productId=11234 | userId=1017 | quantity=85 | status=FAILED | reason=Insufficient quantity for product id: 11234. Requested: 85, available: 2
2026-07-28T19:16:10.225-04:00 Order failure | productId=1301 | userId=1018 | quantity=641 | status=FAILED | reason=Insufficient quantity for product id: 1301. Requested: 641, available: 0
2026-07-28T19:16:10.232-04:00 Order failure | productId=1301 | userId=1019 | quantity=176 | status=FAILED | reason=Insufficient quantity for product id: 1301. Requested: 176, available: 0
2026-07-28T19:16:10.235-04:00 Order failure | productId=11234 | userId=1020 | quantity=647 | status=FAILED | reason=Insufficient quantity for product id: 11234. Requested: 647, available: 2
2026-07-28T19:16:10.241-04:00 Order failure | productId=11234 | userId=1021 | quantity=391 | status=FAILED | reason=Insufficient quantity for product id: 11234. Requested: 391, available: 2
2026-07-28T19:16:10.246-04:00 Order failure | productId=1301 | userId=1022 | quantity=594 | status=FAILED | reason=Insufficient quantity for product id: 1301. Requested: 594, available: 0
2026-07-28T19:16:10.251-04:00 Order failure | productId=1301 | userId=1023 | quantity=615 | status=FAILED | reason=Insufficient quantity for product id: 1301. Requested: 615, available: 0
2026-07-28T19:16:10.255-04:00 Order failure | productId=11234 | userId=1024 | quantity=411 | status=FAILED | reason=Insufficient quantity for product id: 11234. Requested: 411, available: 2
2026-07-28T19:16:10.261-04:00 Order failure | productId=1301 | userId=1025 | quantity=830 | status=FAILED | reason=Insufficient quantity for product id: 1301. Requested: 830, available: 0
2026-07-28T19:16:10.267-04:00 Order failure | productId=1301 | userId=1026 | quantity=759 | status=FAILED | reason=Insufficient quantity for product id: 1301. Requested: 759, available: 0
2026-07-28T19:16:10.270-04:00 Order failure | productId=1301 | userId=1027 | quantity=61 | status=FAILED | reason=Insufficient quantity for product id: 1301. Requested: 61, available: 0
2026-07-28T19:16:10.276-04:00 Order failure | productId=11234 | userId=1028 | quantity=683 | status=FAILED | reason=Insufficient quantity for product id: 11234. Requested: 683, available: 2
2026-07-28T19:16:10.281-04:00 Order failure | productId=11234 | userId=1029 | quantity=308 | status=FAILED | reason=Insufficient quantity for product id: 11234. Requested: 308, available: 2
2026-07-28T19:16:10.286-04:00 Order failure | productId=1301 | userId=1030 | quantity=98 | status=FAILED | reason=Insufficient quantity for product id: 1301. Requested: 98, available: 0
2026-07-28T19:16:10.290-04:00 Order failure | productId=1301 | userId=1031 | quantity=327 | status=FAILED | reason=Insufficient quantity for product id: 1301. Requested: 327, available: 0
2026-07-28T19:16:10.296-04:00 Order failure | productId=11234 | userId=1032 | quantity=604 | status=FAILED | reason=Insufficient quantity for product id: 11234. Requested: 604, available: 2
2026-07-28T19:16:10.301-04:00 Order failure | productId=1301 | userId=1033 | quantity=970 | status=FAILED | reason=Insufficient quantity for product id: 1301. Requested: 970, available: 0
2026-07-28T19:16:10.306-04:00 Order failure | productId=1301 | userId=1034 | quantity=29 | status=FAILED | reason=Insufficient quantity for product id: 1301. Requested: 29, available: 0
2026-07-28T19:16:10.312-04:00 Order failure | productId=1301 | userId=1035 | quantity=323 | status=FAILED | reason=Insufficient quantity for product id: 1301. Requested: 323, available: 0
2026-07-28T19:16:10.316-04:00 Order failure | productId=11234 | userId=1036 | quantity=209 | status=FAILED | reason=Insufficient quantity for product id: 11234. Requested: 209, available: 2
2026-07-28T19:16:10.321-04:00 Order failure | productId=1301 | userId=1037 | quantity=731 | status=FAILED | reason=Insufficient quantity for product id: 1301. Requested: 731, available: 0
2026-07-28T19:16:10.326-04:00 Order failure | productId=11234 | userId=1038 | quantity=893 | status=FAILED | reason=Insufficient quantity for product id: 11234. Requested: 893, available: 2
2026-07-28T19:16:10.332-04:00 Order failure | productId=1301 | userId=1039 | quantity=98 | status=FAILED | reason=Insufficient quantity for product id: 1301. Requested: 98, available: 0
2026-07-28T19:16:10.336-04:00 Order failure | productId=11234 | userId=1040 | quantity=439 | status=FAILED | reason=Insufficient quantity for product id: 11234. Requested: 439, available: 2
2026-07-28T19:16:10.341-04:00 Order failure | productId=11234 | userId=1041 | quantity=576 | status=FAILED | reason=Insufficient quantity for product id: 11234. Requested: 576, available: 2
2026-07-28T19:16:10.347-04:00 Order failure | productId=1301 | userId=1042 | quantity=554 | status=FAILED | reason=Insufficient quantity for product id: 1301. Requested: 554, available: 0
2026-07-28T19:16:10.352-04:00 Order failure | productId=11234 | userId=1043 | quantity=74 | status=FAILED | reason=Insufficient quantity for product id: 11234. Requested: 74, available: 2
2026-07-28T19:16:10.356-04:00 Order failure | productId=11234 | userId=1044 | quantity=644 | status=FAILED | reason=Insufficient quantity for product id: 11234. Requested: 644, available: 2
2026-07-28T19:16:10.361-04:00 Order failure | productId=11234 | userId=1045 | quantity=749 | status=FAILED | reason=Insufficient quantity for product id: 11234. Requested: 749, available: 2
2026-07-28T19:16:10.366-04:00 Order failure | productId=1301 | userId=1046 | quantity=338 | status=FAILED | reason=Insufficient quantity for product id: 1301. Requested: 338, available: 0
2026-07-28T19:16:10.371-04:00 Order failure | productId=1301 | userId=1047 | quantity=233 | status=FAILED | reason=Insufficient quantity for product id: 1301. Requested: 233, available: 0
2026-07-28T19:16:10.376-04:00 Order failure | productId=11234 | userId=1048 | quantity=381 | status=FAILED | reason=Insufficient quantity for product id: 11234. Requested: 381, available: 2
2026-07-28T19:16:10.381-04:00 Order failure | productId=11234 | userId=1049 | quantity=731 | status=FAILED | reason=Insufficient quantity for product id: 11234. Requested: 731, available: 2
2026-07-28T19:16:10.386-04:00 Order failure | productId=1301 | userId=1050 | quantity=767 | status=FAILED | reason=Insufficient quantity for product id: 1301. Requested: 767, available: 0
2026-07-28T19:16:10.393-04:00 Order failure | productId=1301 | userId=1051 | quantity=567 | status=FAILED | reason=Insufficient quantity for product id: 1301. Requested: 567, available: 0
2026-07-28T19:16:10.397-04:00 Order failure | productId=11234 | userId=1052 | quantity=806 | status=FAILED | reason=Insufficient quantity for product id: 11234. Requested: 806, available: 2
2026-07-28T19:16:10.401-04:00 Order failure | productId=11234 | userId=1053 | quantity=348 | status=FAILED | reason=Insufficient quantity for product id: 11234. Requested: 348, available: 2
2026-07-28T19:16:10.406-04:00 Order failure | productId=11234 | userId=1054 | quantity=738 | status=FAILED | reason=Insufficient quantity for product id: 11234. Requested: 738, available: 2
2026-07-28T19:16:10.411-04:00 Order failure | productId=11234 | userId=1055 | quantity=702 | status=FAILED | reason=Insufficient quantity for product id: 11234. Requested: 702, available: 2
2026-07-28T19:16:10.417-04:00 Order failure | productId=1301 | userId=1056 | quantity=94 | status=FAILED | reason=Insufficient quantity for product id: 1301. Requested: 94, available: 0
2026-07-28T19:16:10.421-04:00 Order failure | productId=1301 | userId=1057 | quantity=405 | status=FAILED | reason=Insufficient quantity for product id: 1301. Requested: 405, available: 0
2026-07-28T19:16:10.425-04:00 Order failure | productId=1301 | userId=1058 | quantity=563 | status=FAILED | reason=Insufficient quantity for product id: 1301. Requested: 563, available: 0
2026-07-28T19:16:10.431-04:00 Order failure | productId=1301 | userId=1059 | quantity=824 | status=FAILED | reason=Insufficient quantity for product id: 1301. Requested: 824, available: 0
2026-07-28T19:16:10.436-04:00 Order failure | productId=1301 | userId=1060 | quantity=926 | status=FAILED | reason=Insufficient quantity for product id: 1301. Requested: 926, available: 0
2026-07-28T19:16:10.441-04:00 Order failure | productId=11234 | userId=1061 | quantity=572 | status=FAILED | reason=Insufficient quantity for product id: 11234. Requested: 572, available: 2
2026-07-28T19:16:10.446-04:00 Order failure | productId=1301 | userId=1062 | quantity=260 | status=FAILED | reason=Insufficient quantity for product id: 1301. Requested: 260, available: 0
2026-07-28T19:16:10.451-04:00 Order failure | productId=1301 | userId=1063 | quantity=520 | status=FAILED | reason=Insufficient quantity for product id: 1301. Requested: 520, available: 0
2026-07-28T19:16:10.456-04:00 Order failure | productId=1301 | userId=1064 | quantity=569 | status=FAILED | reason=Insufficient quantity for product id: 1301. Requested: 569, available: 0
2026-07-28T19:16:10.461-04:00 Order failure | productId=11234 | userId=1065 | quantity=833 | status=FAILED | reason=Insufficient quantity for product id: 11234. Requested: 833, available: 2
2026-07-28T19:16:10.467-04:00 Order failure | productId=11234 | userId=1066 | quantity=907 | status=FAILED | reason=Insufficient quantity for product id: 11234. Requested: 907, available: 2
2026-07-28T19:16:10.471-04:00 Order failure | productId=1301 | userId=1067 | quantity=198 | status=FAILED | reason=Insufficient quantity for product id: 1301. Requested: 198, available: 0
2026-07-28T19:16:10.476-04:00 Order failure | productId=1301 | userId=1068 | quantity=403 | status=FAILED | reason=Insufficient quantity for product id: 1301. Requested: 403, available: 0
2026-07-28T19:16:10.483-04:00 Order failure | productId=11234 | userId=1069 | quantity=281 | status=FAILED | reason=Insufficient quantity for product id: 11234. Requested: 281, available: 2
2026-07-28T19:16:10.487-04:00 Order failure | productId=11234 | userId=1070 | quantity=886 | status=FAILED | reason=Insufficient quantity for product id: 11234. Requested: 886, available: 2
2026-07-28T19:16:10.492-04:00 Order failure | productId=1301 | userId=1071 | quantity=690 | status=FAILED | reason=Insufficient quantity for product id: 1301. Requested: 690, available: 0
2026-07-28T19:16:10.497-04:00 Order failure | productId=11234 | userId=1072 | quantity=469 | status=FAILED | reason=Insufficient quantity for product id: 11234. Requested: 469, available: 2
2026-07-28T19:16:10.502-04:00 Order failure | productId=1301 | userId=1073 | quantity=370 | status=FAILED | reason=Insufficient quantity for product id: 1301. Requested: 370, available: 0
2026-07-28T19:16:10.507-04:00 Order failure | productId=1301 | userId=1074 | quantity=278 | status=FAILED | reason=Insufficient quantity for product id: 1301. Requested: 278, available: 0
2026-07-28T19:16:10.513-04:00 Order failure | productId=1301 | userId=1075 | quantity=918 | status=FAILED | reason=Insufficient quantity for product id: 1301. Requested: 918, available: 0
2026-07-28T19:16:10.517-04:00 Order failure | productId=1301 | userId=1076 | quantity=505 | status=FAILED | reason=Insufficient quantity for product id: 1301. Requested: 505, available: 0
2026-07-28T19:16:10.521-04:00 Order failure | productId=1301 | userId=1077 | quantity=798 | status=FAILED | reason=Insufficient quantity for product id: 1301. Requested: 798, available: 0
2026-07-28T19:16:10.526-04:00 Order failure | productId=1301 | userId=1078 | quantity=581 | status=FAILED | reason=Insufficient quantity for product id: 1301. Requested: 581, available: 0
2026-07-28T19:16:10.532-04:00 Order failure | productId=11234 | userId=1079 | quantity=270 | status=FAILED | reason=Insufficient quantity for product id: 11234. Requested: 270, available: 2
2026-07-28T19:16:10.537-04:00 Order failure | productId=1301 | userId=1080 | quantity=119 | status=FAILED | reason=Insufficient quantity for product id: 1301. Requested: 119, available: 0
2026-07-28T19:16:10.542-04:00 Order failure | productId=11234 | userId=1081 | quantity=929 | status=FAILED | reason=Insufficient quantity for product id: 11234. Requested: 929, available: 2
2026-07-28T19:16:10.547-04:00 Order failure | productId=1301 | userId=1082 | quantity=610 | status=FAILED | reason=Insufficient quantity for product id: 1301. Requested: 610, available: 0
2026-07-28T19:16:10.552-04:00 Order failure | productId=11234 | userId=1083 | quantity=115 | status=FAILED | reason=Insufficient quantity for product id: 11234. Requested: 115, available: 2
2026-07-28T19:16:10.556-04:00 Order failure | productId=11234 | userId=1084 | quantity=633 | status=FAILED | reason=Insufficient quantity for product id: 11234. Requested: 633, available: 2
2026-07-28T19:16:10.560-04:00 Order failure | productId=11234 | userId=1085 | quantity=712 | status=FAILED | reason=Insufficient quantity for product id: 11234. Requested: 712, available: 2
2026-07-28T19:16:10.565-04:00 Order failure | productId=11234 | userId=1086 | quantity=48 | status=FAILED | reason=Insufficient quantity for product id: 11234. Requested: 48, available: 2
2026-07-28T19:16:10.570-04:00 Order failure | productId=11234 | userId=1087 | quantity=299 | status=FAILED | reason=Insufficient quantity for product id: 11234. Requested: 299, available: 2
2026-07-28T19:16:10.576-04:00 Order failure | productId=11234 | userId=1088 | quantity=481 | status=FAILED | reason=Insufficient quantity for product id: 11234. Requested: 481, available: 2
2026-07-28T19:16:10.581-04:00 Order failure | productId=11234 | userId=1089 | quantity=73 | status=FAILED | reason=Insufficient quantity for product id: 11234. Requested: 73, available: 2
2026-07-28T19:16:10.585-04:00 Order failure | productId=11234 | userId=1090 | quantity=183 | status=FAILED | reason=Insufficient quantity for product id: 11234. Requested: 183, available: 2
2026-07-28T19:16:10.592-04:00 Order failure | productId=1301 | userId=1091 | quantity=239 | status=FAILED | reason=Insufficient quantity for product id: 1301. Requested: 239, available: 0
2026-07-28T19:16:10.598-04:00 Order failure | productId=1301 | userId=1092 | quantity=196 | status=FAILED | reason=Insufficient quantity for product id: 1301. Requested: 196, available: 0
2026-07-28T19:16:10.601-04:00 Order failure | productId=11234 | userId=1093 | quantity=673 | status=FAILED | reason=Insufficient quantity for product id: 11234. Requested: 673, available: 2
2026-07-28T19:16:10.606-04:00 Order failure | productId=11234 | userId=1094 | quantity=850 | status=FAILED | reason=Insufficient quantity for product id: 11234. Requested: 850, available: 2
2026-07-28T19:16:10.612-04:00 Order failure | productId=1301 | userId=1095 | quantity=995 | status=FAILED | reason=Insufficient quantity for product id: 1301. Requested: 995, available: 0
2026-07-28T19:16:10.618-04:00 Order failure | productId=11234 | userId=1096 | quantity=813 | status=FAILED | reason=Insufficient quantity for product id: 11234. Requested: 813, available: 2
2026-07-28T19:16:10.621-04:00 Order failure | productId=1301 | userId=1097 | quantity=788 | status=FAILED | reason=Insufficient quantity for product id: 1301. Requested: 788, available: 0
2026-07-28T19:16:10.627-04:00 Order failure | productId=1301 | userId=1098 | quantity=124 | status=FAILED | reason=Insufficient quantity for product id: 1301. Requested: 124, available: 0
2026-07-28T19:16:10.632-04:00 Order failure | productId=1301 | userId=1099 | quantity=271 | status=FAILED | reason=Insufficient quantity for product id: 1301. Requested: 271, available: 0
2026-07-28T19:16:10.636-04:00 Order failure | productId=1301 | userId=1100 | quantity=505 | status=FAILED | reason=Insufficient quantity for product id: 1301. Requested: 505, available: 0
2026-07-28T19:16:10.643-04:00 Order failure | productId=1301 | userId=1101 | quantity=902 | status=FAILED | reason=Insufficient quantity for product id: 1301. Requested: 902, available: 0
2026-07-28T19:16:10.646-04:00 Order failure | productId=1301 | userId=1102 | quantity=793 | status=FAILED | reason=Insufficient quantity for product id: 1301. Requested: 793, available: 0
2026-07-28T19:16:10.652-04:00 Order failure | productId=11234 | userId=1103 | quantity=245 | status=FAILED | reason=Insufficient quantity for product id: 11234. Requested: 245, available: 2
2026-07-28T19:16:10.656-04:00 Order failure | productId=1301 | userId=1104 | quantity=477 | status=FAILED | reason=Insufficient quantity for product id: 1301. Requested: 477, available: 0
2026-07-28T19:16:10.663-04:00 Order success | productId=11234 | userId=1105 | quantity=2 | status=SUCCESS
2026-07-28T19:16:10.666-04:00 Order failure | productId=11234 | userId=1106 | quantity=154 | status=FAILED | reason=Insufficient quantity for product id: 11234. Requested: 154, available: 0
2026-07-28T19:16:10.670-04:00 Order failure | productId=11234 | userId=1107 | quantity=564 | status=FAILED | reason=Insufficient quantity for product id: 11234. Requested: 564, available: 0
2026-07-28T19:16:10.676-04:00 Order failure | productId=1301 | userId=1108 | quantity=842 | status=FAILED | reason=Insufficient quantity for product id: 1301. Requested: 842, available: 0
2026-07-28T19:16:10.681-04:00 Order failure | productId=1301 | userId=1109 | quantity=52 | status=FAILED | reason=Insufficient quantity for product id: 1301. Requested: 52, available: 0
2026-07-28T19:16:10.687-04:00 Order failure | productId=1301 | userId=1110 | quantity=68 | status=FAILED | reason=Insufficient quantity for product id: 1301. Requested: 68, available: 0
2026-07-28T19:16:10.690-04:00 Order failure | productId=1301 | userId=1111 | quantity=941 | status=FAILED | reason=Insufficient quantity for product id: 1301. Requested: 941, available: 0
2026-07-28T19:16:10.696-04:00 Order failure | productId=1301 | userId=1112 | quantity=521 | status=FAILED | reason=Insufficient quantity for product id: 1301. Requested: 521, available: 0
2026-07-28T19:16:10.701-04:00 Order failure | productId=1301 | userId=1113 | quantity=911 | status=FAILED | reason=Insufficient quantity for product id: 1301. Requested: 911, available: 0
2026-07-28T19:16:10.705-04:00 Order failure | productId=11234 | userId=1114 | quantity=603 | status=FAILED | reason=Insufficient quantity for product id: 11234. Requested: 603, available: 0
2026-07-28T19:16:10.710-04:00 Order failure | productId=1301 | userId=1115 | quantity=53 | status=FAILED | reason=Insufficient quantity for product id: 1301. Requested: 53, available: 0
2026-07-28T19:16:10.715-04:00 Order failure | productId=1301 | userId=1116 | quantity=419 | status=FAILED | reason=Insufficient quantity for product id: 1301. Requested: 419, available: 0
2026-07-28T19:16:10.721-04:00 Order failure | productId=11234 | userId=1117 | quantity=890 | status=FAILED | reason=Insufficient quantity for product id: 11234. Requested: 890, available: 0
2026-07-28T19:16:10.726-04:00 Order failure | productId=1301 | userId=1118 | quantity=112 | status=FAILED | reason=Insufficient quantity for product id: 1301. Requested: 112, available: 0
2026-07-28T19:16:10.730-04:00 Order failure | productId=11234 | userId=1119 | quantity=273 | status=FAILED | reason=Insufficient quantity for product id: 11234. Requested: 273, available: 0
2026-07-28T19:16:10.734-04:00 Order failure | productId=1301 | userId=1120 | quantity=107 | status=FAILED | reason=Insufficient quantity for product id: 1301. Requested: 107, available: 0
2026-07-28T19:16:10.739-04:00 Order failure | productId=11234 | userId=1121 | quantity=284 | status=FAILED | reason=Insufficient quantity for product id: 11234. Requested: 284, available: 0
2026-07-28T19:16:10.745-04:00 Order failure | productId=11234 | userId=1122 | quantity=594 | status=FAILED | reason=Insufficient quantity for product id: 11234. Requested: 594, available: 0
2026-07-28T19:16:10.752-04:00 Order failure | productId=1301 | userId=1123 | quantity=555 | status=FAILED | reason=Insufficient quantity for product id: 1301. Requested: 555, available: 0
2026-07-28T19:16:10.756-04:00 Order failure | productId=11234 | userId=1124 | quantity=516 | status=FAILED | reason=Insufficient quantity for product id: 11234. Requested: 516, available: 0
2026-07-28T19:16:10.762-04:00 Order failure | productId=1301 | userId=1125 | quantity=148 | status=FAILED | reason=Insufficient quantity for product id: 1301. Requested: 148, available: 0
2026-07-28T19:16:10.766-04:00 Order failure | productId=11234 | userId=1126 | quantity=390 | status=FAILED | reason=Insufficient quantity for product id: 11234. Requested: 390, available: 0
2026-07-28T19:16:10.770-04:00 Order failure | productId=11234 | userId=1127 | quantity=462 | status=FAILED | reason=Insufficient quantity for product id: 11234. Requested: 462, available: 0
2026-07-28T19:16:10.776-04:00 Order failure | productId=11234 | userId=1128 | quantity=259 | status=FAILED | reason=Insufficient quantity for product id: 11234. Requested: 259, available: 0
2026-07-28T19:16:10.781-04:00 Order failure | productId=1301 | userId=1129 | quantity=211 | status=FAILED | reason=Insufficient quantity for product id: 1301. Requested: 211, available: 0
2026-07-28T19:16:10.786-04:00 Order failure | productId=1301 | userId=1130 | quantity=341 | status=FAILED | reason=Insufficient quantity for product id: 1301. Requested: 341, available: 0
2026-07-28T19:16:10.792-04:00 Order failure | productId=1301 | userId=1131 | quantity=920 | status=FAILED | reason=Insufficient quantity for product id: 1301. Requested: 920, available: 0
2026-07-28T19:16:10.797-04:00 Order failure | productId=1301 | userId=1132 | quantity=733 | status=FAILED | reason=Insufficient quantity for product id: 1301. Requested: 733, available: 0
2026-07-28T19:16:10.800-04:00 Order failure | productId=1301 | userId=1133 | quantity=240 | status=FAILED | reason=Insufficient quantity for product id: 1301. Requested: 240, available: 0
2026-07-28T19:16:10.806-04:00 Order failure | productId=1301 | userId=1134 | quantity=754 | status=FAILED | reason=Insufficient quantity for product id: 1301. Requested: 754, available: 0
2026-07-28T19:16:10.810-04:00 Order failure | productId=11234 | userId=1135 | quantity=202 | status=FAILED | reason=Insufficient quantity for product id: 11234. Requested: 202, available: 0
2026-07-28T19:16:10.816-04:00 Order failure | productId=1301 | userId=1136 | quantity=368 | status=FAILED | reason=Insufficient quantity for product id: 1301. Requested: 368, available: 0
2026-07-28T19:16:10.821-04:00 Order failure | productId=1301 | userId=1137 | quantity=437 | status=FAILED | reason=Insufficient quantity for product id: 1301. Requested: 437, available: 0
2026-07-28T19:16:10.826-04:00 Order failure | productId=11234 | userId=1138 | quantity=258 | status=FAILED | reason=Insufficient quantity for product id: 11234. Requested: 258, available: 0
2026-07-28T19:16:10.830-04:00 Order failure | productId=11234 | userId=1139 | quantity=700 | status=FAILED | reason=Insufficient quantity for product id: 11234. Requested: 700, available: 0
2026-07-28T19:16:10.836-04:00 Order failure | productId=1301 | userId=1140 | quantity=703 | status=FAILED | reason=Insufficient quantity for product id: 1301. Requested: 703, available: 0
2026-07-28T19:16:10.841-04:00 Order failure | productId=1301 | userId=1141 | quantity=981 | status=FAILED | reason=Insufficient quantity for product id: 1301. Requested: 981, available: 0
2026-07-28T19:16:10.846-04:00 Order failure | productId=1301 | userId=1142 | quantity=355 | status=FAILED | reason=Insufficient quantity for product id: 1301. Requested: 355, available: 0
2026-07-28T19:16:10.851-04:00 Order failure | productId=11234 | userId=1143 | quantity=576 | status=FAILED | reason=Insufficient quantity for product id: 11234. Requested: 576, available: 0
2026-07-28T19:16:10.856-04:00 Order failure | productId=1301 | userId=1144 | quantity=53 | status=FAILED | reason=Insufficient quantity for product id: 1301. Requested: 53, available: 0
2026-07-28T19:16:10.860-04:00 Order failure | productId=11234 | userId=1145 | quantity=339 | status=FAILED | reason=Insufficient quantity for product id: 11234. Requested: 339, available: 0
2026-07-28T19:16:10.866-04:00 Order failure | productId=11234 | userId=1146 | quantity=793 | status=FAILED | reason=Insufficient quantity for product id: 11234. Requested: 793, available: 0
2026-07-28T19:16:10.870-04:00 Order failure | productId=11234 | userId=1147 | quantity=214 | status=FAILED | reason=Insufficient quantity for product id: 11234. Requested: 214, available: 0
2026-07-28T19:16:10.875-04:00 Order failure | productId=1301 | userId=1148 | quantity=744 | status=FAILED | reason=Insufficient quantity for product id: 1301. Requested: 744, available: 0
2026-07-28T19:16:10.881-04:00 Order failure | productId=1301 | userId=1149 | quantity=282 | status=FAILED | reason=Insufficient quantity for product id: 1301. Requested: 282, available: 0
2026-07-28T19:16:10.886-04:00 Order failure | productId=11234 | userId=1150 | quantity=493 | status=FAILED | reason=Insufficient quantity for product id: 11234. Requested: 493, available: 0
2026-07-28T19:16:10.890-04:00 Order failure | productId=1301 | userId=1151 | quantity=56 | status=FAILED | reason=Insufficient quantity for product id: 1301. Requested: 56, available: 0
2026-07-28T19:16:10.895-04:00 Order failure | productId=1301 | userId=1152 | quantity=782 | status=FAILED | reason=Insufficient quantity for product id: 1301. Requested: 782, available: 0
2026-07-28T19:16:10.901-04:00 Order failure | productId=11234 | userId=1153 | quantity=261 | status=FAILED | reason=Insufficient quantity for product id: 11234. Requested: 261, available: 0
2026-07-28T19:16:10.904-04:00 Order failure | productId=11234 | userId=1154 | quantity=833 | status=FAILED | reason=Insufficient quantity for product id: 11234. Requested: 833, available: 0
2026-07-28T19:16:10.912-04:00 Order failure | productId=11234 | userId=1155 | quantity=528 | status=FAILED | reason=Insufficient quantity for product id: 11234. Requested: 528, available: 0
2026-07-28T19:16:10.916-04:00 Order failure | productId=11234 | userId=1156 | quantity=133 | status=FAILED | reason=Insufficient quantity for product id: 11234. Requested: 133, available: 0
2026-07-28T19:16:10.921-04:00 Order failure | productId=11234 | userId=1157 | quantity=819 | status=FAILED | reason=Insufficient quantity for product id: 11234. Requested: 819, available: 0
2026-07-28T19:16:10.925-04:00 Order failure | productId=11234 | userId=1158 | quantity=359 | status=FAILED | reason=Insufficient quantity for product id: 11234. Requested: 359, available: 0
2026-07-28T19:16:10.929-04:00 Order failure | productId=11234 | userId=1159 | quantity=955 | status=FAILED | reason=Insufficient quantity for product id: 11234. Requested: 955, available: 0
2026-07-28T19:16:10.935-04:00 Order failure | productId=1301 | userId=1160 | quantity=720 | status=FAILED | reason=Insufficient quantity for product id: 1301. Requested: 720, available: 0
2026-07-28T19:16:10.941-04:00 Order failure | productId=11234 | userId=1161 | quantity=478 | status=FAILED | reason=Insufficient quantity for product id: 11234. Requested: 478, available: 0
2026-07-28T19:16:10.945-04:00 Order failure | productId=1301 | userId=1162 | quantity=126 | status=FAILED | reason=Insufficient quantity for product id: 1301. Requested: 126, available: 0
2026-07-28T19:16:10.952-04:00 Order failure | productId=11234 | userId=1163 | quantity=99 | status=FAILED | reason=Insufficient quantity for product id: 11234. Requested: 99, available: 0
2026-07-28T19:16:10.955-04:00 Order failure | productId=11234 | userId=1164 | quantity=863 | status=FAILED | reason=Insufficient quantity for product id: 11234. Requested: 863, available: 0
2026-07-28T19:16:10.960-04:00 Order failure | productId=11234 | userId=1165 | quantity=515 | status=FAILED | reason=Insufficient quantity for product id: 11234. Requested: 515, available: 0
2026-07-28T19:16:10.966-04:00 Order failure | productId=1301 | userId=1166 | quantity=573 | status=FAILED | reason=Insufficient quantity for product id: 1301. Requested: 573, available: 0
2026-07-28T19:16:10.970-04:00 Order failure | productId=1301 | userId=1167 | quantity=126 | status=FAILED | reason=Insufficient quantity for product id: 1301. Requested: 126, available: 0
2026-07-28T19:16:10.977-04:00 Order failure | productId=11234 | userId=1168 | quantity=393 | status=FAILED | reason=Insufficient quantity for product id: 11234. Requested: 393, available: 0
2026-07-28T19:16:10.979-04:00 Order failure | productId=1301 | userId=1169 | quantity=492 | status=FAILED | reason=Insufficient quantity for product id: 1301. Requested: 492, available: 0
2026-07-28T19:16:10.984-04:00 Order failure | productId=1301 | userId=1170 | quantity=4 | status=FAILED | reason=Insufficient quantity for product id: 1301. Requested: 4, available: 0
2026-07-28T19:16:10.990-04:00 Order failure | productId=11234 | userId=1171 | quantity=822 | status=FAILED | reason=Insufficient quantity for product id: 11234. Requested: 822, available: 0
2026-07-28T19:16:10.995-04:00 Order failure | productId=11234 | userId=1172 | quantity=949 | status=FAILED | reason=Insufficient quantity for product id: 11234. Requested: 949, available: 0
2026-07-28T19:16:11.000-04:00 Order failure | productId=11234 | userId=1173 | quantity=924 | status=FAILED | reason=Insufficient quantity for product id: 11234. Requested: 924, available: 0
2026-07-28T19:16:11.005-04:00 Order failure | productId=11234 | userId=1174 | quantity=965 | status=FAILED | reason=Insufficient quantity for product id: 11234. Requested: 965, available: 0
2026-07-28T19:16:11.010-04:00 Order failure | productId=11234 | userId=1175 | quantity=942 | status=FAILED | reason=Insufficient quantity for product id: 11234. Requested: 942, available: 0
2026-07-28T19:16:11.015-04:00 Order failure | productId=1301 | userId=1176 | quantity=939 | status=FAILED | reason=Insufficient quantity for product id: 1301. Requested: 939, available: 0
2026-07-28T19:16:11.021-04:00 Order failure | productId=11234 | userId=1177 | quantity=768 | status=FAILED | reason=Insufficient quantity for product id: 11234. Requested: 768, available: 0
2026-07-28T19:16:11.026-04:00 Order failure | productId=1301 | userId=1178 | quantity=712 | status=FAILED | reason=Insufficient quantity for product id: 1301. Requested: 712, available: 0
2026-07-28T19:16:11.032-04:00 Order failure | productId=1301 | userId=1179 | quantity=118 | status=FAILED | reason=Insufficient quantity for product id: 1301. Requested: 118, available: 0
2026-07-28T19:16:11.037-04:00 Order failure | productId=1301 | userId=1180 | quantity=143 | status=FAILED | reason=Insufficient quantity for product id: 1301. Requested: 143, available: 0
2026-07-28T19:16:11.042-04:00 Order failure | productId=1301 | userId=1181 | quantity=149 | status=FAILED | reason=Insufficient quantity for product id: 1301. Requested: 149, available: 0
2026-07-28T19:16:11.047-04:00 Order failure | productId=11234 | userId=1182 | quantity=90 | status=FAILED | reason=Insufficient quantity for product id: 11234. Requested: 90, available: 0
2026-07-28T19:16:11.052-04:00 Order failure | productId=11234 | userId=1183 | quantity=136 | status=FAILED | reason=Insufficient quantity for product id: 11234. Requested: 136, available: 0
2026-07-28T19:16:11.057-04:00 Order failure | productId=11234 | userId=1184 | quantity=569 | status=FAILED | reason=Insufficient quantity for product id: 11234. Requested: 569, available: 0
2026-07-28T19:16:11.063-04:00 Order failure | productId=11234 | userId=1185 | quantity=948 | status=FAILED | reason=Insufficient quantity for product id: 11234. Requested: 948, available: 0
2026-07-28T19:16:11.067-04:00 Order failure | productId=11234 | userId=1186 | quantity=738 | status=FAILED | reason=Insufficient quantity for product id: 11234. Requested: 738, available: 0
2026-07-28T19:16:11.072-04:00 Order failure | productId=11234 | userId=1187 | quantity=401 | status=FAILED | reason=Insufficient quantity for product id: 11234. Requested: 401, available: 0
2026-07-28T19:16:11.077-04:00 Order failure | productId=1301 | userId=1188 | quantity=373 | status=FAILED | reason=Insufficient quantity for product id: 1301. Requested: 373, available: 0
2026-07-28T19:16:11.086-04:00 Order failure | productId=11234 | userId=1189 | quantity=693 | status=FAILED | reason=Insufficient quantity for product id: 11234. Requested: 693, available: 0
2026-07-28T19:16:11.090-04:00 Order failure | productId=1301 | userId=1190 | quantity=236 | status=FAILED | reason=Insufficient quantity for product id: 1301. Requested: 236, available: 0
2026-07-28T19:16:11.091-04:00 Order failure | productId=1301 | userId=1191 | quantity=72 | status=FAILED | reason=Insufficient quantity for product id: 1301. Requested: 72, available: 0
2026-07-28T19:16:11.098-04:00 Order failure | productId=11234 | userId=1192 | quantity=921 | status=FAILED | reason=Insufficient quantity for product id: 11234. Requested: 921, available: 0
2026-07-28T19:16:11.102-04:00 Order failure | productId=1301 | userId=1193 | quantity=881 | status=FAILED | reason=Insufficient quantity for product id: 1301. Requested: 881, available: 0
2026-07-28T19:16:11.108-04:00 Order failure | productId=11234 | userId=1194 | quantity=571 | status=FAILED | reason=Insufficient quantity for product id: 11234. Requested: 571, available: 0
2026-07-28T19:16:11.111-04:00 Order failure | productId=11234 | userId=1195 | quantity=10 | status=FAILED | reason=Insufficient quantity for product id: 11234. Requested: 10, available: 0
2026-07-28T19:16:11.118-04:00 Order failure | productId=11234 | userId=1196 | quantity=733 | status=FAILED | reason=Insufficient quantity for product id: 11234. Requested: 733, available: 0
2026-07-28T19:16:11.122-04:00 Order failure | productId=11234 | userId=1197 | quantity=563 | status=FAILED | reason=Insufficient quantity for product id: 11234. Requested: 563, available: 0
2026-07-28T19:16:11.127-04:00 Order failure | productId=1301 | userId=1198 | quantity=70 | status=FAILED | reason=Insufficient quantity for product id: 1301. Requested: 70, available: 0
2026-07-28T19:16:11.129-04:00 Order failure | productId=11234 | userId=1199 | quantity=833 | status=FAILED | reason=Insufficient quantity for product id: 11234. Requested: 833, available: 0
2026-07-28T19:16:11.134-04:00 Order failure | productId=11234 | userId=1200 | quantity=74 | status=FAILED | reason=Insufficient quantity for product id: 11234. Requested: 74, available: 0
2026-07-28T19:16:11.139-04:00 Order failure | productId=11234 | userId=1201 | quantity=413 | status=FAILED | reason=Insufficient quantity for product id: 11234. Requested: 413, available: 0
2026-07-28T19:16:11.145-04:00 Order failure | productId=1301 | userId=1202 | quantity=94 | status=FAILED | reason=Insufficient quantity for product id: 1301. Requested: 94, available: 0
2026-07-28T19:16:11.150-04:00 Order failure | productId=1301 | userId=1203 | quantity=233 | status=FAILED | reason=Insufficient quantity for product id: 1301. Requested: 233, available: 0
2026-07-28T19:16:11.154-04:00 Order failure | productId=11234 | userId=1204 | quantity=762 | status=FAILED | reason=Insufficient quantity for product id: 11234. Requested: 762, available: 0
2026-07-28T19:16:11.162-04:00 Order failure | productId=1301 | userId=1205 | quantity=210 | status=FAILED | reason=Insufficient quantity for product id: 1301. Requested: 210, available: 0
2026-07-28T19:16:11.166-04:00 Order failure | productId=11234 | userId=1206 | quantity=297 | status=FAILED | reason=Insufficient quantity for product id: 11234. Requested: 297, available: 0
2026-07-28T19:16:11.169-04:00 Order failure | productId=11234 | userId=1207 | quantity=366 | status=FAILED | reason=Insufficient quantity for product id: 11234. Requested: 366, available: 0
2026-07-28T19:16:11.175-04:00 Order failure | productId=11234 | userId=1208 | quantity=9 | status=FAILED | reason=Insufficient quantity for product id: 11234. Requested: 9, available: 0
2026-07-28T19:16:11.180-04:00 Order failure | productId=1301 | userId=1209 | quantity=708 | status=FAILED | reason=Insufficient quantity for product id: 1301. Requested: 708, available: 0
2026-07-28T19:16:11.187-04:00 Order failure | productId=1301 | userId=1210 | quantity=846 | status=FAILED | reason=Insufficient quantity for product id: 1301. Requested: 846, available: 0
2026-07-28T19:16:11.192-04:00 Order failure | productId=11234 | userId=1211 | quantity=996 | status=FAILED | reason=Insufficient quantity for product id: 11234. Requested: 996, available: 0
2026-07-28T19:16:11.195-04:00 Order failure | productId=1301 | userId=1212 | quantity=318 | status=FAILED | reason=Insufficient quantity for product id: 1301. Requested: 318, available: 0
2026-07-28T19:16:11.201-04:00 Order failure | productId=1301 | userId=1213 | quantity=839 | status=FAILED | reason=Insufficient quantity for product id: 1301. Requested: 839, available: 0
2026-07-28T19:16:11.206-04:00 Order failure | productId=11234 | userId=1214 | quantity=277 | status=FAILED | reason=Insufficient quantity for product id: 11234. Requested: 277, available: 0
2026-07-28T19:16:11.211-04:00 Order failure | productId=11234 | userId=1215 | quantity=786 | status=FAILED | reason=Insufficient quantity for product id: 11234. Requested: 786, available: 0
2026-07-28T19:16:11.216-04:00 Order failure | productId=1301 | userId=1216 | quantity=46 | status=FAILED | reason=Insufficient quantity for product id: 1301. Requested: 46, available: 0
2026-07-28T19:16:11.220-04:00 Order failure | productId=11234 | userId=1217 | quantity=710 | status=FAILED | reason=Insufficient quantity for product id: 11234. Requested: 710, available: 0
2026-07-28T19:16:11.226-04:00 Order failure | productId=11234 | userId=1218 | quantity=554 | status=FAILED | reason=Insufficient quantity for product id: 11234. Requested: 554, available: 0
2026-07-28T19:16:11.230-04:00 Order failure | productId=11234 | userId=1219 | quantity=963 | status=FAILED | reason=Insufficient quantity for product id: 11234. Requested: 963, available: 0
2026-07-28T19:16:11.235-04:00 Order failure | productId=11234 | userId=1220 | quantity=681 | status=FAILED | reason=Insufficient quantity for product id: 11234. Requested: 681, available: 0
2026-07-28T19:16:11.241-04:00 Order failure | productId=11234 | userId=1221 | quantity=716 | status=FAILED | reason=Insufficient quantity for product id: 11234. Requested: 716, available: 0
2026-07-28T19:16:11.246-04:00 Order failure | productId=11234 | userId=1222 | quantity=775 | status=FAILED | reason=Insufficient quantity for product id: 11234. Requested: 775, available: 0
2026-07-28T19:16:11.251-04:00 Order failure | productId=1301 | userId=1223 | quantity=89 | status=FAILED | reason=Insufficient quantity for product id: 1301. Requested: 89, available: 0
2026-07-28T19:16:11.255-04:00 Order failure | productId=11234 | userId=1224 | quantity=426 | status=FAILED | reason=Insufficient quantity for product id: 11234. Requested: 426, available: 0
2026-07-28T19:16:11.260-04:00 Order failure | productId=1301 | userId=1225 | quantity=276 | status=FAILED | reason=Insufficient quantity for product id: 1301. Requested: 276, available: 0
2026-07-28T19:16:11.266-04:00 Order failure | productId=1301 | userId=1226 | quantity=831 | status=FAILED | reason=Insufficient quantity for product id: 1301. Requested: 831, available: 0
2026-07-28T19:16:11.270-04:00 Order failure | productId=1301 | userId=1227 | quantity=928 | status=FAILED | reason=Insufficient quantity for product id: 1301. Requested: 928, available: 0
2026-07-28T19:16:11.275-04:00 Order failure | productId=11234 | userId=1228 | quantity=955 | status=FAILED | reason=Insufficient quantity for product id: 11234. Requested: 955, available: 0
2026-07-28T19:16:11.280-04:00 Order failure | productId=11234 | userId=1229 | quantity=702 | status=FAILED | reason=Insufficient quantity for product id: 11234. Requested: 702, available: 0
2026-07-28T19:16:11.285-04:00 Order failure | productId=11234 | userId=1230 | quantity=520 | status=FAILED | reason=Insufficient quantity for product id: 11234. Requested: 520, available: 0
2026-07-28T19:16:11.290-04:00 Order failure | productId=11234 | userId=1231 | quantity=274 | status=FAILED | reason=Insufficient quantity for product id: 11234. Requested: 274, available: 0
2026-07-28T19:16:11.296-04:00 Order failure | productId=11234 | userId=1232 | quantity=274 | status=FAILED | reason=Insufficient quantity for product id: 11234. Requested: 274, available: 0
2026-07-28T19:16:11.301-04:00 Order failure | productId=11234 | userId=1233 | quantity=666 | status=FAILED | reason=Insufficient quantity for product id: 11234. Requested: 666, available: 0
2026-07-28T19:16:11.305-04:00 Order failure | productId=11234 | userId=1234 | quantity=133 | status=FAILED | reason=Insufficient quantity for product id: 11234. Requested: 133, available: 0
2026-07-28T19:16:11.310-04:00 Order failure | productId=11234 | userId=1235 | quantity=426 | status=FAILED | reason=Insufficient quantity for product id: 11234. Requested: 426, available: 0
2026-07-28T19:16:11.318-04:00 Order failure | productId=11234 | userId=1236 | quantity=43 | status=FAILED | reason=Insufficient quantity for product id: 11234. Requested: 43, available: 0
2026-07-28T19:16:11.320-04:00 Order failure | productId=1301 | userId=1237 | quantity=201 | status=FAILED | reason=Insufficient quantity for product id: 1301. Requested: 201, available: 0
2026-07-28T19:16:11.326-04:00 Order failure | productId=1301 | userId=1238 | quantity=656 | status=FAILED | reason=Insufficient quantity for product id: 1301. Requested: 656, available: 0
2026-07-28T19:16:11.331-04:00 Order failure | productId=1301 | userId=1239 | quantity=41 | status=FAILED | reason=Insufficient quantity for product id: 1301. Requested: 41, available: 0
2026-07-28T19:16:11.335-04:00 Order failure | productId=1301 | userId=1240 | quantity=22 | status=FAILED | reason=Insufficient quantity for product id: 1301. Requested: 22, available: 0
2026-07-28T19:16:11.342-04:00 Order failure | productId=11234 | userId=1241 | quantity=968 | status=FAILED | reason=Insufficient quantity for product id: 11234. Requested: 968, available: 0
2026-07-28T19:16:11.345-04:00 Order failure | productId=1301 | userId=1242 | quantity=560 | status=FAILED | reason=Insufficient quantity for product id: 1301. Requested: 560, available: 0
2026-07-28T19:16:11.351-04:00 Order failure | productId=1301 | userId=1243 | quantity=437 | status=FAILED | reason=Insufficient quantity for product id: 1301. Requested: 437, available: 0
2026-07-28T19:16:11.356-04:00 Order failure | productId=1301 | userId=1244 | quantity=57 | status=FAILED | reason=Insufficient quantity for product id: 1301. Requested: 57, available: 0
2026-07-28T19:16:11.360-04:00 Order failure | productId=11234 | userId=1245 | quantity=336 | status=FAILED | reason=Insufficient quantity for product id: 11234. Requested: 336, available: 0
2026-07-28T19:16:11.367-04:00 Order failure | productId=1301 | userId=1246 | quantity=209 | status=FAILED | reason=Insufficient quantity for product id: 1301. Requested: 209, available: 0
2026-07-28T19:16:11.370-04:00 Order failure | productId=1301 | userId=1247 | quantity=654 | status=FAILED | reason=Insufficient quantity for product id: 1301. Requested: 654, available: 0
2026-07-28T19:16:11.376-04:00 Order failure | productId=1301 | userId=1248 | quantity=446 | status=FAILED | reason=Insufficient quantity for product id: 1301. Requested: 446, available: 0
2026-07-28T19:16:11.381-04:00 Order failure | productId=1301 | userId=1249 | quantity=941 | status=FAILED | reason=Insufficient quantity for product id: 1301. Requested: 941, available: 0
2026-07-28T19:16:11.386-04:00 Order failure | productId=1301 | userId=1250 | quantity=820 | status=FAILED | reason=Insufficient quantity for product id: 1301. Requested: 820, available: 0
2026-07-28T19:16:11.389-04:00 Order failure | productId=1301 | userId=1251 | quantity=480 | status=FAILED | reason=Insufficient quantity for product id: 1301. Requested: 480, available: 0
2026-07-28T19:16:11.395-04:00 Order failure | productId=1301 | userId=1252 | quantity=41 | status=FAILED | reason=Insufficient quantity for product id: 1301. Requested: 41, available: 0
2026-07-28T19:16:11.401-04:00 Order failure | productId=11234 | userId=1253 | quantity=125 | status=FAILED | reason=Insufficient quantity for product id: 11234. Requested: 125, available: 0
2026-07-28T19:16:11.406-04:00 Order failure | productId=11234 | userId=1254 | quantity=281 | status=FAILED | reason=Insufficient quantity for product id: 11234. Requested: 281, available: 0
2026-07-28T19:16:11.410-04:00 Order failure | productId=11234 | userId=1255 | quantity=146 | status=FAILED | reason=Insufficient quantity for product id: 11234. Requested: 146, available: 0
2026-07-28T19:16:11.418-04:00 Order failure | productId=11234 | userId=1256 | quantity=831 | status=FAILED | reason=Insufficient quantity for product id: 11234. Requested: 831, available: 0
2026-07-28T19:16:11.421-04:00 Order failure | productId=1301 | userId=1257 | quantity=786 | status=FAILED | reason=Insufficient quantity for product id: 1301. Requested: 786, available: 0
2026-07-28T19:16:11.424-04:00 Order failure | productId=1301 | userId=1258 | quantity=714 | status=FAILED | reason=Insufficient quantity for product id: 1301. Requested: 714, available: 0
2026-07-28T19:16:11.431-04:00 Order failure | productId=11234 | userId=1259 | quantity=676 | status=FAILED | reason=Insufficient quantity for product id: 11234. Requested: 676, available: 0
2026-07-28T19:16:11.435-04:00 Order failure | productId=1301 | userId=1260 | quantity=370 | status=FAILED | reason=Insufficient quantity for product id: 1301. Requested: 370, available: 0
2026-07-28T19:16:11.440-04:00 Order failure | productId=11234 | userId=1261 | quantity=805 | status=FAILED | reason=Insufficient quantity for product id: 11234. Requested: 805, available: 0
2026-07-28T19:16:11.443-04:00 Order failure | productId=1301 | userId=1262 | quantity=672 | status=FAILED | reason=Insufficient quantity for product id: 1301. Requested: 672, available: 0
2026-07-28T19:16:11.473-04:00 Order failure | productId=11234 | userId=1264 | quantity=646 | status=FAILED | reason=Insufficient quantity for product id: 11234. Requested: 646, available: 0
2026-07-28T19:16:11.473-04:00 Order failure | productId=11234 | userId=1263 | quantity=132 | status=FAILED | reason=Insufficient quantity for product id: 11234. Requested: 132, available: 0
2026-07-28T19:16:11.473-04:00 Order failure | productId=11234 | userId=1267 | quantity=485 | status=FAILED | reason=Insufficient quantity for product id: 11234. Requested: 485, available: 0
2026-07-28T19:16:11.477-04:00 Order failure | productId=11234 | userId=1266 | quantity=336 | status=FAILED | reason=Insufficient quantity for product id: 11234. Requested: 336, available: 0
2026-07-28T19:16:11.477-04:00 Order failure | productId=11234 | userId=1268 | quantity=118 | status=FAILED | reason=Insufficient quantity for product id: 11234. Requested: 118, available: 0
2026-07-28T19:16:11.477-04:00 Order failure | productId=1301 | userId=1265 | quantity=945 | status=FAILED | reason=Insufficient quantity for product id: 1301. Requested: 945, available: 0
2026-07-28T19:16:11.481-04:00 Order failure | productId=11234 | userId=1269 | quantity=786 | status=FAILED | reason=Insufficient quantity for product id: 11234. Requested: 786, available: 0
2026-07-28T19:16:11.485-04:00 Order failure | productId=11234 | userId=1270 | quantity=385 | status=FAILED | reason=Insufficient quantity for product id: 11234. Requested: 385, available: 0
2026-07-28T19:16:11.490-04:00 Order failure | productId=1301 | userId=1271 | quantity=230 | status=FAILED | reason=Insufficient quantity for product id: 1301. Requested: 230, available: 0
2026-07-28T19:16:11.494-04:00 Order failure | productId=11234 | userId=1272 | quantity=818 | status=FAILED | reason=Insufficient quantity for product id: 11234. Requested: 818, available: 0
2026-07-28T19:16:11.501-04:00 Order failure | productId=11234 | userId=1273 | quantity=414 | status=FAILED | reason=Insufficient quantity for product id: 11234. Requested: 414, available: 0
2026-07-28T19:16:11.506-04:00 Order failure | productId=1301 | userId=1274 | quantity=350 | status=FAILED | reason=Insufficient quantity for product id: 1301. Requested: 350, available: 0
2026-07-28T19:16:11.510-04:00 Order failure | productId=11234 | userId=1275 | quantity=352 | status=FAILED | reason=Insufficient quantity for product id: 11234. Requested: 352, available: 0
2026-07-28T19:16:11.516-04:00 Order failure | productId=11234 | userId=1276 | quantity=710 | status=FAILED | reason=Insufficient quantity for product id: 11234. Requested: 710, available: 0
2026-07-28T19:16:11.520-04:00 Order failure | productId=1301 | userId=1277 | quantity=239 | status=FAILED | reason=Insufficient quantity for product id: 1301. Requested: 239, available: 0
2026-07-28T19:16:11.525-04:00 Order failure | productId=11234 | userId=1278 | quantity=176 | status=FAILED | reason=Insufficient quantity for product id: 11234. Requested: 176, available: 0
2026-07-28T19:16:11.532-04:00 Order failure | productId=1301 | userId=1279 | quantity=607 | status=FAILED | reason=Insufficient quantity for product id: 1301. Requested: 607, available: 0
2026-07-28T19:16:11.537-04:00 Order failure | productId=11234 | userId=1280 | quantity=84 | status=FAILED | reason=Insufficient quantity for product id: 11234. Requested: 84, available: 0
2026-07-28T19:16:11.542-04:00 Order failure | productId=11234 | userId=1281 | quantity=607 | status=FAILED | reason=Insufficient quantity for product id: 11234. Requested: 607, available: 0
2026-07-28T19:16:11.546-04:00 Order failure | productId=1301 | userId=1282 | quantity=569 | status=FAILED | reason=Insufficient quantity for product id: 1301. Requested: 569, available: 0
2026-07-28T19:16:11.550-04:00 Order failure | productId=11234 | userId=1283 | quantity=161 | status=FAILED | reason=Insufficient quantity for product id: 11234. Requested: 161, available: 0
2026-07-28T19:16:11.556-04:00 Order failure | productId=1301 | userId=1284 | quantity=220 | status=FAILED | reason=Insufficient quantity for product id: 1301. Requested: 220, available: 0
2026-07-28T19:16:11.560-04:00 Order failure | productId=11234 | userId=1285 | quantity=491 | status=FAILED | reason=Insufficient quantity for product id: 11234. Requested: 491, available: 0
2026-07-28T19:16:11.565-04:00 Order failure | productId=11234 | userId=1286 | quantity=350 | status=FAILED | reason=Insufficient quantity for product id: 11234. Requested: 350, available: 0
2026-07-28T19:16:11.571-04:00 Order failure | productId=11234 | userId=1287 | quantity=868 | status=FAILED | reason=Insufficient quantity for product id: 11234. Requested: 868, available: 0
2026-07-28T19:16:11.576-04:00 Order failure | productId=11234 | userId=1288 | quantity=590 | status=FAILED | reason=Insufficient quantity for product id: 11234. Requested: 590, available: 0
2026-07-28T19:16:11.581-04:00 Order failure | productId=1301 | userId=1289 | quantity=889 | status=FAILED | reason=Insufficient quantity for product id: 1301. Requested: 889, available: 0
2026-07-28T19:16:11.585-04:00 Order failure | productId=1301 | userId=1290 | quantity=915 | status=FAILED | reason=Insufficient quantity for product id: 1301. Requested: 915, available: 0
2026-07-28T19:16:11.591-04:00 Order failure | productId=1301 | userId=1291 | quantity=863 | status=FAILED | reason=Insufficient quantity for product id: 1301. Requested: 863, available: 0
2026-07-28T19:16:11.596-04:00 Order failure | productId=1301 | userId=1292 | quantity=287 | status=FAILED | reason=Insufficient quantity for product id: 1301. Requested: 287, available: 0
2026-07-28T19:16:11.601-04:00 Order failure | productId=11234 | userId=1293 | quantity=451 | status=FAILED | reason=Insufficient quantity for product id: 11234. Requested: 451, available: 0
2026-07-28T19:16:11.605-04:00 Order failure | productId=1301 | userId=1294 | quantity=930 | status=FAILED | reason=Insufficient quantity for product id: 1301. Requested: 930, available: 0
2026-07-28T19:16:11.609-04:00 Order failure | productId=1301 | userId=1295 | quantity=99 | status=FAILED | reason=Insufficient quantity for product id: 1301. Requested: 99, available: 0
2026-07-28T19:16:11.616-04:00 Order failure | productId=11234 | userId=1296 | quantity=799 | status=FAILED | reason=Insufficient quantity for product id: 11234. Requested: 799, available: 0
2026-07-28T19:16:11.620-04:00 Order failure | productId=11234 | userId=1297 | quantity=743 | status=FAILED | reason=Insufficient quantity for product id: 11234. Requested: 743, available: 0
2026-07-28T19:16:11.628-04:00 Order failure | productId=1301 | userId=1298 | quantity=880 | status=FAILED | reason=Insufficient quantity for product id: 1301. Requested: 880, available: 0
2026-07-28T19:16:11.629-04:00 Order failure | productId=1301 | userId=1299 | quantity=920 | status=FAILED | reason=Insufficient quantity for product id: 1301. Requested: 920, available: 0
2026-07-28T19:16:11.635-04:00 Order failure | productId=1301 | userId=1300 | quantity=857 | status=FAILED | reason=Insufficient quantity for product id: 1301. Requested: 857, available: 0
2026-07-28T19:16:11.640-04:00 Order failure | productId=1301 | userId=1301 | quantity=601 | status=FAILED | reason=Insufficient quantity for product id: 1301. Requested: 601, available: 0
2026-07-28T19:16:11.645-04:00 Order failure | productId=1301 | userId=1302 | quantity=13 | status=FAILED | reason=Insufficient quantity for product id: 1301. Requested: 13, available: 0
2026-07-28T19:16:11.651-04:00 Order failure | productId=11234 | userId=1303 | quantity=992 | status=FAILED | reason=Insufficient quantity for product id: 11234. Requested: 992, available: 0
2026-07-28T19:16:11.655-04:00 Order failure | productId=1301 | userId=1304 | quantity=725 | status=FAILED | reason=Insufficient quantity for product id: 1301. Requested: 725, available: 0
2026-07-28T19:16:11.663-04:00 Order failure | productId=1301 | userId=1305 | quantity=149 | status=FAILED | reason=Insufficient quantity for product id: 1301. Requested: 149, available: 0
2026-07-28T19:16:11.665-04:00 Order failure | productId=11234 | userId=1306 | quantity=780 | status=FAILED | reason=Insufficient quantity for product id: 11234. Requested: 780, available: 0
2026-07-28T19:16:11.670-04:00 Order failure | productId=1301 | userId=1307 | quantity=853 | status=FAILED | reason=Insufficient quantity for product id: 1301. Requested: 853, available: 0
2026-07-28T19:16:11.675-04:00 Order failure | productId=1301 | userId=1308 | quantity=238 | status=FAILED | reason=Insufficient quantity for product id: 1301. Requested: 238, available: 0
2026-07-28T19:16:11.680-04:00 Order failure | productId=11234 | userId=1309 | quantity=576 | status=FAILED | reason=Insufficient quantity for product id: 11234. Requested: 576, available: 0
2026-07-28T19:16:11.688-04:00 Order failure | productId=11234 | userId=1310 | quantity=14 | status=FAILED | reason=Insufficient quantity for product id: 11234. Requested: 14, available: 0
2026-07-28T19:16:11.689-04:00 Order failure | productId=1301 | userId=1311 | quantity=630 | status=FAILED | reason=Insufficient quantity for product id: 1301. Requested: 630, available: 0
2026-07-28T19:16:11.694-04:00 Order failure | productId=11234 | userId=1312 | quantity=154 | status=FAILED | reason=Insufficient quantity for product id: 11234. Requested: 154, available: 0
2026-07-28T19:16:11.702-04:00 Order failure | productId=1301 | userId=1313 | quantity=580 | status=FAILED | reason=Insufficient quantity for product id: 1301. Requested: 580, available: 0
2026-07-28T19:16:11.703-04:00 Order failure | productId=11234 | userId=1314 | quantity=430 | status=FAILED | reason=Insufficient quantity for product id: 11234. Requested: 430, available: 0
2026-07-28T19:16:11.710-04:00 Order failure | productId=1301 | userId=1315 | quantity=867 | status=FAILED | reason=Insufficient quantity for product id: 1301. Requested: 867, available: 0
2026-07-28T19:16:11.715-04:00 Order failure | productId=11234 | userId=1316 | quantity=705 | status=FAILED | reason=Insufficient quantity for product id: 11234. Requested: 705, available: 0
2026-07-28T19:16:11.721-04:00 Order failure | productId=1301 | userId=1317 | quantity=541 | status=FAILED | reason=Insufficient quantity for product id: 1301. Requested: 541, available: 0
2026-07-28T19:16:11.725-04:00 Order failure | productId=1301 | userId=1318 | quantity=342 | status=FAILED | reason=Insufficient quantity for product id: 1301. Requested: 342, available: 0
2026-07-28T19:16:11.730-04:00 Order failure | productId=11234 | userId=1319 | quantity=697 | status=FAILED | reason=Insufficient quantity for product id: 11234. Requested: 697, available: 0
2026-07-28T19:16:11.735-04:00 Order failure | productId=1301 | userId=1320 | quantity=80 | status=FAILED | reason=Insufficient quantity for product id: 1301. Requested: 80, available: 0
2026-07-28T19:16:11.740-04:00 Order failure | productId=11234 | userId=1321 | quantity=147 | status=FAILED | reason=Insufficient quantity for product id: 11234. Requested: 147, available: 0
2026-07-28T19:16:11.745-04:00 Order failure | productId=1301 | userId=1322 | quantity=793 | status=FAILED | reason=Insufficient quantity for product id: 1301. Requested: 793, available: 0
2026-07-28T19:16:11.750-04:00 Order failure | productId=11234 | userId=1323 | quantity=903 | status=FAILED | reason=Insufficient quantity for product id: 11234. Requested: 903, available: 0
2026-07-28T19:16:11.755-04:00 Order failure | productId=11234 | userId=1324 | quantity=550 | status=FAILED | reason=Insufficient quantity for product id: 11234. Requested: 550, available: 0
2026-07-28T19:16:11.759-04:00 Order failure | productId=11234 | userId=1325 | quantity=267 | status=FAILED | reason=Insufficient quantity for product id: 11234. Requested: 267, available: 0
2026-07-28T19:16:11.767-04:00 Order failure | productId=1301 | userId=1326 | quantity=550 | status=FAILED | reason=Insufficient quantity for product id: 1301. Requested: 550, available: 0
2026-07-28T19:16:11.770-04:00 Order failure | productId=11234 | userId=1327 | quantity=947 | status=FAILED | reason=Insufficient quantity for product id: 11234. Requested: 947, available: 0
2026-07-28T19:16:11.775-04:00 Order failure | productId=1301 | userId=1328 | quantity=556 | status=FAILED | reason=Insufficient quantity for product id: 1301. Requested: 556, available: 0
2026-07-28T19:16:11.780-04:00 Order failure | productId=11234 | userId=1329 | quantity=41 | status=FAILED | reason=Insufficient quantity for product id: 11234. Requested: 41, available: 0
2026-07-28T19:16:11.785-04:00 Order failure | productId=11234 | userId=1330 | quantity=692 | status=FAILED | reason=Insufficient quantity for product id: 11234. Requested: 692, available: 0
2026-07-28T19:16:11.790-04:00 Order failure | productId=1301 | userId=1331 | quantity=1 | status=FAILED | reason=Insufficient quantity for product id: 1301. Requested: 1, available: 0
2026-07-28T19:16:11.794-04:00 Order failure | productId=11234 | userId=1332 | quantity=806 | status=FAILED | reason=Insufficient quantity for product id: 11234. Requested: 806, available: 0
2026-07-28T19:16:11.801-04:00 Order failure | productId=1301 | userId=1333 | quantity=18 | status=FAILED | reason=Insufficient quantity for product id: 1301. Requested: 18, available: 0
2026-07-28T19:16:11.804-04:00 Order failure | productId=11234 | userId=1334 | quantity=105 | status=FAILED | reason=Insufficient quantity for product id: 11234. Requested: 105, available: 0
2026-07-28T19:16:11.809-04:00 Order failure | productId=1301 | userId=1335 | quantity=829 | status=FAILED | reason=Insufficient quantity for product id: 1301. Requested: 829, available: 0
2026-07-28T19:16:11.814-04:00 Order failure | productId=11234 | userId=1336 | quantity=556 | status=FAILED | reason=Insufficient quantity for product id: 11234. Requested: 556, available: 0
2026-07-28T19:16:11.819-04:00 Order failure | productId=11234 | userId=1337 | quantity=869 | status=FAILED | reason=Insufficient quantity for product id: 11234. Requested: 869, available: 0
2026-07-28T19:16:11.824-04:00 Order failure | productId=11234 | userId=1338 | quantity=355 | status=FAILED | reason=Insufficient quantity for product id: 11234. Requested: 355, available: 0
2026-07-28T19:16:11.831-04:00 Order failure | productId=11234 | userId=1339 | quantity=792 | status=FAILED | reason=Insufficient quantity for product id: 11234. Requested: 792, available: 0
2026-07-28T19:16:11.834-04:00 Order failure | productId=11234 | userId=1340 | quantity=122 | status=FAILED | reason=Insufficient quantity for product id: 11234. Requested: 122, available: 0
2026-07-28T19:16:11.840-04:00 Order failure | productId=11234 | userId=1341 | quantity=891 | status=FAILED | reason=Insufficient quantity for product id: 11234. Requested: 891, available: 0
2026-07-28T19:16:11.844-04:00 Order failure | productId=11234 | userId=1342 | quantity=938 | status=FAILED | reason=Insufficient quantity for product id: 11234. Requested: 938, available: 0
2026-07-28T19:16:11.850-04:00 Order failure | productId=1301 | userId=1343 | quantity=671 | status=FAILED | reason=Insufficient quantity for product id: 1301. Requested: 671, available: 0
2026-07-28T19:16:11.853-04:00 Order failure | productId=1301 | userId=1344 | quantity=574 | status=FAILED | reason=Insufficient quantity for product id: 1301. Requested: 574, available: 0
2026-07-28T19:16:11.859-04:00 Order failure | productId=1301 | userId=1345 | quantity=349 | status=FAILED | reason=Insufficient quantity for product id: 1301. Requested: 349, available: 0
2026-07-28T19:16:11.865-04:00 Order failure | productId=1301 | userId=1346 | quantity=558 | status=FAILED | reason=Insufficient quantity for product id: 1301. Requested: 558, available: 0
2026-07-28T19:16:11.870-04:00 Order failure | productId=1301 | userId=1347 | quantity=654 | status=FAILED | reason=Insufficient quantity for product id: 1301. Requested: 654, available: 0
2026-07-28T19:16:11.874-04:00 Order failure | productId=1301 | userId=1348 | quantity=487 | status=FAILED | reason=Insufficient quantity for product id: 1301. Requested: 487, available: 0
2026-07-28T19:16:11.879-04:00 Order failure | productId=1301 | userId=1349 | quantity=512 | status=FAILED | reason=Insufficient quantity for product id: 1301. Requested: 512, available: 0
2026-07-28T19:16:11.884-04:00 Order failure | productId=1301 | userId=1350 | quantity=437 | status=FAILED | reason=Insufficient quantity for product id: 1301. Requested: 437, available: 0
2026-07-28T19:16:11.890-04:00 Order failure | productId=11234 | userId=1351 | quantity=372 | status=FAILED | reason=Insufficient quantity for product id: 11234. Requested: 372, available: 0
2026-07-28T19:16:11.895-04:00 Order failure | productId=11234 | userId=1352 | quantity=56 | status=FAILED | reason=Insufficient quantity for product id: 11234. Requested: 56, available: 0
2026-07-28T19:16:11.900-04:00 Order failure | productId=11234 | userId=1353 | quantity=544 | status=FAILED | reason=Insufficient quantity for product id: 11234. Requested: 544, available: 0
2026-07-28T19:16:11.904-04:00 Order failure | productId=11234 | userId=1354 | quantity=778 | status=FAILED | reason=Insufficient quantity for product id: 11234. Requested: 778, available: 0
2026-07-28T19:16:11.910-04:00 Order failure | productId=11234 | userId=1355 | quantity=836 | status=FAILED | reason=Insufficient quantity for product id: 11234. Requested: 836, available: 0
2026-07-28T19:16:11.915-04:00 Order failure | productId=11234 | userId=1356 | quantity=323 | status=FAILED | reason=Insufficient quantity for product id: 11234. Requested: 323, available: 0
2026-07-28T19:16:11.919-04:00 Order failure | productId=11234 | userId=1357 | quantity=249 | status=FAILED | reason=Insufficient quantity for product id: 11234. Requested: 249, available: 0
2026-07-28T19:16:11.925-04:00 Order failure | productId=1301 | userId=1358 | quantity=727 | status=FAILED | reason=Insufficient quantity for product id: 1301. Requested: 727, available: 0
2026-07-28T19:16:11.932-04:00 Order failure | productId=11234 | userId=1359 | quantity=433 | status=FAILED | reason=Insufficient quantity for product id: 11234. Requested: 433, available: 0
2026-07-28T19:16:11.935-04:00 Order failure | productId=11234 | userId=1360 | quantity=766 | status=FAILED | reason=Insufficient quantity for product id: 11234. Requested: 766, available: 0
2026-07-28T19:16:11.939-04:00 Order failure | productId=11234 | userId=1361 | quantity=868 | status=FAILED | reason=Insufficient quantity for product id: 11234. Requested: 868, available: 0
2026-07-28T19:16:11.946-04:00 Order failure | productId=1301 | userId=1362 | quantity=982 | status=FAILED | reason=Insufficient quantity for product id: 1301. Requested: 982, available: 0
2026-07-28T19:16:11.950-04:00 Order failure | productId=11234 | userId=1363 | quantity=593 | status=FAILED | reason=Insufficient quantity for product id: 11234. Requested: 593, available: 0
2026-07-28T19:16:11.956-04:00 Order failure | productId=1301 | userId=1364 | quantity=327 | status=FAILED | reason=Insufficient quantity for product id: 1301. Requested: 327, available: 0
2026-07-28T19:16:11.959-04:00 Order failure | productId=1301 | userId=1365 | quantity=539 | status=FAILED | reason=Insufficient quantity for product id: 1301. Requested: 539, available: 0
2026-07-28T19:16:11.966-04:00 Order failure | productId=1301 | userId=1366 | quantity=158 | status=FAILED | reason=Insufficient quantity for product id: 1301. Requested: 158, available: 0
2026-07-28T19:16:11.970-04:00 Order failure | productId=1301 | userId=1367 | quantity=872 | status=FAILED | reason=Insufficient quantity for product id: 1301. Requested: 872, available: 0
2026-07-28T19:16:11.978-04:00 Order failure | productId=1301 | userId=1368 | quantity=970 | status=FAILED | reason=Insufficient quantity for product id: 1301. Requested: 970, available: 0
2026-07-28T19:16:11.982-04:00 Order failure | productId=1301 | userId=1369 | quantity=332 | status=FAILED | reason=Insufficient quantity for product id: 1301. Requested: 332, available: 0
2026-07-28T19:16:11.985-04:00 Order failure | productId=1301 | userId=1370 | quantity=698 | status=FAILED | reason=Insufficient quantity for product id: 1301. Requested: 698, available: 0
2026-07-28T19:16:11.990-04:00 Order failure | productId=1301 | userId=1371 | quantity=166 | status=FAILED | reason=Insufficient quantity for product id: 1301. Requested: 166, available: 0
2026-07-28T19:16:11.994-04:00 Order failure | productId=1301 | userId=1372 | quantity=869 | status=FAILED | reason=Insufficient quantity for product id: 1301. Requested: 869, available: 0
2026-07-28T19:16:12.000-04:00 Order failure | productId=11234 | userId=1373 | quantity=371 | status=FAILED | reason=Insufficient quantity for product id: 11234. Requested: 371, available: 0
2026-07-28T19:16:12.004-04:00 Order failure | productId=11234 | userId=1374 | quantity=63 | status=FAILED | reason=Insufficient quantity for product id: 11234. Requested: 63, available: 0
2026-07-28T19:16:12.009-04:00 Order failure | productId=11234 | userId=1375 | quantity=219 | status=FAILED | reason=Insufficient quantity for product id: 11234. Requested: 219, available: 0
2026-07-28T19:16:12.015-04:00 Order failure | productId=1301 | userId=1376 | quantity=799 | status=FAILED | reason=Insufficient quantity for product id: 1301. Requested: 799, available: 0
2026-07-28T19:16:12.019-04:00 Order failure | productId=11234 | userId=1377 | quantity=578 | status=FAILED | reason=Insufficient quantity for product id: 11234. Requested: 578, available: 0
2026-07-28T19:16:12.025-04:00 Order failure | productId=11234 | userId=1378 | quantity=870 | status=FAILED | reason=Insufficient quantity for product id: 11234. Requested: 870, available: 0
2026-07-28T19:16:12.028-04:00 Order failure | productId=1301 | userId=1379 | quantity=564 | status=FAILED | reason=Insufficient quantity for product id: 1301. Requested: 564, available: 0
2026-07-28T19:16:12.035-04:00 Order failure | productId=1301 | userId=1380 | quantity=856 | status=FAILED | reason=Insufficient quantity for product id: 1301. Requested: 856, available: 0
2026-07-28T19:16:12.039-04:00 Order failure | productId=1301 | userId=1381 | quantity=710 | status=FAILED | reason=Insufficient quantity for product id: 1301. Requested: 710, available: 0
2026-07-28T19:16:12.044-04:00 Order failure | productId=1301 | userId=1382 | quantity=87 | status=FAILED | reason=Insufficient quantity for product id: 1301. Requested: 87, available: 0
2026-07-28T19:16:12.049-04:00 Order failure | productId=11234 | userId=1383 | quantity=540 | status=FAILED | reason=Insufficient quantity for product id: 11234. Requested: 540, available: 0
2026-07-28T19:16:12.054-04:00 Order failure | productId=11234 | userId=1384 | quantity=657 | status=FAILED | reason=Insufficient quantity for product id: 11234. Requested: 657, available: 0
2026-07-28T19:16:12.058-04:00 Order failure | productId=11234 | userId=1385 | quantity=583 | status=FAILED | reason=Insufficient quantity for product id: 11234. Requested: 583, available: 0
2026-07-28T19:16:12.066-04:00 Order failure | productId=1301 | userId=1386 | quantity=162 | status=FAILED | reason=Insufficient quantity for product id: 1301. Requested: 162, available: 0
2026-07-28T19:16:12.069-04:00 Order failure | productId=11234 | userId=1387 | quantity=161 | status=FAILED | reason=Insufficient quantity for product id: 11234. Requested: 161, available: 0
2026-07-28T19:16:12.074-04:00 Order failure | productId=11234 | userId=1388 | quantity=936 | status=FAILED | reason=Insufficient quantity for product id: 11234. Requested: 936, available: 0
2026-07-28T19:16:12.080-04:00 Order failure | productId=11234 | userId=1389 | quantity=368 | status=FAILED | reason=Insufficient quantity for product id: 11234. Requested: 368, available: 0
2026-07-28T19:16:12.084-04:00 Order failure | productId=1301 | userId=1390 | quantity=957 | status=FAILED | reason=Insufficient quantity for product id: 1301. Requested: 957, available: 0
2026-07-28T19:16:12.090-04:00 Order failure | productId=1301 | userId=1391 | quantity=588 | status=FAILED | reason=Insufficient quantity for product id: 1301. Requested: 588, available: 0
2026-07-28T19:16:12.095-04:00 Order failure | productId=11234 | userId=1392 | quantity=415 | status=FAILED | reason=Insufficient quantity for product id: 11234. Requested: 415, available: 0
2026-07-28T19:16:12.100-04:00 Order failure | productId=1301 | userId=1393 | quantity=242 | status=FAILED | reason=Insufficient quantity for product id: 1301. Requested: 242, available: 0
2026-07-28T19:16:12.104-04:00 Order failure | productId=1301 | userId=1394 | quantity=466 | status=FAILED | reason=Insufficient quantity for product id: 1301. Requested: 466, available: 0
2026-07-28T19:16:12.110-04:00 Order failure | productId=11234 | userId=1395 | quantity=453 | status=FAILED | reason=Insufficient quantity for product id: 11234. Requested: 453, available: 0
2026-07-28T19:16:12.114-04:00 Order failure | productId=11234 | userId=1396 | quantity=593 | status=FAILED | reason=Insufficient quantity for product id: 11234. Requested: 593, available: 0
2026-07-28T19:16:12.120-04:00 Order failure | productId=1301 | userId=1397 | quantity=122 | status=FAILED | reason=Insufficient quantity for product id: 1301. Requested: 122, available: 0
2026-07-28T19:16:12.124-04:00 Order failure | productId=1301 | userId=1398 | quantity=669 | status=FAILED | reason=Insufficient quantity for product id: 1301. Requested: 669, available: 0
2026-07-28T19:16:12.129-04:00 Order failure | productId=11234 | userId=1399 | quantity=651 | status=FAILED | reason=Insufficient quantity for product id: 11234. Requested: 651, available: 0
2026-07-28T19:16:12.135-04:00 Order failure | productId=11234 | userId=1400 | quantity=394 | status=FAILED | reason=Insufficient quantity for product id: 11234. Requested: 394, available: 0
2026-07-28T19:16:12.139-04:00 Order failure | productId=1301 | userId=1401 | quantity=498 | status=FAILED | reason=Insufficient quantity for product id: 1301. Requested: 498, available: 0
2026-07-28T19:16:12.144-04:00 Order failure | productId=1301 | userId=1402 | quantity=22 | status=FAILED | reason=Insufficient quantity for product id: 1301. Requested: 22, available: 0
2026-07-28T19:16:12.151-04:00 Order failure | productId=11234 | userId=1403 | quantity=761 | status=FAILED | reason=Insufficient quantity for product id: 11234. Requested: 761, available: 0
2026-07-28T19:16:12.155-04:00 Order failure | productId=1301 | userId=1404 | quantity=137 | status=FAILED | reason=Insufficient quantity for product id: 1301. Requested: 137, available: 0
2026-07-28T19:16:12.161-04:00 Order failure | productId=11234 | userId=1405 | quantity=550 | status=FAILED | reason=Insufficient quantity for product id: 11234. Requested: 550, available: 0
2026-07-28T19:16:12.166-04:00 Order failure | productId=1301 | userId=1406 | quantity=22 | status=FAILED | reason=Insufficient quantity for product id: 1301. Requested: 22, available: 0
2026-07-28T19:16:12.171-04:00 Order failure | productId=1301 | userId=1407 | quantity=538 | status=FAILED | reason=Insufficient quantity for product id: 1301. Requested: 538, available: 0
2026-07-28T19:16:12.174-04:00 Order failure | productId=1301 | userId=1408 | quantity=568 | status=FAILED | reason=Insufficient quantity for product id: 1301. Requested: 568, available: 0
2026-07-28T19:16:12.180-04:00 Order failure | productId=11234 | userId=1409 | quantity=595 | status=FAILED | reason=Insufficient quantity for product id: 11234. Requested: 595, available: 0
2026-07-28T19:16:12.185-04:00 Order failure | productId=11234 | userId=1410 | quantity=423 | status=FAILED | reason=Insufficient quantity for product id: 11234. Requested: 423, available: 0
2026-07-28T19:16:12.191-04:00 Order failure | productId=11234 | userId=1411 | quantity=712 | status=FAILED | reason=Insufficient quantity for product id: 11234. Requested: 712, available: 0
2026-07-28T19:16:12.198-04:00 Order failure | productId=1301 | userId=1412 | quantity=808 | status=FAILED | reason=Insufficient quantity for product id: 1301. Requested: 808, available: 0
2026-07-28T19:16:12.202-04:00 Order failure | productId=1301 | userId=1413 | quantity=382 | status=FAILED | reason=Insufficient quantity for product id: 1301. Requested: 382, available: 0
2026-07-28T19:16:12.206-04:00 Order failure | productId=11234 | userId=1414 | quantity=228 | status=FAILED | reason=Insufficient quantity for product id: 11234. Requested: 228, available: 0
2026-07-28T19:16:12.211-04:00 Order failure | productId=1301 | userId=1415 | quantity=707 | status=FAILED | reason=Insufficient quantity for product id: 1301. Requested: 707, available: 0
2026-07-28T19:16:12.217-04:00 Order failure | productId=11234 | userId=1416 | quantity=55 | status=FAILED | reason=Insufficient quantity for product id: 11234. Requested: 55, available: 0
2026-07-28T19:16:12.221-04:00 Order failure | productId=11234 | userId=1417 | quantity=792 | status=FAILED | reason=Insufficient quantity for product id: 11234. Requested: 792, available: 0
2026-07-28T19:16:12.226-04:00 Order failure | productId=11234 | userId=1418 | quantity=432 | status=FAILED | reason=Insufficient quantity for product id: 11234. Requested: 432, available: 0
2026-07-28T19:16:12.231-04:00 Order failure | productId=11234 | userId=1419 | quantity=366 | status=FAILED | reason=Insufficient quantity for product id: 11234. Requested: 366, available: 0
2026-07-28T19:16:12.235-04:00 Order failure | productId=1301 | userId=1420 | quantity=920 | status=FAILED | reason=Insufficient quantity for product id: 1301. Requested: 920, available: 0
2026-07-28T19:16:12.239-04:00 Order failure | productId=11234 | userId=1421 | quantity=793 | status=FAILED | reason=Insufficient quantity for product id: 11234. Requested: 793, available: 0
2026-07-28T19:16:12.245-04:00 Order failure | productId=11234 | userId=1422 | quantity=296 | status=FAILED | reason=Insufficient quantity for product id: 11234. Requested: 296, available: 0
2026-07-28T19:16:12.250-04:00 Order failure | productId=11234 | userId=1423 | quantity=974 | status=FAILED | reason=Insufficient quantity for product id: 11234. Requested: 974, available: 0
2026-07-28T19:16:12.254-04:00 Order failure | productId=1301 | userId=1424 | quantity=926 | status=FAILED | reason=Insufficient quantity for product id: 1301. Requested: 926, available: 0
2026-07-28T19:16:12.260-04:00 Order failure | productId=11234 | userId=1425 | quantity=984 | status=FAILED | reason=Insufficient quantity for product id: 11234. Requested: 984, available: 0
2026-07-28T19:16:12.266-04:00 Order failure | productId=1301 | userId=1426 | quantity=132 | status=FAILED | reason=Insufficient quantity for product id: 1301. Requested: 132, available: 0
2026-07-28T19:16:12.270-04:00 Order failure | productId=11234 | userId=1427 | quantity=113 | status=FAILED | reason=Insufficient quantity for product id: 11234. Requested: 113, available: 0
2026-07-28T19:16:12.275-04:00 Order failure | productId=1301 | userId=1428 | quantity=33 | status=FAILED | reason=Insufficient quantity for product id: 1301. Requested: 33, available: 0
2026-07-28T19:16:12.281-04:00 Order failure | productId=11234 | userId=1429 | quantity=683 | status=FAILED | reason=Insufficient quantity for product id: 11234. Requested: 683, available: 0
2026-07-28T19:16:12.285-04:00 Order failure | productId=11234 | userId=1430 | quantity=133 | status=FAILED | reason=Insufficient quantity for product id: 11234. Requested: 133, available: 0
2026-07-28T19:16:12.291-04:00 Order failure | productId=1301 | userId=1431 | quantity=637 | status=FAILED | reason=Insufficient quantity for product id: 1301. Requested: 637, available: 0
2026-07-28T19:16:12.296-04:00 Order failure | productId=11234 | userId=1432 | quantity=92 | status=FAILED | reason=Insufficient quantity for product id: 11234. Requested: 92, available: 0
2026-07-28T19:16:12.300-04:00 Order failure | productId=11234 | userId=1433 | quantity=379 | status=FAILED | reason=Insufficient quantity for product id: 11234. Requested: 379, available: 0
2026-07-28T19:16:12.304-04:00 Order failure | productId=1301 | userId=1434 | quantity=239 | status=FAILED | reason=Insufficient quantity for product id: 1301. Requested: 239, available: 0
2026-07-28T19:16:12.309-04:00 Order failure | productId=1301 | userId=1435 | quantity=916 | status=FAILED | reason=Insufficient quantity for product id: 1301. Requested: 916, available: 0
2026-07-28T19:16:12.315-04:00 Order failure | productId=11234 | userId=1436 | quantity=390 | status=FAILED | reason=Insufficient quantity for product id: 11234. Requested: 390, available: 0
2026-07-28T19:16:12.320-04:00 Order failure | productId=11234 | userId=1437 | quantity=456 | status=FAILED | reason=Insufficient quantity for product id: 11234. Requested: 456, available: 0
2026-07-28T19:16:12.325-04:00 Order failure | productId=1301 | userId=1438 | quantity=635 | status=FAILED | reason=Insufficient quantity for product id: 1301. Requested: 635, available: 0
2026-07-28T19:16:12.329-04:00 Order failure | productId=11234 | userId=1439 | quantity=516 | status=FAILED | reason=Insufficient quantity for product id: 11234. Requested: 516, available: 0
2026-07-28T19:16:12.335-04:00 Order failure | productId=1301 | userId=1440 | quantity=406 | status=FAILED | reason=Insufficient quantity for product id: 1301. Requested: 406, available: 0
2026-07-28T19:16:12.338-04:00 Order failure | productId=1301 | userId=1441 | quantity=121 | status=FAILED | reason=Insufficient quantity for product id: 1301. Requested: 121, available: 0
2026-07-28T19:16:12.345-04:00 Order failure | productId=11234 | userId=1442 | quantity=919 | status=FAILED | reason=Insufficient quantity for product id: 11234. Requested: 919, available: 0
2026-07-28T19:16:12.349-04:00 Order failure | productId=11234 | userId=1443 | quantity=888 | status=FAILED | reason=Insufficient quantity for product id: 11234. Requested: 888, available: 0
2026-07-28T19:16:12.355-04:00 Order failure | productId=1301 | userId=1444 | quantity=206 | status=FAILED | reason=Insufficient quantity for product id: 1301. Requested: 206, available: 0
2026-07-28T19:16:12.359-04:00 Order failure | productId=11234 | userId=1445 | quantity=832 | status=FAILED | reason=Insufficient quantity for product id: 11234. Requested: 832, available: 0
2026-07-28T19:16:12.366-04:00 Order failure | productId=11234 | userId=1446 | quantity=102 | status=FAILED | reason=Insufficient quantity for product id: 11234. Requested: 102, available: 0
2026-07-28T19:16:12.370-04:00 Order failure | productId=1301 | userId=1447 | quantity=936 | status=FAILED | reason=Insufficient quantity for product id: 1301. Requested: 936, available: 0
2026-07-28T19:16:12.374-04:00 Order failure | productId=1301 | userId=1448 | quantity=240 | status=FAILED | reason=Insufficient quantity for product id: 1301. Requested: 240, available: 0
2026-07-28T19:16:12.381-04:00 Order failure | productId=1301 | userId=1449 | quantity=631 | status=FAILED | reason=Insufficient quantity for product id: 1301. Requested: 631, available: 0
2026-07-28T19:16:12.385-04:00 Order failure | productId=1301 | userId=1450 | quantity=959 | status=FAILED | reason=Insufficient quantity for product id: 1301. Requested: 959, available: 0
2026-07-28T19:16:12.389-04:00 Order failure | productId=1301 | userId=1451 | quantity=551 | status=FAILED | reason=Insufficient quantity for product id: 1301. Requested: 551, available: 0
2026-07-28T19:16:12.396-04:00 Order failure | productId=11234 | userId=1452 | quantity=886 | status=FAILED | reason=Insufficient quantity for product id: 11234. Requested: 886, available: 0
2026-07-28T19:16:12.400-04:00 Order failure | productId=11234 | userId=1453 | quantity=44 | status=FAILED | reason=Insufficient quantity for product id: 11234. Requested: 44, available: 0
2026-07-28T19:16:12.404-04:00 Order failure | productId=1301 | userId=1454 | quantity=896 | status=FAILED | reason=Insufficient quantity for product id: 1301. Requested: 896, available: 0
2026-07-28T19:16:12.409-04:00 Order failure | productId=11234 | userId=1455 | quantity=484 | status=FAILED | reason=Insufficient quantity for product id: 11234. Requested: 484, available: 0
2026-07-28T19:16:12.414-04:00 Order failure | productId=11234 | userId=1456 | quantity=331 | status=FAILED | reason=Insufficient quantity for product id: 11234. Requested: 331, available: 0
2026-07-28T19:16:12.421-04:00 Order failure | productId=1301 | userId=1457 | quantity=908 | status=FAILED | reason=Insufficient quantity for product id: 1301. Requested: 908, available: 0
2026-07-28T19:16:12.425-04:00 Order failure | productId=11234 | userId=1458 | quantity=119 | status=FAILED | reason=Insufficient quantity for product id: 11234. Requested: 119, available: 0
2026-07-28T19:16:12.431-04:00 Order failure | productId=11234 | userId=1459 | quantity=395 | status=FAILED | reason=Insufficient quantity for product id: 11234. Requested: 395, available: 0
2026-07-28T19:16:12.435-04:00 Order failure | productId=11234 | userId=1460 | quantity=683 | status=FAILED | reason=Insufficient quantity for product id: 11234. Requested: 683, available: 0
2026-07-28T19:16:12.440-04:00 Order failure | productId=11234 | userId=1461 | quantity=237 | status=FAILED | reason=Insufficient quantity for product id: 11234. Requested: 237, available: 0
2026-07-28T19:16:12.445-04:00 Order failure | productId=11234 | userId=1462 | quantity=834 | status=FAILED | reason=Insufficient quantity for product id: 11234. Requested: 834, available: 0
2026-07-28T19:16:12.451-04:00 Order failure | productId=11234 | userId=1463 | quantity=11 | status=FAILED | reason=Insufficient quantity for product id: 11234. Requested: 11, available: 0
2026-07-28T19:16:12.456-04:00 Order failure | productId=1301 | userId=1464 | quantity=990 | status=FAILED | reason=Insufficient quantity for product id: 1301. Requested: 990, available: 0
2026-07-28T19:16:12.460-04:00 Order failure | productId=11234 | userId=1465 | quantity=13 | status=FAILED | reason=Insufficient quantity for product id: 11234. Requested: 13, available: 0
2026-07-28T19:16:12.466-04:00 Order failure | productId=1301 | userId=1466 | quantity=631 | status=FAILED | reason=Insufficient quantity for product id: 1301. Requested: 631, available: 0
2026-07-28T19:16:12.469-04:00 Order failure | productId=1301 | userId=1467 | quantity=256 | status=FAILED | reason=Insufficient quantity for product id: 1301. Requested: 256, available: 0
2026-07-28T19:16:12.476-04:00 Order failure | productId=1301 | userId=1468 | quantity=904 | status=FAILED | reason=Insufficient quantity for product id: 1301. Requested: 904, available: 0
2026-07-28T19:16:12.479-04:00 Order failure | productId=11234 | userId=1469 | quantity=102 | status=FAILED | reason=Insufficient quantity for product id: 11234. Requested: 102, available: 0
2026-07-28T19:16:12.486-04:00 Order failure | productId=11234 | userId=1470 | quantity=588 | status=FAILED | reason=Insufficient quantity for product id: 11234. Requested: 588, available: 0
2026-07-28T19:16:12.491-04:00 Order failure | productId=11234 | userId=1471 | quantity=32 | status=FAILED | reason=Insufficient quantity for product id: 11234. Requested: 32, available: 0
2026-07-28T19:16:12.496-04:00 Order failure | productId=11234 | userId=1472 | quantity=53 | status=FAILED | reason=Insufficient quantity for product id: 11234. Requested: 53, available: 0
2026-07-28T19:16:12.499-04:00 Order failure | productId=1301 | userId=1473 | quantity=619 | status=FAILED | reason=Insufficient quantity for product id: 1301. Requested: 619, available: 0
2026-07-28T19:16:12.506-04:00 Order failure | productId=11234 | userId=1474 | quantity=479 | status=FAILED | reason=Insufficient quantity for product id: 11234. Requested: 479, available: 0
2026-07-28T19:16:12.510-04:00 Order failure | productId=11234 | userId=1475 | quantity=732 | status=FAILED | reason=Insufficient quantity for product id: 11234. Requested: 732, available: 0
2026-07-28T19:16:12.514-04:00 Order failure | productId=11234 | userId=1476 | quantity=103 | status=FAILED | reason=Insufficient quantity for product id: 11234. Requested: 103, available: 0
2026-07-28T19:16:12.519-04:00 Order failure | productId=1301 | userId=1477 | quantity=969 | status=FAILED | reason=Insufficient quantity for product id: 1301. Requested: 969, available: 0
2026-07-28T19:16:12.525-04:00 Order failure | productId=11234 | userId=1478 | quantity=390 | status=FAILED | reason=Insufficient quantity for product id: 11234. Requested: 390, available: 0
2026-07-28T19:16:12.530-04:00 Order failure | productId=11234 | userId=1479 | quantity=979 | status=FAILED | reason=Insufficient quantity for product id: 11234. Requested: 979, available: 0
2026-07-28T19:16:12.535-04:00 Order failure | productId=1301 | userId=1480 | quantity=308 | status=FAILED | reason=Insufficient quantity for product id: 1301. Requested: 308, available: 0
2026-07-28T19:16:12.539-04:00 Order failure | productId=1301 | userId=1481 | quantity=745 | status=FAILED | reason=Insufficient quantity for product id: 1301. Requested: 745, available: 0
2026-07-28T19:16:12.544-04:00 Order failure | productId=11234 | userId=1482 | quantity=765 | status=FAILED | reason=Insufficient quantity for product id: 11234. Requested: 765, available: 0
2026-07-28T19:16:12.550-04:00 Order failure | productId=11234 | userId=1483 | quantity=11 | status=FAILED | reason=Insufficient quantity for product id: 11234. Requested: 11, available: 0
2026-07-28T19:16:12.555-04:00 Order failure | productId=1301 | userId=1484 | quantity=996 | status=FAILED | reason=Insufficient quantity for product id: 1301. Requested: 996, available: 0
2026-07-28T19:16:12.559-04:00 Order failure | productId=11234 | userId=1485 | quantity=958 | status=FAILED | reason=Insufficient quantity for product id: 11234. Requested: 958, available: 0
2026-07-28T19:16:12.565-04:00 Order failure | productId=1301 | userId=1486 | quantity=538 | status=FAILED | reason=Insufficient quantity for product id: 1301. Requested: 538, available: 0
2026-07-28T19:16:12.569-04:00 Order failure | productId=11234 | userId=1487 | quantity=176 | status=FAILED | reason=Insufficient quantity for product id: 11234. Requested: 176, available: 0
2026-07-28T19:16:12.575-04:00 Order failure | productId=11234 | userId=1488 | quantity=109 | status=FAILED | reason=Insufficient quantity for product id: 11234. Requested: 109, available: 0
2026-07-28T19:16:12.580-04:00 Order failure | productId=1301 | userId=1489 | quantity=107 | status=FAILED | reason=Insufficient quantity for product id: 1301. Requested: 107, available: 0
2026-07-28T19:16:12.586-04:00 Order failure | productId=1301 | userId=1490 | quantity=180 | status=FAILED | reason=Insufficient quantity for product id: 1301. Requested: 180, available: 0
2026-07-28T19:16:12.589-04:00 Order failure | productId=1301 | userId=1491 | quantity=138 | status=FAILED | reason=Insufficient quantity for product id: 1301. Requested: 138, available: 0
2026-07-28T19:16:12.596-04:00 Order failure | productId=11234 | userId=1492 | quantity=183 | status=FAILED | reason=Insufficient quantity for product id: 11234. Requested: 183, available: 0
2026-07-28T19:16:12.599-04:00 Order failure | productId=1301 | userId=1493 | quantity=316 | status=FAILED | reason=Insufficient quantity for product id: 1301. Requested: 316, available: 0
2026-07-28T19:16:12.605-04:00 Order failure | productId=1301 | userId=1494 | quantity=539 | status=FAILED | reason=Insufficient quantity for product id: 1301. Requested: 539, available: 0
2026-07-28T19:16:12.609-04:00 Order failure | productId=11234 | userId=1495 | quantity=959 | status=FAILED | reason=Insufficient quantity for product id: 11234. Requested: 959, available: 0
2026-07-28T19:16:12.614-04:00 Order failure | productId=1301 | userId=1496 | quantity=23 | status=FAILED | reason=Insufficient quantity for product id: 1301. Requested: 23, available: 0
2026-07-28T19:16:12.619-04:00 Order failure | productId=11234 | userId=1497 | quantity=264 | status=FAILED | reason=Insufficient quantity for product id: 11234. Requested: 264, available: 0
2026-07-28T19:16:12.625-04:00 Order failure | productId=1301 | userId=1498 | quantity=463 | status=FAILED | reason=Insufficient quantity for product id: 1301. Requested: 463, available: 0
2026-07-28T19:16:12.630-04:00 Order failure | productId=1301 | userId=1499 | quantity=442 | status=FAILED | reason=Insufficient quantity for product id: 1301. Requested: 442, available: 0
2026-07-28T19:16:12.636-04:00 Order failure | productId=1301 | userId=1500 | quantity=240 | status=FAILED | reason=Insufficient quantity for product id: 1301. Requested: 240, available: 0
2026-07-28T19:16:12.640-04:00 Order failure | productId=11234 | userId=1501 | quantity=534 | status=FAILED | reason=Insufficient quantity for product id: 11234. Requested: 534, available: 0
2026-07-28T19:16:12.646-04:00 Order failure | productId=1301 | userId=1502 | quantity=312 | status=FAILED | reason=Insufficient quantity for product id: 1301. Requested: 312, available: 0
2026-07-28T19:16:12.652-04:00 Order failure | productId=1301 | userId=1503 | quantity=19 | status=FAILED | reason=Insufficient quantity for product id: 1301. Requested: 19, available: 0
2026-07-28T19:16:12.658-04:00 Order failure | productId=1301 | userId=1504 | quantity=924 | status=FAILED | reason=Insufficient quantity for product id: 1301. Requested: 924, available: 0
2026-07-28T19:16:12.663-04:00 Order failure | productId=11234 | userId=1505 | quantity=271 | status=FAILED | reason=Insufficient quantity for product id: 11234. Requested: 271, available: 0
2026-07-28T19:16:12.667-04:00 Order failure | productId=11234 | userId=1506 | quantity=693 | status=FAILED | reason=Insufficient quantity for product id: 11234. Requested: 693, available: 0
2026-07-28T19:16:12.671-04:00 Order failure | productId=1301 | userId=1507 | quantity=794 | status=FAILED | reason=Insufficient quantity for product id: 1301. Requested: 794, available: 0
2026-07-28T19:16:12.677-04:00 Order failure | productId=11234 | userId=1508 | quantity=293 | status=FAILED | reason=Insufficient quantity for product id: 11234. Requested: 293, available: 0
2026-07-28T19:16:12.682-04:00 Order failure | productId=1301 | userId=1509 | quantity=903 | status=FAILED | reason=Insufficient quantity for product id: 1301. Requested: 903, available: 0
2026-07-28T19:16:12.686-04:00 Order failure | productId=1301 | userId=1510 | quantity=472 | status=FAILED | reason=Insufficient quantity for product id: 1301. Requested: 472, available: 0
2026-07-28T19:16:12.691-04:00 Order failure | productId=11234 | userId=1511 | quantity=95 | status=FAILED | reason=Insufficient quantity for product id: 11234. Requested: 95, available: 0
2026-07-28T19:16:12.697-04:00 Order failure | productId=1301 | userId=1512 | quantity=157 | status=FAILED | reason=Insufficient quantity for product id: 1301. Requested: 157, available: 0
2026-07-28T19:16:12.700-04:00 Order failure | productId=11234 | userId=1513 | quantity=88 | status=FAILED | reason=Insufficient quantity for product id: 11234. Requested: 88, available: 0
2026-07-28T19:16:12.707-04:00 Order failure | productId=1301 | userId=1514 | quantity=519 | status=FAILED | reason=Insufficient quantity for product id: 1301. Requested: 519, available: 0
2026-07-28T19:16:12.712-04:00 Order failure | productId=1301 | userId=1515 | quantity=459 | status=FAILED | reason=Insufficient quantity for product id: 1301. Requested: 459, available: 0
2026-07-28T19:16:12.717-04:00 Order failure | productId=1301 | userId=1516 | quantity=241 | status=FAILED | reason=Insufficient quantity for product id: 1301. Requested: 241, available: 0
2026-07-28T19:16:12.723-04:00 Order failure | productId=1301 | userId=1517 | quantity=521 | status=FAILED | reason=Insufficient quantity for product id: 1301. Requested: 521, available: 0
2026-07-28T19:16:12.728-04:00 Order failure | productId=1301 | userId=1518 | quantity=873 | status=FAILED | reason=Insufficient quantity for product id: 1301. Requested: 873, available: 0
2026-07-28T19:16:12.735-04:00 Order failure | productId=11234 | userId=1519 | quantity=11 | status=FAILED | reason=Insufficient quantity for product id: 11234. Requested: 11, available: 0
2026-07-28T19:16:12.739-04:00 Order failure | productId=1301 | userId=1520 | quantity=61 | status=FAILED | reason=Insufficient quantity for product id: 1301. Requested: 61, available: 0
2026-07-28T19:16:12.742-04:00 Order failure | productId=1301 | userId=1521 | quantity=31 | status=FAILED | reason=Insufficient quantity for product id: 1301. Requested: 31, available: 0
2026-07-28T19:16:12.747-04:00 Order failure | productId=1301 | userId=1522 | quantity=763 | status=FAILED | reason=Insufficient quantity for product id: 1301. Requested: 763, available: 0
2026-07-28T19:16:12.751-04:00 Order failure | productId=1301 | userId=1523 | quantity=359 | status=FAILED | reason=Insufficient quantity for product id: 1301. Requested: 359, available: 0
2026-07-28T19:16:12.756-04:00 Order failure | productId=11234 | userId=1524 | quantity=436 | status=FAILED | reason=Insufficient quantity for product id: 11234. Requested: 436, available: 0
2026-07-28T19:16:12.761-04:00 Order failure | productId=1301 | userId=1525 | quantity=277 | status=FAILED | reason=Insufficient quantity for product id: 1301. Requested: 277, available: 0
2026-07-28T19:16:12.768-04:00 Order failure | productId=11234 | userId=1526 | quantity=791 | status=FAILED | reason=Insufficient quantity for product id: 11234. Requested: 791, available: 0
2026-07-28T19:16:12.770-04:00 Order failure | productId=11234 | userId=1527 | quantity=365 | status=FAILED | reason=Insufficient quantity for product id: 11234. Requested: 365, available: 0
2026-07-28T19:16:12.777-04:00 Order failure | productId=11234 | userId=1528 | quantity=226 | status=FAILED | reason=Insufficient quantity for product id: 11234. Requested: 226, available: 0
2026-07-28T19:16:12.782-04:00 Order failure | productId=1301 | userId=1529 | quantity=281 | status=FAILED | reason=Insufficient quantity for product id: 1301. Requested: 281, available: 0
2026-07-28T19:16:12.787-04:00 Order failure | productId=11234 | userId=1530 | quantity=510 | status=FAILED | reason=Insufficient quantity for product id: 11234. Requested: 510, available: 0
2026-07-28T19:16:12.792-04:00 Order failure | productId=11234 | userId=1531 | quantity=417 | status=FAILED | reason=Insufficient quantity for product id: 11234. Requested: 417, available: 0
2026-07-28T19:16:12.796-04:00 Order failure | productId=1301 | userId=1532 | quantity=982 | status=FAILED | reason=Insufficient quantity for product id: 1301. Requested: 982, available: 0
2026-07-28T19:16:12.801-04:00 Order failure | productId=11234 | userId=1533 | quantity=419 | status=FAILED | reason=Insufficient quantity for product id: 11234. Requested: 419, available: 0
2026-07-28T19:16:12.806-04:00 Order failure | productId=1301 | userId=1534 | quantity=907 | status=FAILED | reason=Insufficient quantity for product id: 1301. Requested: 907, available: 0
2026-07-28T19:16:12.810-04:00 Order failure | productId=11234 | userId=1535 | quantity=861 | status=FAILED | reason=Insufficient quantity for product id: 11234. Requested: 861, available: 0
2026-07-28T19:16:12.816-04:00 Order failure | productId=1301 | userId=1536 | quantity=405 | status=FAILED | reason=Insufficient quantity for product id: 1301. Requested: 405, available: 0
2026-07-28T19:16:12.823-04:00 Order failure | productId=11234 | userId=1537 | quantity=519 | status=FAILED | reason=Insufficient quantity for product id: 11234. Requested: 519, available: 0
2026-07-28T19:16:12.826-04:00 Order failure | productId=11234 | userId=1538 | quantity=314 | status=FAILED | reason=Insufficient quantity for product id: 11234. Requested: 314, available: 0
2026-07-28T19:16:12.832-04:00 Order failure | productId=11234 | userId=1539 | quantity=172 | status=FAILED | reason=Insufficient quantity for product id: 11234. Requested: 172, available: 0
2026-07-28T19:16:12.835-04:00 Order failure | productId=1301 | userId=1540 | quantity=138 | status=FAILED | reason=Insufficient quantity for product id: 1301. Requested: 138, available: 0
2026-07-28T19:16:12.839-04:00 Order failure | productId=11234 | userId=1541 | quantity=196 | status=FAILED | reason=Insufficient quantity for product id: 11234. Requested: 196, available: 0
2026-07-28T19:16:12.846-04:00 Order failure | productId=1301 | userId=1542 | quantity=503 | status=FAILED | reason=Insufficient quantity for product id: 1301. Requested: 503, available: 0
2026-07-28T19:16:12.853-04:00 Order failure | productId=1301 | userId=1543 | quantity=131 | status=FAILED | reason=Insufficient quantity for product id: 1301. Requested: 131, available: 0
2026-07-28T19:16:12.856-04:00 Order failure | productId=1301 | userId=1544 | quantity=947 | status=FAILED | reason=Insufficient quantity for product id: 1301. Requested: 947, available: 0
2026-07-28T19:16:12.861-04:00 Order failure | productId=1301 | userId=1545 | quantity=381 | status=FAILED | reason=Insufficient quantity for product id: 1301. Requested: 381, available: 0
2026-07-28T19:16:12.867-04:00 Order failure | productId=11234 | userId=1546 | quantity=135 | status=FAILED | reason=Insufficient quantity for product id: 11234. Requested: 135, available: 0
2026-07-28T19:16:12.871-04:00 Order failure | productId=1301 | userId=1547 | quantity=775 | status=FAILED | reason=Insufficient quantity for product id: 1301. Requested: 775, available: 0
2026-07-28T19:16:12.876-04:00 Order failure | productId=11234 | userId=1548 | quantity=26 | status=FAILED | reason=Insufficient quantity for product id: 11234. Requested: 26, available: 0
2026-07-28T19:16:12.883-04:00 Order failure | productId=11234 | userId=1549 | quantity=127 | status=FAILED | reason=Insufficient quantity for product id: 11234. Requested: 127, available: 0
2026-07-28T19:16:12.884-04:00 Order failure | productId=1301 | userId=1550 | quantity=643 | status=FAILED | reason=Insufficient quantity for product id: 1301. Requested: 643, available: 0
2026-07-28T19:16:12.891-04:00 Order failure | productId=11234 | userId=1551 | quantity=445 | status=FAILED | reason=Insufficient quantity for product id: 11234. Requested: 445, available: 0
2026-07-28T19:16:12.897-04:00 Order failure | productId=1301 | userId=1552 | quantity=39 | status=FAILED | reason=Insufficient quantity for product id: 1301. Requested: 39, available: 0
2026-07-28T19:16:12.902-04:00 Order failure | productId=11234 | userId=1553 | quantity=207 | status=FAILED | reason=Insufficient quantity for product id: 11234. Requested: 207, available: 0
2026-07-28T19:16:12.906-04:00 Order failure | productId=11234 | userId=1554 | quantity=22 | status=FAILED | reason=Insufficient quantity for product id: 11234. Requested: 22, available: 0
2026-07-28T19:16:12.911-04:00 Order failure | productId=11234 | userId=1555 | quantity=228 | status=FAILED | reason=Insufficient quantity for product id: 11234. Requested: 228, available: 0
2026-07-28T19:16:12.915-04:00 Order failure | productId=11234 | userId=1556 | quantity=750 | status=FAILED | reason=Insufficient quantity for product id: 11234. Requested: 750, available: 0
2026-07-28T19:16:12.921-04:00 Order failure | productId=11234 | userId=1557 | quantity=631 | status=FAILED | reason=Insufficient quantity for product id: 11234. Requested: 631, available: 0
2026-07-28T19:16:12.925-04:00 Order failure | productId=11234 | userId=1558 | quantity=204 | status=FAILED | reason=Insufficient quantity for product id: 11234. Requested: 204, available: 0
2026-07-28T19:16:12.931-04:00 Order failure | productId=1301 | userId=1559 | quantity=426 | status=FAILED | reason=Insufficient quantity for product id: 1301. Requested: 426, available: 0
2026-07-28T19:16:12.937-04:00 Order failure | productId=1301 | userId=1560 | quantity=96 | status=FAILED | reason=Insufficient quantity for product id: 1301. Requested: 96, available: 0
2026-07-28T19:16:12.941-04:00 Order failure | productId=1301 | userId=1561 | quantity=623 | status=FAILED | reason=Insufficient quantity for product id: 1301. Requested: 623, available: 0
2026-07-28T19:16:12.946-04:00 Order failure | productId=1301 | userId=1562 | quantity=656 | status=FAILED | reason=Insufficient quantity for product id: 1301. Requested: 656, available: 0
2026-07-28T19:16:12.951-04:00 Order failure | productId=1301 | userId=1563 | quantity=292 | status=FAILED | reason=Insufficient quantity for product id: 1301. Requested: 292, available: 0
2026-07-28T19:16:12.956-04:00 Order failure | productId=11234 | userId=1564 | quantity=913 | status=FAILED | reason=Insufficient quantity for product id: 11234. Requested: 913, available: 0
2026-07-28T19:16:12.961-04:00 Order failure | productId=1301 | userId=1565 | quantity=495 | status=FAILED | reason=Insufficient quantity for product id: 1301. Requested: 495, available: 0
2026-07-28T19:16:12.969-04:00 Order failure | productId=1301 | userId=1567 | quantity=261 | status=FAILED | reason=Insufficient quantity for product id: 1301. Requested: 261, available: 0
2026-07-28T19:16:12.969-04:00 Order failure | productId=11234 | userId=1566 | quantity=125 | status=FAILED | reason=Insufficient quantity for product id: 11234. Requested: 125, available: 0
2026-07-28T19:16:12.977-04:00 Order failure | productId=1301 | userId=1568 | quantity=397 | status=FAILED | reason=Insufficient quantity for product id: 1301. Requested: 397, available: 0
2026-07-28T19:16:12.982-04:00 Order failure | productId=1301 | userId=1569 | quantity=536 | status=FAILED | reason=Insufficient quantity for product id: 1301. Requested: 536, available: 0
2026-07-28T19:16:12.988-04:00 Order failure | productId=1301 | userId=1570 | quantity=716 | status=FAILED | reason=Insufficient quantity for product id: 1301. Requested: 716, available: 0
2026-07-28T19:16:12.992-04:00 Order failure | productId=11234 | userId=1571 | quantity=253 | status=FAILED | reason=Insufficient quantity for product id: 11234. Requested: 253, available: 0
2026-07-28T19:16:12.996-04:00 Order failure | productId=1301 | userId=1572 | quantity=766 | status=FAILED | reason=Insufficient quantity for product id: 1301. Requested: 766, available: 0
2026-07-28T19:16:13.001-04:00 Order failure | productId=11234 | userId=1573 | quantity=231 | status=FAILED | reason=Insufficient quantity for product id: 11234. Requested: 231, available: 0
2026-07-28T19:16:13.006-04:00 Order failure | productId=11234 | userId=1574 | quantity=739 | status=FAILED | reason=Insufficient quantity for product id: 11234. Requested: 739, available: 0
2026-07-28T19:16:13.012-04:00 Order failure | productId=1301 | userId=1575 | quantity=166 | status=FAILED | reason=Insufficient quantity for product id: 1301. Requested: 166, available: 0
2026-07-28T19:16:13.017-04:00 Order failure | productId=11234 | userId=1576 | quantity=563 | status=FAILED | reason=Insufficient quantity for product id: 11234. Requested: 563, available: 0
2026-07-28T19:16:13.021-04:00 Order failure | productId=1301 | userId=1577 | quantity=454 | status=FAILED | reason=Insufficient quantity for product id: 1301. Requested: 454, available: 0
2026-07-28T19:16:13.026-04:00 Order failure | productId=1301 | userId=1578 | quantity=215 | status=FAILED | reason=Insufficient quantity for product id: 1301. Requested: 215, available: 0
2026-07-28T19:16:13.031-04:00 Order failure | productId=1301 | userId=1579 | quantity=71 | status=FAILED | reason=Insufficient quantity for product id: 1301. Requested: 71, available: 0
2026-07-28T19:16:13.035-04:00 Order failure | productId=1301 | userId=1580 | quantity=795 | status=FAILED | reason=Insufficient quantity for product id: 1301. Requested: 795, available: 0
2026-07-28T19:16:13.041-04:00 Order failure | productId=1301 | userId=1581 | quantity=66 | status=FAILED | reason=Insufficient quantity for product id: 1301. Requested: 66, available: 0
2026-07-28T19:16:13.047-04:00 Order failure | productId=11234 | userId=1582 | quantity=398 | status=FAILED | reason=Insufficient quantity for product id: 11234. Requested: 398, available: 0
2026-07-28T19:16:13.051-04:00 Order failure | productId=1301 | userId=1583 | quantity=495 | status=FAILED | reason=Insufficient quantity for product id: 1301. Requested: 495, available: 0
2026-07-28T19:16:13.057-04:00 Order failure | productId=1301 | userId=1584 | quantity=55 | status=FAILED | reason=Insufficient quantity for product id: 1301. Requested: 55, available: 0
2026-07-28T19:16:13.061-04:00 Order failure | productId=11234 | userId=1585 | quantity=174 | status=FAILED | reason=Insufficient quantity for product id: 11234. Requested: 174, available: 0
2026-07-28T19:16:13.067-04:00 Order failure | productId=1301 | userId=1586 | quantity=287 | status=FAILED | reason=Insufficient quantity for product id: 1301. Requested: 287, available: 0
2026-07-28T19:16:13.071-04:00 Order failure | productId=11234 | userId=1587 | quantity=81 | status=FAILED | reason=Insufficient quantity for product id: 11234. Requested: 81, available: 0
2026-07-28T19:16:13.077-04:00 Order failure | productId=11234 | userId=1588 | quantity=744 | status=FAILED | reason=Insufficient quantity for product id: 11234. Requested: 744, available: 0
2026-07-28T19:16:13.082-04:00 Order failure | productId=1301 | userId=1589 | quantity=776 | status=FAILED | reason=Insufficient quantity for product id: 1301. Requested: 776, available: 0
2026-07-28T19:16:13.087-04:00 Order failure | productId=11234 | userId=1590 | quantity=866 | status=FAILED | reason=Insufficient quantity for product id: 11234. Requested: 866, available: 0
2026-07-28T19:16:13.091-04:00 Order failure | productId=1301 | userId=1591 | quantity=142 | status=FAILED | reason=Insufficient quantity for product id: 1301. Requested: 142, available: 0
2026-07-28T19:16:13.095-04:00 Order failure | productId=1301 | userId=1592 | quantity=893 | status=FAILED | reason=Insufficient quantity for product id: 1301. Requested: 893, available: 0
2026-07-28T19:16:13.101-04:00 Order failure | productId=11234 | userId=1593 | quantity=195 | status=FAILED | reason=Insufficient quantity for product id: 11234. Requested: 195, available: 0
2026-07-28T19:16:13.106-04:00 Order failure | productId=1301 | userId=1594 | quantity=113 | status=FAILED | reason=Insufficient quantity for product id: 1301. Requested: 113, available: 0
2026-07-28T19:16:13.111-04:00 Order failure | productId=11234 | userId=1595 | quantity=860 | status=FAILED | reason=Insufficient quantity for product id: 11234. Requested: 860, available: 0
2026-07-28T19:16:13.117-04:00 Order failure | productId=1301 | userId=1596 | quantity=569 | status=FAILED | reason=Insufficient quantity for product id: 1301. Requested: 569, available: 0
2026-07-28T19:16:13.120-04:00 Order failure | productId=1301 | userId=1597 | quantity=267 | status=FAILED | reason=Insufficient quantity for product id: 1301. Requested: 267, available: 0
2026-07-28T19:16:13.125-04:00 Order failure | productId=1301 | userId=1598 | quantity=957 | status=FAILED | reason=Insufficient quantity for product id: 1301. Requested: 957, available: 0
2026-07-28T19:16:13.132-04:00 Order failure | productId=1301 | userId=1599 | quantity=804 | status=FAILED | reason=Insufficient quantity for product id: 1301. Requested: 804, available: 0
2026-07-28T19:16:13.138-04:00 Order failure | productId=1301 | userId=1600 | quantity=216 | status=FAILED | reason=Insufficient quantity for product id: 1301. Requested: 216, available: 0
2026-07-28T19:16:13.145-04:00 Order failure | productId=1301 | userId=1601 | quantity=913 | status=FAILED | reason=Insufficient quantity for product id: 1301. Requested: 913, available: 0
2026-07-28T19:16:13.147-04:00 Order failure | productId=1301 | userId=1602 | quantity=546 | status=FAILED | reason=Insufficient quantity for product id: 1301. Requested: 546, available: 0
2026-07-28T19:16:13.152-04:00 Order failure | productId=1301 | userId=1603 | quantity=687 | status=FAILED | reason=Insufficient quantity for product id: 1301. Requested: 687, available: 0
2026-07-28T19:16:13.157-04:00 Order failure | productId=11234 | userId=1604 | quantity=248 | status=FAILED | reason=Insufficient quantity for product id: 11234. Requested: 248, available: 0
2026-07-28T19:16:13.161-04:00 Order failure | productId=1301 | userId=1605 | quantity=817 | status=FAILED | reason=Insufficient quantity for product id: 1301. Requested: 817, available: 0
2026-07-28T19:16:13.168-04:00 Order failure | productId=11234 | userId=1606 | quantity=416 | status=FAILED | reason=Insufficient quantity for product id: 11234. Requested: 416, available: 0
2026-07-28T19:16:13.171-04:00 Order failure | productId=1301 | userId=1607 | quantity=569 | status=FAILED | reason=Insufficient quantity for product id: 1301. Requested: 569, available: 0
2026-07-28T19:16:13.177-04:00 Order failure | productId=1301 | userId=1608 | quantity=822 | status=FAILED | reason=Insufficient quantity for product id: 1301. Requested: 822, available: 0
2026-07-28T19:16:13.182-04:00 Order failure | productId=11234 | userId=1609 | quantity=764 | status=FAILED | reason=Insufficient quantity for product id: 11234. Requested: 764, available: 0
2026-07-28T19:16:13.186-04:00 Order failure | productId=1301 | userId=1610 | quantity=298 | status=FAILED | reason=Insufficient quantity for product id: 1301. Requested: 298, available: 0
2026-07-28T19:16:13.191-04:00 Order failure | productId=1301 | userId=1611 | quantity=351 | status=FAILED | reason=Insufficient quantity for product id: 1301. Requested: 351, available: 0
2026-07-28T19:16:13.196-04:00 Order failure | productId=1301 | userId=1612 | quantity=322 | status=FAILED | reason=Insufficient quantity for product id: 1301. Requested: 322, available: 0
2026-07-28T19:16:13.203-04:00 Order failure | productId=11234 | userId=1613 | quantity=377 | status=FAILED | reason=Insufficient quantity for product id: 11234. Requested: 377, available: 0
2026-07-28T19:16:13.207-04:00 Order failure | productId=1301 | userId=1614 | quantity=33 | status=FAILED | reason=Insufficient quantity for product id: 1301. Requested: 33, available: 0
2026-07-28T19:16:13.211-04:00 Order failure | productId=11234 | userId=1615 | quantity=359 | status=FAILED | reason=Insufficient quantity for product id: 11234. Requested: 359, available: 0
2026-07-28T19:16:13.216-04:00 Order failure | productId=11234 | userId=1616 | quantity=127 | status=FAILED | reason=Insufficient quantity for product id: 11234. Requested: 127, available: 0
2026-07-28T19:16:13.220-04:00 Order failure | productId=1301 | userId=1617 | quantity=580 | status=FAILED | reason=Insufficient quantity for product id: 1301. Requested: 580, available: 0
2026-07-28T19:16:13.225-04:00 Order failure | productId=11234 | userId=1618 | quantity=261 | status=FAILED | reason=Insufficient quantity for product id: 11234. Requested: 261, available: 0
2026-07-28T19:16:13.231-04:00 Order failure | productId=11234 | userId=1619 | quantity=142 | status=FAILED | reason=Insufficient quantity for product id: 11234. Requested: 142, available: 0
2026-07-28T19:16:13.236-04:00 Order failure | productId=1301 | userId=1620 | quantity=81 | status=FAILED | reason=Insufficient quantity for product id: 1301. Requested: 81, available: 0
2026-07-28T19:16:13.241-04:00 Order failure | productId=1301 | userId=1621 | quantity=693 | status=FAILED | reason=Insufficient quantity for product id: 1301. Requested: 693, available: 0
2026-07-28T19:16:13.245-04:00 Order failure | productId=11234 | userId=1622 | quantity=748 | status=FAILED | reason=Insufficient quantity for product id: 11234. Requested: 748, available: 0
2026-07-28T19:16:13.252-04:00 Order failure | productId=11234 | userId=1623 | quantity=564 | status=FAILED | reason=Insufficient quantity for product id: 11234. Requested: 564, available: 0
2026-07-28T19:16:13.256-04:00 Order failure | productId=1301 | userId=1624 | quantity=724 | status=FAILED | reason=Insufficient quantity for product id: 1301. Requested: 724, available: 0
2026-07-28T19:16:13.262-04:00 Order failure | productId=11234 | userId=1625 | quantity=170 | status=FAILED | reason=Insufficient quantity for product id: 11234. Requested: 170, available: 0
2026-07-28T19:16:13.267-04:00 Order failure | productId=1301 | userId=1626 | quantity=400 | status=FAILED | reason=Insufficient quantity for product id: 1301. Requested: 400, available: 0
2026-07-28T19:16:13.271-04:00 Order failure | productId=1301 | userId=1627 | quantity=883 | status=FAILED | reason=Insufficient quantity for product id: 1301. Requested: 883, available: 0
2026-07-28T19:16:13.276-04:00 Order failure | productId=1301 | userId=1628 | quantity=54 | status=FAILED | reason=Insufficient quantity for product id: 1301. Requested: 54, available: 0
2026-07-28T19:16:13.281-04:00 Order failure | productId=1301 | userId=1629 | quantity=377 | status=FAILED | reason=Insufficient quantity for product id: 1301. Requested: 377, available: 0
2026-07-28T19:16:13.287-04:00 Order failure | productId=11234 | userId=1630 | quantity=199 | status=FAILED | reason=Insufficient quantity for product id: 11234. Requested: 199, available: 0
2026-07-28T19:16:13.292-04:00 Order failure | productId=11234 | userId=1631 | quantity=120 | status=FAILED | reason=Insufficient quantity for product id: 11234. Requested: 120, available: 0
2026-07-28T19:16:13.296-04:00 Order failure | productId=1301 | userId=1632 | quantity=464 | status=FAILED | reason=Insufficient quantity for product id: 1301. Requested: 464, available: 0
2026-07-28T19:16:13.301-04:00 Order failure | productId=1301 | userId=1633 | quantity=68 | status=FAILED | reason=Insufficient quantity for product id: 1301. Requested: 68, available: 0
2026-07-28T19:16:13.306-04:00 Order failure | productId=1301 | userId=1634 | quantity=374 | status=FAILED | reason=Insufficient quantity for product id: 1301. Requested: 374, available: 0
2026-07-28T19:16:13.312-04:00 Order failure | productId=1301 | userId=1635 | quantity=422 | status=FAILED | reason=Insufficient quantity for product id: 1301. Requested: 422, available: 0
2026-07-28T19:16:13.316-04:00 Order failure | productId=1301 | userId=1636 | quantity=980 | status=FAILED | reason=Insufficient quantity for product id: 1301. Requested: 980, available: 0
2026-07-28T19:16:13.320-04:00 Order failure | productId=11234 | userId=1637 | quantity=148 | status=FAILED | reason=Insufficient quantity for product id: 11234. Requested: 148, available: 0
2026-07-28T19:16:13.325-04:00 Order failure | productId=11234 | userId=1638 | quantity=216 | status=FAILED | reason=Insufficient quantity for product id: 11234. Requested: 216, available: 0
2026-07-28T19:16:13.332-04:00 Order failure | productId=1301 | userId=1639 | quantity=855 | status=FAILED | reason=Insufficient quantity for product id: 1301. Requested: 855, available: 0
2026-07-28T19:16:13.336-04:00 Order failure | productId=11234 | userId=1640 | quantity=514 | status=FAILED | reason=Insufficient quantity for product id: 11234. Requested: 514, available: 0
2026-07-28T19:16:13.341-04:00 Order failure | productId=11234 | userId=1641 | quantity=432 | status=FAILED | reason=Insufficient quantity for product id: 11234. Requested: 432, available: 0
2026-07-28T19:16:13.346-04:00 Order failure | productId=1301 | userId=1642 | quantity=754 | status=FAILED | reason=Insufficient quantity for product id: 1301. Requested: 754, available: 0
2026-07-28T19:16:13.351-04:00 Order failure | productId=1301 | userId=1643 | quantity=405 | status=FAILED | reason=Insufficient quantity for product id: 1301. Requested: 405, available: 0
2026-07-28T19:16:13.356-04:00 Order failure | productId=1301 | userId=1644 | quantity=712 | status=FAILED | reason=Insufficient quantity for product id: 1301. Requested: 712, available: 0
2026-07-28T19:16:13.360-04:00 Order failure | productId=11234 | userId=1645 | quantity=597 | status=FAILED | reason=Insufficient quantity for product id: 11234. Requested: 597, available: 0
2026-07-28T19:16:13.366-04:00 Order failure | productId=1301 | userId=1646 | quantity=323 | status=FAILED | reason=Insufficient quantity for product id: 1301. Requested: 323, available: 0
2026-07-28T19:16:13.371-04:00 Order failure | productId=1301 | userId=1647 | quantity=912 | status=FAILED | reason=Insufficient quantity for product id: 1301. Requested: 912, available: 0
2026-07-28T19:16:13.375-04:00 Order failure | productId=1301 | userId=1648 | quantity=431 | status=FAILED | reason=Insufficient quantity for product id: 1301. Requested: 431, available: 0
2026-07-28T19:16:13.381-04:00 Order failure | productId=1301 | userId=1649 | quantity=731 | status=FAILED | reason=Insufficient quantity for product id: 1301. Requested: 731, available: 0
2026-07-28T19:16:13.386-04:00 Order failure | productId=11234 | userId=1650 | quantity=776 | status=FAILED | reason=Insufficient quantity for product id: 11234. Requested: 776, available: 0
2026-07-28T19:16:13.392-04:00 Order failure | productId=1301 | userId=1651 | quantity=10 | status=FAILED | reason=Insufficient quantity for product id: 1301. Requested: 10, available: 0
2026-07-28T19:16:13.397-04:00 Order failure | productId=1301 | userId=1652 | quantity=696 | status=FAILED | reason=Insufficient quantity for product id: 1301. Requested: 696, available: 0
2026-07-28T19:16:13.402-04:00 Order failure | productId=11234 | userId=1653 | quantity=157 | status=FAILED | reason=Insufficient quantity for product id: 11234. Requested: 157, available: 0
2026-07-28T19:16:13.406-04:00 Order failure | productId=11234 | userId=1654 | quantity=221 | status=FAILED | reason=Insufficient quantity for product id: 11234. Requested: 221, available: 0
2026-07-28T19:16:13.411-04:00 Order failure | productId=1301 | userId=1655 | quantity=459 | status=FAILED | reason=Insufficient quantity for product id: 1301. Requested: 459, available: 0
2026-07-28T19:16:13.417-04:00 Order failure | productId=11234 | userId=1656 | quantity=344 | status=FAILED | reason=Insufficient quantity for product id: 11234. Requested: 344, available: 0
2026-07-28T19:16:13.421-04:00 Order failure | productId=11234 | userId=1657 | quantity=719 | status=FAILED | reason=Insufficient quantity for product id: 11234. Requested: 719, available: 0
2026-07-28T19:16:13.426-04:00 Order failure | productId=11234 | userId=1658 | quantity=412 | status=FAILED | reason=Insufficient quantity for product id: 11234. Requested: 412, available: 0
2026-07-28T19:16:13.431-04:00 Order failure | productId=1301 | userId=1659 | quantity=780 | status=FAILED | reason=Insufficient quantity for product id: 1301. Requested: 780, available: 0
2026-07-28T19:16:13.436-04:00 Order failure | productId=11234 | userId=1660 | quantity=830 | status=FAILED | reason=Insufficient quantity for product id: 11234. Requested: 830, available: 0
2026-07-28T19:16:13.441-04:00 Order failure | productId=1301 | userId=1661 | quantity=973 | status=FAILED | reason=Insufficient quantity for product id: 1301. Requested: 973, available: 0
2026-07-28T19:16:13.447-04:00 Order failure | productId=11234 | userId=1662 | quantity=539 | status=FAILED | reason=Insufficient quantity for product id: 11234. Requested: 539, available: 0
2026-07-28T19:16:13.451-04:00 Order failure | productId=11234 | userId=1663 | quantity=185 | status=FAILED | reason=Insufficient quantity for product id: 11234. Requested: 185, available: 0
2026-07-28T19:16:13.456-04:00 Order failure | productId=11234 | userId=1664 | quantity=536 | status=FAILED | reason=Insufficient quantity for product id: 11234. Requested: 536, available: 0
2026-07-28T19:16:13.461-04:00 Order failure | productId=1301 | userId=1665 | quantity=277 | status=FAILED | reason=Insufficient quantity for product id: 1301. Requested: 277, available: 0
2026-07-28T19:16:13.465-04:00 Order failure | productId=11234 | userId=1666 | quantity=213 | status=FAILED | reason=Insufficient quantity for product id: 11234. Requested: 213, available: 0
2026-07-28T19:16:13.471-04:00 Order failure | productId=11234 | userId=1667 | quantity=857 | status=FAILED | reason=Insufficient quantity for product id: 11234. Requested: 857, available: 0
2026-07-28T19:16:13.475-04:00 Order failure | productId=11234 | userId=1668 | quantity=389 | status=FAILED | reason=Insufficient quantity for product id: 11234. Requested: 389, available: 0
2026-07-28T19:16:13.482-04:00 Order failure | productId=11234 | userId=1669 | quantity=772 | status=FAILED | reason=Insufficient quantity for product id: 11234. Requested: 772, available: 0
2026-07-28T19:16:13.485-04:00 Order failure | productId=11234 | userId=1670 | quantity=739 | status=FAILED | reason=Insufficient quantity for product id: 11234. Requested: 739, available: 0
2026-07-28T19:16:13.490-04:00 Order failure | productId=1301 | userId=1671 | quantity=253 | status=FAILED | reason=Insufficient quantity for product id: 1301. Requested: 253, available: 0
2026-07-28T19:16:13.496-04:00 Order failure | productId=11234 | userId=1672 | quantity=985 | status=FAILED | reason=Insufficient quantity for product id: 11234. Requested: 985, available: 0
2026-07-28T19:16:13.501-04:00 Order failure | productId=1301 | userId=1673 | quantity=92 | status=FAILED | reason=Insufficient quantity for product id: 1301. Requested: 92, available: 0
2026-07-28T19:16:13.505-04:00 Order failure | productId=11234 | userId=1674 | quantity=228 | status=FAILED | reason=Insufficient quantity for product id: 11234. Requested: 228, available: 0
2026-07-28T19:16:13.510-04:00 Order failure | productId=11234 | userId=1675 | quantity=280 | status=FAILED | reason=Insufficient quantity for product id: 11234. Requested: 280, available: 0
2026-07-28T19:16:13.516-04:00 Order failure | productId=11234 | userId=1676 | quantity=950 | status=FAILED | reason=Insufficient quantity for product id: 11234. Requested: 950, available: 0
2026-07-28T19:16:13.520-04:00 Order failure | productId=1301 | userId=1677 | quantity=873 | status=FAILED | reason=Insufficient quantity for product id: 1301. Requested: 873, available: 0
2026-07-28T19:16:13.526-04:00 Order failure | productId=1301 | userId=1678 | quantity=253 | status=FAILED | reason=Insufficient quantity for product id: 1301. Requested: 253, available: 0
2026-07-28T19:16:13.531-04:00 Order failure | productId=11234 | userId=1679 | quantity=339 | status=FAILED | reason=Insufficient quantity for product id: 11234. Requested: 339, available: 0
2026-07-28T19:16:13.536-04:00 Order failure | productId=11234 | userId=1680 | quantity=573 | status=FAILED | reason=Insufficient quantity for product id: 11234. Requested: 573, available: 0
2026-07-28T19:16:13.540-04:00 Order failure | productId=1301 | userId=1681 | quantity=573 | status=FAILED | reason=Insufficient quantity for product id: 1301. Requested: 573, available: 0
2026-07-28T19:16:13.547-04:00 Order failure | productId=1301 | userId=1682 | quantity=98 | status=FAILED | reason=Insufficient quantity for product id: 1301. Requested: 98, available: 0
2026-07-28T19:16:13.552-04:00 Order failure | productId=11234 | userId=1683 | quantity=798 | status=FAILED | reason=Insufficient quantity for product id: 11234. Requested: 798, available: 0
2026-07-28T19:16:13.556-04:00 Order failure | productId=1301 | userId=1684 | quantity=417 | status=FAILED | reason=Insufficient quantity for product id: 1301. Requested: 417, available: 0
2026-07-28T19:16:13.561-04:00 Order failure | productId=11234 | userId=1685 | quantity=666 | status=FAILED | reason=Insufficient quantity for product id: 11234. Requested: 666, available: 0
2026-07-28T19:16:13.566-04:00 Order failure | productId=1301 | userId=1686 | quantity=545 | status=FAILED | reason=Insufficient quantity for product id: 1301. Requested: 545, available: 0
2026-07-28T19:16:13.571-04:00 Order failure | productId=1301 | userId=1687 | quantity=104 | status=FAILED | reason=Insufficient quantity for product id: 1301. Requested: 104, available: 0
2026-07-28T19:16:13.575-04:00 Order failure | productId=11234 | userId=1688 | quantity=386 | status=FAILED | reason=Insufficient quantity for product id: 11234. Requested: 386, available: 0
2026-07-28T19:16:13.583-04:00 Order failure | productId=11234 | userId=1689 | quantity=115 | status=FAILED | reason=Insufficient quantity for product id: 11234. Requested: 115, available: 0
2026-07-28T19:16:13.587-04:00 Order failure | productId=11234 | userId=1690 | quantity=254 | status=FAILED | reason=Insufficient quantity for product id: 11234. Requested: 254, available: 0
2026-07-28T19:16:13.590-04:00 Order failure | productId=1301 | userId=1691 | quantity=838 | status=FAILED | reason=Insufficient quantity for product id: 1301. Requested: 838, available: 0
2026-07-28T19:16:13.597-04:00 Order failure | productId=11234 | userId=1692 | quantity=579 | status=FAILED | reason=Insufficient quantity for product id: 11234. Requested: 579, available: 0
2026-07-28T19:16:13.602-04:00 Order failure | productId=1301 | userId=1693 | quantity=912 | status=FAILED | reason=Insufficient quantity for product id: 1301. Requested: 912, available: 0
2026-07-28T19:16:13.606-04:00 Order failure | productId=1301 | userId=1694 | quantity=249 | status=FAILED | reason=Insufficient quantity for product id: 1301. Requested: 249, available: 0
2026-07-28T19:16:13.612-04:00 Order failure | productId=11234 | userId=1695 | quantity=829 | status=FAILED | reason=Insufficient quantity for product id: 11234. Requested: 829, available: 0
2026-07-28T19:16:13.617-04:00 Order failure | productId=11234 | userId=1696 | quantity=683 | status=FAILED | reason=Insufficient quantity for product id: 11234. Requested: 683, available: 0
2026-07-28T19:16:13.621-04:00 Order failure | productId=1301 | userId=1697 | quantity=981 | status=FAILED | reason=Insufficient quantity for product id: 1301. Requested: 981, available: 0
2026-07-28T19:16:13.626-04:00 Order failure | productId=11234 | userId=1698 | quantity=120 | status=FAILED | reason=Insufficient quantity for product id: 11234. Requested: 120, available: 0
2026-07-28T19:16:13.631-04:00 Order failure | productId=11234 | userId=1699 | quantity=74 | status=FAILED | reason=Insufficient quantity for product id: 11234. Requested: 74, available: 0
2026-07-28T19:16:13.637-04:00 Order failure | productId=1301 | userId=1700 | quantity=988 | status=FAILED | reason=Insufficient quantity for product id: 1301. Requested: 988, available: 0
2026-07-28T19:16:13.641-04:00 Order failure | productId=1301 | userId=1701 | quantity=878 | status=FAILED | reason=Insufficient quantity for product id: 1301. Requested: 878, available: 0
2026-07-28T19:16:13.646-04:00 Order failure | productId=11234 | userId=1702 | quantity=936 | status=FAILED | reason=Insufficient quantity for product id: 11234. Requested: 936, available: 0
2026-07-28T19:16:13.651-04:00 Order failure | productId=1301 | userId=1703 | quantity=668 | status=FAILED | reason=Insufficient quantity for product id: 1301. Requested: 668, available: 0
2026-07-28T19:16:13.657-04:00 Order failure | productId=11234 | userId=1704 | quantity=752 | status=FAILED | reason=Insufficient quantity for product id: 11234. Requested: 752, available: 0
2026-07-28T19:16:13.663-04:00 Order failure | productId=11234 | userId=1705 | quantity=617 | status=FAILED | reason=Insufficient quantity for product id: 11234. Requested: 617, available: 0
2026-07-28T19:16:13.668-04:00 Order failure | productId=11234 | userId=1706 | quantity=354 | status=FAILED | reason=Insufficient quantity for product id: 11234. Requested: 354, available: 0
2026-07-28T19:16:13.671-04:00 Order failure | productId=1301 | userId=1707 | quantity=921 | status=FAILED | reason=Insufficient quantity for product id: 1301. Requested: 921, available: 0
2026-07-28T19:16:13.677-04:00 Order failure | productId=11234 | userId=1708 | quantity=966 | status=FAILED | reason=Insufficient quantity for product id: 11234. Requested: 966, available: 0
2026-07-28T19:16:13.680-04:00 Order failure | productId=11234 | userId=1709 | quantity=839 | status=FAILED | reason=Insufficient quantity for product id: 11234. Requested: 839, available: 0
2026-07-28T19:16:13.687-04:00 Order failure | productId=11234 | userId=1710 | quantity=589 | status=FAILED | reason=Insufficient quantity for product id: 11234. Requested: 589, available: 0
2026-07-28T19:16:13.691-04:00 Order failure | productId=1301 | userId=1711 | quantity=919 | status=FAILED | reason=Insufficient quantity for product id: 1301. Requested: 919, available: 0
2026-07-28T19:16:13.696-04:00 Order failure | productId=11234 | userId=1712 | quantity=330 | status=FAILED | reason=Insufficient quantity for product id: 11234. Requested: 330, available: 0
2026-07-28T19:16:13.701-04:00 Order failure | productId=11234 | userId=1713 | quantity=684 | status=FAILED | reason=Insufficient quantity for product id: 11234. Requested: 684, available: 0
2026-07-28T19:16:13.706-04:00 Order failure | productId=1301 | userId=1714 | quantity=400 | status=FAILED | reason=Insufficient quantity for product id: 1301. Requested: 400, available: 0
2026-07-28T19:16:13.711-04:00 Order failure | productId=1301 | userId=1715 | quantity=425 | status=FAILED | reason=Insufficient quantity for product id: 1301. Requested: 425, available: 0
2026-07-28T19:16:13.716-04:00 Order failure | productId=1301 | userId=1716 | quantity=163 | status=FAILED | reason=Insufficient quantity for product id: 1301. Requested: 163, available: 0
2026-07-28T19:16:13.720-04:00 Order failure | productId=11234 | userId=1717 | quantity=424 | status=FAILED | reason=Insufficient quantity for product id: 11234. Requested: 424, available: 0
2026-07-28T19:16:13.726-04:00 Order failure | productId=11234 | userId=1718 | quantity=980 | status=FAILED | reason=Insufficient quantity for product id: 11234. Requested: 980, available: 0
2026-07-28T19:16:13.730-04:00 Order failure | productId=1301 | userId=1719 | quantity=341 | status=FAILED | reason=Insufficient quantity for product id: 1301. Requested: 341, available: 0
2026-07-28T19:16:13.736-04:00 Order failure | productId=11234 | userId=1720 | quantity=255 | status=FAILED | reason=Insufficient quantity for product id: 11234. Requested: 255, available: 0
2026-07-28T19:16:13.740-04:00 Order failure | productId=1301 | userId=1721 | quantity=650 | status=FAILED | reason=Insufficient quantity for product id: 1301. Requested: 650, available: 0
2026-07-28T19:16:13.745-04:00 Order failure | productId=1301 | userId=1722 | quantity=312 | status=FAILED | reason=Insufficient quantity for product id: 1301. Requested: 312, available: 0
2026-07-28T19:16:13.751-04:00 Order failure | productId=11234 | userId=1723 | quantity=135 | status=FAILED | reason=Insufficient quantity for product id: 11234. Requested: 135, available: 0
2026-07-28T19:16:13.756-04:00 Order failure | productId=11234 | userId=1724 | quantity=570 | status=FAILED | reason=Insufficient quantity for product id: 11234. Requested: 570, available: 0
2026-07-28T19:16:13.760-04:00 Order failure | productId=1301 | userId=1725 | quantity=515 | status=FAILED | reason=Insufficient quantity for product id: 1301. Requested: 515, available: 0
2026-07-28T19:16:13.766-04:00 Order failure | productId=11234 | userId=1726 | quantity=19 | status=FAILED | reason=Insufficient quantity for product id: 11234. Requested: 19, available: 0
2026-07-28T19:16:13.770-04:00 Order failure | productId=11234 | userId=1727 | quantity=946 | status=FAILED | reason=Insufficient quantity for product id: 11234. Requested: 946, available: 0
2026-07-28T19:16:13.775-04:00 Order failure | productId=1301 | userId=1728 | quantity=632 | status=FAILED | reason=Insufficient quantity for product id: 1301. Requested: 632, available: 0
2026-07-28T19:16:13.782-04:00 Order failure | productId=11234 | userId=1729 | quantity=932 | status=FAILED | reason=Insufficient quantity for product id: 11234. Requested: 932, available: 0
2026-07-28T19:16:13.786-04:00 Order failure | productId=11234 | userId=1730 | quantity=559 | status=FAILED | reason=Insufficient quantity for product id: 11234. Requested: 559, available: 0
2026-07-28T19:16:13.792-04:00 Order failure | productId=11234 | userId=1731 | quantity=123 | status=FAILED | reason=Insufficient quantity for product id: 11234. Requested: 123, available: 0
2026-07-28T19:16:13.796-04:00 Order failure | productId=1301 | userId=1732 | quantity=951 | status=FAILED | reason=Insufficient quantity for product id: 1301. Requested: 951, available: 0
2026-07-28T19:16:13.800-04:00 Order failure | productId=11234 | userId=1733 | quantity=863 | status=FAILED | reason=Insufficient quantity for product id: 11234. Requested: 863, available: 0
2026-07-28T19:16:13.804-04:00 Order failure | productId=11234 | userId=1734 | quantity=863 | status=FAILED | reason=Insufficient quantity for product id: 11234. Requested: 863, available: 0
2026-07-28T19:16:13.811-04:00 Order failure | productId=1301 | userId=1735 | quantity=523 | status=FAILED | reason=Insufficient quantity for product id: 1301. Requested: 523, available: 0
2026-07-28T19:16:13.816-04:00 Order failure | productId=1301 | userId=1736 | quantity=368 | status=FAILED | reason=Insufficient quantity for product id: 1301. Requested: 368, available: 0
2026-07-28T19:16:13.820-04:00 Order failure | productId=1301 | userId=1737 | quantity=195 | status=FAILED | reason=Insufficient quantity for product id: 1301. Requested: 195, available: 0
2026-07-28T19:16:13.825-04:00 Order failure | productId=11234 | userId=1738 | quantity=523 | status=FAILED | reason=Insufficient quantity for product id: 11234. Requested: 523, available: 0
2026-07-28T19:16:13.831-04:00 Order failure | productId=1301 | userId=1739 | quantity=585 | status=FAILED | reason=Insufficient quantity for product id: 1301. Requested: 585, available: 0
2026-07-28T19:16:13.835-04:00 Order failure | productId=1301 | userId=1740 | quantity=243 | status=FAILED | reason=Insufficient quantity for product id: 1301. Requested: 243, available: 0
2026-07-28T19:16:13.840-04:00 Order failure | productId=11234 | userId=1741 | quantity=213 | status=FAILED | reason=Insufficient quantity for product id: 11234. Requested: 213, available: 0
2026-07-28T19:16:13.845-04:00 Order failure | productId=11234 | userId=1742 | quantity=495 | status=FAILED | reason=Insufficient quantity for product id: 11234. Requested: 495, available: 0
2026-07-28T19:16:13.850-04:00 Order failure | productId=1301 | userId=1743 | quantity=324 | status=FAILED | reason=Insufficient quantity for product id: 1301. Requested: 324, available: 0
2026-07-28T19:16:13.856-04:00 Order failure | productId=1301 | userId=1744 | quantity=458 | status=FAILED | reason=Insufficient quantity for product id: 1301. Requested: 458, available: 0
2026-07-28T19:16:13.860-04:00 Order failure | productId=11234 | userId=1745 | quantity=609 | status=FAILED | reason=Insufficient quantity for product id: 11234. Requested: 609, available: 0
2026-07-28T19:16:13.865-04:00 Order failure | productId=1301 | userId=1746 | quantity=719 | status=FAILED | reason=Insufficient quantity for product id: 1301. Requested: 719, available: 0
2026-07-28T19:16:13.870-04:00 Order failure | productId=11234 | userId=1747 | quantity=63 | status=FAILED | reason=Insufficient quantity for product id: 11234. Requested: 63, available: 0
2026-07-28T19:16:13.876-04:00 Order failure | productId=11234 | userId=1748 | quantity=759 | status=FAILED | reason=Insufficient quantity for product id: 11234. Requested: 759, available: 0
2026-07-28T19:16:13.880-04:00 Order failure | productId=11234 | userId=1749 | quantity=962 | status=FAILED | reason=Insufficient quantity for product id: 11234. Requested: 962, available: 0
2026-07-28T19:16:13.887-04:00 Order failure | productId=11234 | userId=1750 | quantity=812 | status=FAILED | reason=Insufficient quantity for product id: 11234. Requested: 812, available: 0
2026-07-28T19:16:13.891-04:00 Order failure | productId=11234 | userId=1751 | quantity=517 | status=FAILED | reason=Insufficient quantity for product id: 11234. Requested: 517, available: 0
2026-07-28T19:16:13.896-04:00 Order failure | productId=11234 | userId=1752 | quantity=295 | status=FAILED | reason=Insufficient quantity for product id: 11234. Requested: 295, available: 0
2026-07-28T19:16:13.901-04:00 Order failure | productId=11234 | userId=1753 | quantity=710 | status=FAILED | reason=Insufficient quantity for product id: 11234. Requested: 710, available: 0
2026-07-28T19:16:13.905-04:00 Order failure | productId=1301 | userId=1754 | quantity=360 | status=FAILED | reason=Insufficient quantity for product id: 1301. Requested: 360, available: 0
2026-07-28T19:16:13.909-04:00 Order failure | productId=1301 | userId=1755 | quantity=586 | status=FAILED | reason=Insufficient quantity for product id: 1301. Requested: 586, available: 0
2026-07-28T19:16:13.916-04:00 Order failure | productId=1301 | userId=1756 | quantity=372 | status=FAILED | reason=Insufficient quantity for product id: 1301. Requested: 372, available: 0
2026-07-28T19:16:13.919-04:00 Order failure | productId=11234 | userId=1757 | quantity=7 | status=FAILED | reason=Insufficient quantity for product id: 11234. Requested: 7, available: 0
2026-07-28T19:16:13.925-04:00 Order failure | productId=1301 | userId=1758 | quantity=61 | status=FAILED | reason=Insufficient quantity for product id: 1301. Requested: 61, available: 0
2026-07-28T19:16:13.930-04:00 Order failure | productId=11234 | userId=1759 | quantity=790 | status=FAILED | reason=Insufficient quantity for product id: 11234. Requested: 790, available: 0
2026-07-28T19:16:13.935-04:00 Order failure | productId=1301 | userId=1760 | quantity=712 | status=FAILED | reason=Insufficient quantity for product id: 1301. Requested: 712, available: 0
2026-07-28T19:16:13.940-04:00 Order failure | productId=11234 | userId=1761 | quantity=475 | status=FAILED | reason=Insufficient quantity for product id: 11234. Requested: 475, available: 0
2026-07-28T19:16:13.945-04:00 Order failure | productId=1301 | userId=1762 | quantity=984 | status=FAILED | reason=Insufficient quantity for product id: 1301. Requested: 984, available: 0
2026-07-28T19:16:13.952-04:00 Order failure | productId=11234 | userId=1763 | quantity=535 | status=FAILED | reason=Insufficient quantity for product id: 11234. Requested: 535, available: 0
2026-07-28T19:16:13.954-04:00 Order failure | productId=11234 | userId=1764 | quantity=351 | status=FAILED | reason=Insufficient quantity for product id: 11234. Requested: 351, available: 0
2026-07-28T19:16:13.959-04:00 Order failure | productId=11234 | userId=1765 | quantity=534 | status=FAILED | reason=Insufficient quantity for product id: 11234. Requested: 534, available: 0
2026-07-28T19:16:13.965-04:00 Order failure | productId=1301 | userId=1766 | quantity=829 | status=FAILED | reason=Insufficient quantity for product id: 1301. Requested: 829, available: 0
2026-07-28T19:16:13.970-04:00 Order failure | productId=1301 | userId=1767 | quantity=620 | status=FAILED | reason=Insufficient quantity for product id: 1301. Requested: 620, available: 0
2026-07-28T19:16:13.974-04:00 Order failure | productId=11234 | userId=1768 | quantity=168 | status=FAILED | reason=Insufficient quantity for product id: 11234. Requested: 168, available: 0
2026-07-28T19:16:13.980-04:00 Order failure | productId=11234 | userId=1769 | quantity=286 | status=FAILED | reason=Insufficient quantity for product id: 11234. Requested: 286, available: 0
2026-07-28T19:16:13.984-04:00 Order failure | productId=1301 | userId=1770 | quantity=979 | status=FAILED | reason=Insufficient quantity for product id: 1301. Requested: 979, available: 0
2026-07-28T19:16:13.990-04:00 Order failure | productId=1301 | userId=1771 | quantity=825 | status=FAILED | reason=Insufficient quantity for product id: 1301. Requested: 825, available: 0
2026-07-28T19:16:13.995-04:00 Order failure | productId=1301 | userId=1772 | quantity=382 | status=FAILED | reason=Insufficient quantity for product id: 1301. Requested: 382, available: 0
2026-07-28T19:16:14.001-04:00 Order failure | productId=1301 | userId=1773 | quantity=676 | status=FAILED | reason=Insufficient quantity for product id: 1301. Requested: 676, available: 0
2026-07-28T19:16:14.004-04:00 Order failure | productId=1301 | userId=1774 | quantity=392 | status=FAILED | reason=Insufficient quantity for product id: 1301. Requested: 392, available: 0
2026-07-28T19:16:14.011-04:00 Order failure | productId=11234 | userId=1775 | quantity=885 | status=FAILED | reason=Insufficient quantity for product id: 11234. Requested: 885, available: 0
2026-07-28T19:16:14.016-04:00 Order failure | productId=1301 | userId=1776 | quantity=504 | status=FAILED | reason=Insufficient quantity for product id: 1301. Requested: 504, available: 0
2026-07-28T19:16:14.020-04:00 Order failure | productId=1301 | userId=1777 | quantity=519 | status=FAILED | reason=Insufficient quantity for product id: 1301. Requested: 519, available: 0
2026-07-28T19:16:14.025-04:00 Order failure | productId=1301 | userId=1778 | quantity=21 | status=FAILED | reason=Insufficient quantity for product id: 1301. Requested: 21, available: 0
2026-07-28T19:16:14.030-04:00 Order failure | productId=11234 | userId=1779 | quantity=817 | status=FAILED | reason=Insufficient quantity for product id: 11234. Requested: 817, available: 0
2026-07-28T19:16:14.035-04:00 Order failure | productId=11234 | userId=1780 | quantity=999 | status=FAILED | reason=Insufficient quantity for product id: 11234. Requested: 999, available: 0
2026-07-28T19:16:14.041-04:00 Order failure | productId=1301 | userId=1781 | quantity=709 | status=FAILED | reason=Insufficient quantity for product id: 1301. Requested: 709, available: 0
2026-07-28T19:16:14.045-04:00 Order failure | productId=1301 | userId=1782 | quantity=993 | status=FAILED | reason=Insufficient quantity for product id: 1301. Requested: 993, available: 0
2026-07-28T19:16:14.053-04:00 Order failure | productId=1301 | userId=1783 | quantity=948 | status=FAILED | reason=Insufficient quantity for product id: 1301. Requested: 948, available: 0
2026-07-28T19:16:14.057-04:00 Order failure | productId=1301 | userId=1784 | quantity=261 | status=FAILED | reason=Insufficient quantity for product id: 1301. Requested: 261, available: 0
2026-07-28T19:16:14.061-04:00 Order failure | productId=1301 | userId=1785 | quantity=974 | status=FAILED | reason=Insufficient quantity for product id: 1301. Requested: 974, available: 0
2026-07-28T19:16:14.067-04:00 Order failure | productId=11234 | userId=1786 | quantity=951 | status=FAILED | reason=Insufficient quantity for product id: 11234. Requested: 951, available: 0
2026-07-28T19:16:14.072-04:00 Order failure | productId=1301 | userId=1787 | quantity=336 | status=FAILED | reason=Insufficient quantity for product id: 1301. Requested: 336, available: 0
2026-07-28T19:16:14.076-04:00 Order failure | productId=11234 | userId=1788 | quantity=189 | status=FAILED | reason=Insufficient quantity for product id: 11234. Requested: 189, available: 0
2026-07-28T19:16:14.081-04:00 Order failure | productId=1301 | userId=1789 | quantity=98 | status=FAILED | reason=Insufficient quantity for product id: 1301. Requested: 98, available: 0
2026-07-28T19:16:14.085-04:00 Order failure | productId=11234 | userId=1790 | quantity=439 | status=FAILED | reason=Insufficient quantity for product id: 11234. Requested: 439, available: 0
2026-07-28T19:16:14.091-04:00 Order failure | productId=11234 | userId=1791 | quantity=247 | status=FAILED | reason=Insufficient quantity for product id: 11234. Requested: 247, available: 0
2026-07-28T19:16:14.102-04:00 Order failure | productId=11234 | userId=1793 | quantity=116 | status=FAILED | reason=Insufficient quantity for product id: 11234. Requested: 116, available: 0
2026-07-28T19:16:14.102-04:00 Order failure | productId=1301 | userId=1792 | quantity=252 | status=FAILED | reason=Insufficient quantity for product id: 1301. Requested: 252, available: 0
2026-07-28T19:16:14.106-04:00 Order failure | productId=1301 | userId=1794 | quantity=152 | status=FAILED | reason=Insufficient quantity for product id: 1301. Requested: 152, available: 0
2026-07-28T19:16:14.111-04:00 Order failure | productId=11234 | userId=1795 | quantity=39 | status=FAILED | reason=Insufficient quantity for product id: 11234. Requested: 39, available: 0
2026-07-28T19:16:14.117-04:00 Order failure | productId=1301 | userId=1796 | quantity=371 | status=FAILED | reason=Insufficient quantity for product id: 1301. Requested: 371, available: 0
2026-07-28T19:16:14.127-04:00 Order failure | productId=1301 | userId=1797 | quantity=497 | status=FAILED | reason=Insufficient quantity for product id: 1301. Requested: 497, available: 0
2026-07-28T19:16:14.133-04:00 Order failure | productId=11234 | userId=1798 | quantity=867 | status=FAILED | reason=Insufficient quantity for product id: 11234. Requested: 867, available: 0
2026-07-28T19:16:14.133-04:00 Order failure | productId=11234 | userId=1799 | quantity=831 | status=FAILED | reason=Insufficient quantity for product id: 11234. Requested: 831, available: 0
2026-07-28T19:16:14.135-04:00 Order failure | productId=11234 | userId=1800 | quantity=574 | status=FAILED | reason=Insufficient quantity for product id: 11234. Requested: 574, available: 0
2026-07-28T19:16:14.140-04:00 Order failure | productId=1301 | userId=1801 | quantity=633 | status=FAILED | reason=Insufficient quantity for product id: 1301. Requested: 633, available: 0
2026-07-28T19:16:14.146-04:00 Order failure | productId=1301 | userId=1802 | quantity=963 | status=FAILED | reason=Insufficient quantity for product id: 1301. Requested: 963, available: 0
2026-07-28T19:16:14.150-04:00 Order failure | productId=11234 | userId=1803 | quantity=213 | status=FAILED | reason=Insufficient quantity for product id: 11234. Requested: 213, available: 0
2026-07-28T19:16:14.156-04:00 Order failure | productId=1301 | userId=1804 | quantity=827 | status=FAILED | reason=Insufficient quantity for product id: 1301. Requested: 827, available: 0
2026-07-28T19:16:14.161-04:00 Order failure | productId=1301 | userId=1805 | quantity=130 | status=FAILED | reason=Insufficient quantity for product id: 1301. Requested: 130, available: 0
2026-07-28T19:16:14.165-04:00 Order failure | productId=11234 | userId=1806 | quantity=559 | status=FAILED | reason=Insufficient quantity for product id: 11234. Requested: 559, available: 0
2026-07-28T19:16:14.170-04:00 Order failure | productId=1301 | userId=1807 | quantity=507 | status=FAILED | reason=Insufficient quantity for product id: 1301. Requested: 507, available: 0
2026-07-28T19:16:14.176-04:00 Order failure | productId=11234 | userId=1808 | quantity=172 | status=FAILED | reason=Insufficient quantity for product id: 11234. Requested: 172, available: 0
2026-07-28T19:16:14.182-04:00 Order failure | productId=1301 | userId=1809 | quantity=576 | status=FAILED | reason=Insufficient quantity for product id: 1301. Requested: 576, available: 0
2026-07-28T19:16:14.189-04:00 Order failure | productId=1301 | userId=1810 | quantity=990 | status=FAILED | reason=Insufficient quantity for product id: 1301. Requested: 990, available: 0
2026-07-28T19:16:14.190-04:00 Order failure | productId=1301 | userId=1811 | quantity=91 | status=FAILED | reason=Insufficient quantity for product id: 1301. Requested: 91, available: 0
2026-07-28T19:16:14.197-04:00 Order failure | productId=11234 | userId=1812 | quantity=706 | status=FAILED | reason=Insufficient quantity for product id: 11234. Requested: 706, available: 0
2026-07-28T19:16:14.201-04:00 Order failure | productId=1301 | userId=1813 | quantity=262 | status=FAILED | reason=Insufficient quantity for product id: 1301. Requested: 262, available: 0
2026-07-28T19:16:14.205-04:00 Order failure | productId=1301 | userId=1814 | quantity=663 | status=FAILED | reason=Insufficient quantity for product id: 1301. Requested: 663, available: 0
2026-07-28T19:16:14.212-04:00 Order failure | productId=11234 | userId=1815 | quantity=759 | status=FAILED | reason=Insufficient quantity for product id: 11234. Requested: 759, available: 0
2026-07-28T19:16:14.222-04:00 Order failure | productId=1301 | userId=1816 | quantity=552 | status=FAILED | reason=Insufficient quantity for product id: 1301. Requested: 552, available: 0
2026-07-28T19:16:14.226-04:00 Order failure | productId=11234 | userId=1817 | quantity=41 | status=FAILED | reason=Insufficient quantity for product id: 11234. Requested: 41, available: 0
2026-07-28T19:16:14.229-04:00 Order failure | productId=1301 | userId=1818 | quantity=274 | status=FAILED | reason=Insufficient quantity for product id: 1301. Requested: 274, available: 0
2026-07-28T19:16:14.232-04:00 Order failure | productId=1301 | userId=1819 | quantity=20 | status=FAILED | reason=Insufficient quantity for product id: 1301. Requested: 20, available: 0
2026-07-28T19:16:14.236-04:00 Order failure | productId=1301 | userId=1820 | quantity=947 | status=FAILED | reason=Insufficient quantity for product id: 1301. Requested: 947, available: 0
2026-07-28T19:16:14.243-04:00 Order failure | productId=11234 | userId=1821 | quantity=515 | status=FAILED | reason=Insufficient quantity for product id: 11234. Requested: 515, available: 0
2026-07-28T19:16:14.248-04:00 Order failure | productId=11234 | userId=1822 | quantity=346 | status=FAILED | reason=Insufficient quantity for product id: 11234. Requested: 346, available: 0
2026-07-28T19:16:14.252-04:00 Order failure | productId=1301 | userId=1823 | quantity=433 | status=FAILED | reason=Insufficient quantity for product id: 1301. Requested: 433, available: 0
2026-07-28T19:16:14.256-04:00 Order failure | productId=1301 | userId=1824 | quantity=762 | status=FAILED | reason=Insufficient quantity for product id: 1301. Requested: 762, available: 0
2026-07-28T19:16:14.261-04:00 Order failure | productId=11234 | userId=1825 | quantity=882 | status=FAILED | reason=Insufficient quantity for product id: 11234. Requested: 882, available: 0
2026-07-28T19:16:14.266-04:00 Order failure | productId=1301 | userId=1826 | quantity=217 | status=FAILED | reason=Insufficient quantity for product id: 1301. Requested: 217, available: 0
2026-07-28T19:16:14.271-04:00 Order failure | productId=1301 | userId=1827 | quantity=124 | status=FAILED | reason=Insufficient quantity for product id: 1301. Requested: 124, available: 0
2026-07-28T19:16:14.277-04:00 Order failure | productId=11234 | userId=1828 | quantity=308 | status=FAILED | reason=Insufficient quantity for product id: 11234. Requested: 308, available: 0
2026-07-28T19:16:14.282-04:00 Order failure | productId=1301 | userId=1829 | quantity=80 | status=FAILED | reason=Insufficient quantity for product id: 1301. Requested: 80, available: 0
2026-07-28T19:16:14.289-04:00 Order failure | productId=11234 | userId=1830 | quantity=579 | status=FAILED | reason=Insufficient quantity for product id: 11234. Requested: 579, available: 0
2026-07-28T19:16:14.293-04:00 Order failure | productId=11234 | userId=1831 | quantity=811 | status=FAILED | reason=Insufficient quantity for product id: 11234. Requested: 811, available: 0
2026-07-28T19:16:14.297-04:00 Order failure | productId=1301 | userId=1832 | quantity=484 | status=FAILED | reason=Insufficient quantity for product id: 1301. Requested: 484, available: 0
2026-07-28T19:16:14.302-04:00 Order failure | productId=1301 | userId=1833 | quantity=690 | status=FAILED | reason=Insufficient quantity for product id: 1301. Requested: 690, available: 0
2026-07-28T19:16:14.306-04:00 Order failure | productId=1301 | userId=1834 | quantity=473 | status=FAILED | reason=Insufficient quantity for product id: 1301. Requested: 473, available: 0
2026-07-28T19:16:14.311-04:00 Order failure | productId=1301 | userId=1835 | quantity=699 | status=FAILED | reason=Insufficient quantity for product id: 1301. Requested: 699, available: 0
2026-07-28T19:16:14.316-04:00 Order failure | productId=11234 | userId=1836 | quantity=955 | status=FAILED | reason=Insufficient quantity for product id: 11234. Requested: 955, available: 0
2026-07-28T19:16:14.321-04:00 Order failure | productId=1301 | userId=1837 | quantity=907 | status=FAILED | reason=Insufficient quantity for product id: 1301. Requested: 907, available: 0
2026-07-28T19:16:14.325-04:00 Order failure | productId=11234 | userId=1838 | quantity=212 | status=FAILED | reason=Insufficient quantity for product id: 11234. Requested: 212, available: 0
2026-07-28T19:16:14.330-04:00 Order failure | productId=1301 | userId=1839 | quantity=348 | status=FAILED | reason=Insufficient quantity for product id: 1301. Requested: 348, available: 0
2026-07-28T19:16:14.337-04:00 Order failure | productId=11234 | userId=1840 | quantity=487 | status=FAILED | reason=Insufficient quantity for product id: 11234. Requested: 487, available: 0
2026-07-28T19:16:14.341-04:00 Order failure | productId=1301 | userId=1841 | quantity=892 | status=FAILED | reason=Insufficient quantity for product id: 1301. Requested: 892, available: 0
2026-07-28T19:16:14.347-04:00 Order failure | productId=1301 | userId=1842 | quantity=708 | status=FAILED | reason=Insufficient quantity for product id: 1301. Requested: 708, available: 0
2026-07-28T19:16:14.351-04:00 Order failure | productId=11234 | userId=1843 | quantity=664 | status=FAILED | reason=Insufficient quantity for product id: 11234. Requested: 664, available: 0
2026-07-28T19:16:14.356-04:00 Order failure | productId=1301 | userId=1844 | quantity=315 | status=FAILED | reason=Insufficient quantity for product id: 1301. Requested: 315, available: 0
2026-07-28T19:16:14.361-04:00 Order failure | productId=1301 | userId=1845 | quantity=37 | status=FAILED | reason=Insufficient quantity for product id: 1301. Requested: 37, available: 0
2026-07-28T19:16:14.366-04:00 Order failure | productId=11234 | userId=1846 | quantity=563 | status=FAILED | reason=Insufficient quantity for product id: 11234. Requested: 563, available: 0
2026-07-28T19:16:14.370-04:00 Order failure | productId=11234 | userId=1847 | quantity=510 | status=FAILED | reason=Insufficient quantity for product id: 11234. Requested: 510, available: 0
2026-07-28T19:16:14.375-04:00 Order failure | productId=11234 | userId=1848 | quantity=542 | status=FAILED | reason=Insufficient quantity for product id: 11234. Requested: 542, available: 0
2026-07-28T19:16:14.382-04:00 Order failure | productId=11234 | userId=1849 | quantity=105 | status=FAILED | reason=Insufficient quantity for product id: 11234. Requested: 105, available: 0
2026-07-28T19:16:14.386-04:00 Order failure | productId=11234 | userId=1850 | quantity=535 | status=FAILED | reason=Insufficient quantity for product id: 11234. Requested: 535, available: 0
2026-07-28T19:16:14.391-04:00 Order failure | productId=11234 | userId=1851 | quantity=134 | status=FAILED | reason=Insufficient quantity for product id: 11234. Requested: 134, available: 0
2026-07-28T19:16:14.397-04:00 Order failure | productId=11234 | userId=1852 | quantity=84 | status=FAILED | reason=Insufficient quantity for product id: 11234. Requested: 84, available: 0
2026-07-28T19:16:14.401-04:00 Order failure | productId=1301 | userId=1853 | quantity=242 | status=FAILED | reason=Insufficient quantity for product id: 1301. Requested: 242, available: 0
2026-07-28T19:16:14.406-04:00 Order failure | productId=1301 | userId=1854 | quantity=98 | status=FAILED | reason=Insufficient quantity for product id: 1301. Requested: 98, available: 0
2026-07-28T19:16:14.412-04:00 Order failure | productId=1301 | userId=1855 | quantity=982 | status=FAILED | reason=Insufficient quantity for product id: 1301. Requested: 982, available: 0
2026-07-28T19:16:14.417-04:00 Order failure | productId=1301 | userId=1856 | quantity=546 | status=FAILED | reason=Insufficient quantity for product id: 1301. Requested: 546, available: 0
2026-07-28T19:16:14.421-04:00 Order failure | productId=11234 | userId=1857 | quantity=81 | status=FAILED | reason=Insufficient quantity for product id: 11234. Requested: 81, available: 0
2026-07-28T19:16:14.425-04:00 Order failure | productId=1301 | userId=1858 | quantity=498 | status=FAILED | reason=Insufficient quantity for product id: 1301. Requested: 498, available: 0
2026-07-28T19:16:14.431-04:00 Order failure | productId=1301 | userId=1859 | quantity=247 | status=FAILED | reason=Insufficient quantity for product id: 1301. Requested: 247, available: 0
2026-07-28T19:16:14.435-04:00 Order failure | productId=11234 | userId=1860 | quantity=467 | status=FAILED | reason=Insufficient quantity for product id: 11234. Requested: 467, available: 0
2026-07-28T19:16:14.441-04:00 Order failure | productId=1301 | userId=1861 | quantity=613 | status=FAILED | reason=Insufficient quantity for product id: 1301. Requested: 613, available: 0
2026-07-28T19:16:14.446-04:00 Order failure | productId=11234 | userId=1862 | quantity=782 | status=FAILED | reason=Insufficient quantity for product id: 11234. Requested: 782, available: 0
2026-07-28T19:16:14.451-04:00 Order failure | productId=11234 | userId=1863 | quantity=837 | status=FAILED | reason=Insufficient quantity for product id: 11234. Requested: 837, available: 0
2026-07-28T19:16:14.455-04:00 Order failure | productId=1301 | userId=1864 | quantity=989 | status=FAILED | reason=Insufficient quantity for product id: 1301. Requested: 989, available: 0
2026-07-28T19:16:14.460-04:00 Order failure | productId=1301 | userId=1865 | quantity=5 | status=FAILED | reason=Insufficient quantity for product id: 1301. Requested: 5, available: 0
2026-07-28T19:16:14.465-04:00 Order failure | productId=11234 | userId=1866 | quantity=680 | status=FAILED | reason=Insufficient quantity for product id: 11234. Requested: 680, available: 0
2026-07-28T19:16:14.472-04:00 Order failure | productId=11234 | userId=1867 | quantity=710 | status=FAILED | reason=Insufficient quantity for product id: 11234. Requested: 710, available: 0
2026-07-28T19:16:14.476-04:00 Order failure | productId=1301 | userId=1868 | quantity=480 | status=FAILED | reason=Insufficient quantity for product id: 1301. Requested: 480, available: 0
2026-07-28T19:16:14.480-04:00 Order failure | productId=11234 | userId=1869 | quantity=391 | status=FAILED | reason=Insufficient quantity for product id: 11234. Requested: 391, available: 0
2026-07-28T19:16:14.488-04:00 Order failure | productId=11234 | userId=1870 | quantity=407 | status=FAILED | reason=Insufficient quantity for product id: 11234. Requested: 407, available: 0
2026-07-28T19:16:14.490-04:00 Order failure | productId=1301 | userId=1871 | quantity=782 | status=FAILED | reason=Insufficient quantity for product id: 1301. Requested: 782, available: 0
2026-07-28T19:16:14.495-04:00 Order failure | productId=1301 | userId=1872 | quantity=283 | status=FAILED | reason=Insufficient quantity for product id: 1301. Requested: 283, available: 0
2026-07-28T19:16:14.501-04:00 Order failure | productId=11234 | userId=1873 | quantity=453 | status=FAILED | reason=Insufficient quantity for product id: 11234. Requested: 453, available: 0
2026-07-28T19:16:14.505-04:00 Order failure | productId=1301 | userId=1874 | quantity=834 | status=FAILED | reason=Insufficient quantity for product id: 1301. Requested: 834, available: 0
2026-07-28T19:16:14.510-04:00 Order failure | productId=11234 | userId=1875 | quantity=883 | status=FAILED | reason=Insufficient quantity for product id: 11234. Requested: 883, available: 0
2026-07-28T19:16:14.516-04:00 Order failure | productId=11234 | userId=1876 | quantity=570 | status=FAILED | reason=Insufficient quantity for product id: 11234. Requested: 570, available: 0
2026-07-28T19:16:14.521-04:00 Order failure | productId=11234 | userId=1877 | quantity=994 | status=FAILED | reason=Insufficient quantity for product id: 11234. Requested: 994, available: 0
2026-07-28T19:16:14.526-04:00 Order failure | productId=1301 | userId=1878 | quantity=921 | status=FAILED | reason=Insufficient quantity for product id: 1301. Requested: 921, available: 0
2026-07-28T19:16:14.532-04:00 Order failure | productId=11234 | userId=1879 | quantity=175 | status=FAILED | reason=Insufficient quantity for product id: 11234. Requested: 175, available: 0
2026-07-28T19:16:14.536-04:00 Order failure | productId=1301 | userId=1880 | quantity=948 | status=FAILED | reason=Insufficient quantity for product id: 1301. Requested: 948, available: 0
2026-07-28T19:16:14.541-04:00 Order failure | productId=1301 | userId=1881 | quantity=325 | status=FAILED | reason=Insufficient quantity for product id: 1301. Requested: 325, available: 0
2026-07-28T19:16:14.546-04:00 Order failure | productId=1301 | userId=1882 | quantity=662 | status=FAILED | reason=Insufficient quantity for product id: 1301. Requested: 662, available: 0
2026-07-28T19:16:14.550-04:00 Order failure | productId=1301 | userId=1883 | quantity=442 | status=FAILED | reason=Insufficient quantity for product id: 1301. Requested: 442, available: 0
2026-07-28T19:16:14.557-04:00 Order failure | productId=1301 | userId=1884 | quantity=533 | status=FAILED | reason=Insufficient quantity for product id: 1301. Requested: 533, available: 0
2026-07-28T19:16:14.560-04:00 Order failure | productId=1301 | userId=1885 | quantity=546 | status=FAILED | reason=Insufficient quantity for product id: 1301. Requested: 546, available: 0
2026-07-28T19:16:14.566-04:00 Order failure | productId=11234 | userId=1886 | quantity=644 | status=FAILED | reason=Insufficient quantity for product id: 11234. Requested: 644, available: 0
2026-07-28T19:16:14.571-04:00 Order failure | productId=1301 | userId=1887 | quantity=470 | status=FAILED | reason=Insufficient quantity for product id: 1301. Requested: 470, available: 0
2026-07-28T19:16:14.576-04:00 Order failure | productId=1301 | userId=1888 | quantity=391 | status=FAILED | reason=Insufficient quantity for product id: 1301. Requested: 391, available: 0
2026-07-28T19:16:14.580-04:00 Order failure | productId=11234 | userId=1889 | quantity=590 | status=FAILED | reason=Insufficient quantity for product id: 11234. Requested: 590, available: 0
2026-07-28T19:16:14.586-04:00 Order failure | productId=11234 | userId=1890 | quantity=929 | status=FAILED | reason=Insufficient quantity for product id: 11234. Requested: 929, available: 0
2026-07-28T19:16:14.591-04:00 Order failure | productId=11234 | userId=1891 | quantity=769 | status=FAILED | reason=Insufficient quantity for product id: 11234. Requested: 769, available: 0
2026-07-28T19:16:14.596-04:00 Order failure | productId=11234 | userId=1892 | quantity=329 | status=FAILED | reason=Insufficient quantity for product id: 11234. Requested: 329, available: 0
2026-07-28T19:16:14.602-04:00 Order failure | productId=1301 | userId=1893 | quantity=726 | status=FAILED | reason=Insufficient quantity for product id: 1301. Requested: 726, available: 0
2026-07-28T19:16:14.606-04:00 Order failure | productId=1301 | userId=1894 | quantity=993 | status=FAILED | reason=Insufficient quantity for product id: 1301. Requested: 993, available: 0
2026-07-28T19:16:14.611-04:00 Order failure | productId=1301 | userId=1895 | quantity=651 | status=FAILED | reason=Insufficient quantity for product id: 1301. Requested: 651, available: 0
2026-07-28T19:16:14.616-04:00 Order failure | productId=1301 | userId=1896 | quantity=648 | status=FAILED | reason=Insufficient quantity for product id: 1301. Requested: 648, available: 0
2026-07-28T19:16:14.620-04:00 Order failure | productId=11234 | userId=1897 | quantity=373 | status=FAILED | reason=Insufficient quantity for product id: 11234. Requested: 373, available: 0
2026-07-28T19:16:14.626-04:00 Order failure | productId=11234 | userId=1898 | quantity=378 | status=FAILED | reason=Insufficient quantity for product id: 11234. Requested: 378, available: 0
2026-07-28T19:16:14.631-04:00 Order failure | productId=1301 | userId=1899 | quantity=177 | status=FAILED | reason=Insufficient quantity for product id: 1301. Requested: 177, available: 0
2026-07-28T19:16:14.635-04:00 Order failure | productId=11234 | userId=1900 | quantity=494 | status=FAILED | reason=Insufficient quantity for product id: 11234. Requested: 494, available: 0
2026-07-28T19:16:14.641-04:00 Order failure | productId=11234 | userId=1901 | quantity=989 | status=FAILED | reason=Insufficient quantity for product id: 11234. Requested: 989, available: 0
2026-07-28T19:16:14.646-04:00 Order failure | productId=11234 | userId=1902 | quantity=958 | status=FAILED | reason=Insufficient quantity for product id: 11234. Requested: 958, available: 0
2026-07-28T19:16:14.652-04:00 Order failure | productId=1301 | userId=1903 | quantity=84 | status=FAILED | reason=Insufficient quantity for product id: 1301. Requested: 84, available: 0
2026-07-28T19:16:14.656-04:00 Order failure | productId=1301 | userId=1904 | quantity=241 | status=FAILED | reason=Insufficient quantity for product id: 1301. Requested: 241, available: 0
2026-07-28T19:16:14.662-04:00 Order failure | productId=11234 | userId=1905 | quantity=867 | status=FAILED | reason=Insufficient quantity for product id: 11234. Requested: 867, available: 0
2026-07-28T19:16:14.667-04:00 Order failure | productId=1301 | userId=1906 | quantity=349 | status=FAILED | reason=Insufficient quantity for product id: 1301. Requested: 349, available: 0
2026-07-28T19:16:14.672-04:00 Order failure | productId=11234 | userId=1907 | quantity=156 | status=FAILED | reason=Insufficient quantity for product id: 11234. Requested: 156, available: 0
2026-07-28T19:16:14.677-04:00 Order failure | productId=11234 | userId=1908 | quantity=809 | status=FAILED | reason=Insufficient quantity for product id: 11234. Requested: 809, available: 0
2026-07-28T19:16:14.682-04:00 Order failure | productId=11234 | userId=1909 | quantity=981 | status=FAILED | reason=Insufficient quantity for product id: 11234. Requested: 981, available: 0
2026-07-28T19:16:14.686-04:00 Order failure | productId=11234 | userId=1910 | quantity=724 | status=FAILED | reason=Insufficient quantity for product id: 11234. Requested: 724, available: 0
2026-07-28T19:16:14.692-04:00 Order failure | productId=11234 | userId=1911 | quantity=570 | status=FAILED | reason=Insufficient quantity for product id: 11234. Requested: 570, available: 0
2026-07-28T19:16:14.697-04:00 Order failure | productId=11234 | userId=1912 | quantity=96 | status=FAILED | reason=Insufficient quantity for product id: 11234. Requested: 96, available: 0
2026-07-28T19:16:14.702-04:00 Order failure | productId=11234 | userId=1913 | quantity=187 | status=FAILED | reason=Insufficient quantity for product id: 11234. Requested: 187, available: 0
2026-07-28T19:16:14.706-04:00 Order failure | productId=11234 | userId=1914 | quantity=411 | status=FAILED | reason=Insufficient quantity for product id: 11234. Requested: 411, available: 0
2026-07-28T19:16:14.712-04:00 Order failure | productId=11234 | userId=1915 | quantity=947 | status=FAILED | reason=Insufficient quantity for product id: 11234. Requested: 947, available: 0
2026-07-28T19:16:14.716-04:00 Order failure | productId=11234 | userId=1916 | quantity=622 | status=FAILED | reason=Insufficient quantity for product id: 11234. Requested: 622, available: 0
2026-07-28T19:16:14.721-04:00 Order failure | productId=11234 | userId=1917 | quantity=525 | status=FAILED | reason=Insufficient quantity for product id: 11234. Requested: 525, available: 0
2026-07-28T19:16:14.727-04:00 Order failure | productId=1301 | userId=1918 | quantity=847 | status=FAILED | reason=Insufficient quantity for product id: 1301. Requested: 847, available: 0
2026-07-28T19:16:14.732-04:00 Order failure | productId=11234 | userId=1919 | quantity=522 | status=FAILED | reason=Insufficient quantity for product id: 11234. Requested: 522, available: 0
2026-07-28T19:16:14.737-04:00 Order failure | productId=1301 | userId=1920 | quantity=923 | status=FAILED | reason=Insufficient quantity for product id: 1301. Requested: 923, available: 0
2026-07-28T19:16:14.741-04:00 Order failure | productId=11234 | userId=1921 | quantity=944 | status=FAILED | reason=Insufficient quantity for product id: 11234. Requested: 944, available: 0
2026-07-28T19:16:14.746-04:00 Order failure | productId=11234 | userId=1922 | quantity=732 | status=FAILED | reason=Insufficient quantity for product id: 11234. Requested: 732, available: 0
2026-07-28T19:16:14.751-04:00 Order failure | productId=1301 | userId=1923 | quantity=7 | status=FAILED | reason=Insufficient quantity for product id: 1301. Requested: 7, available: 0
2026-07-28T19:16:14.757-04:00 Order failure | productId=1301 | userId=1924 | quantity=189 | status=FAILED | reason=Insufficient quantity for product id: 1301. Requested: 189, available: 0
2026-07-28T19:16:14.762-04:00 Order failure | productId=1301 | userId=1925 | quantity=743 | status=FAILED | reason=Insufficient quantity for product id: 1301. Requested: 743, available: 0
2026-07-28T19:16:14.767-04:00 Order failure | productId=11234 | userId=1926 | quantity=92 | status=FAILED | reason=Insufficient quantity for product id: 11234. Requested: 92, available: 0
2026-07-28T19:16:14.772-04:00 Order failure | productId=11234 | userId=1927 | quantity=473 | status=FAILED | reason=Insufficient quantity for product id: 11234. Requested: 473, available: 0
2026-07-28T19:16:14.776-04:00 Order failure | productId=11234 | userId=1928 | quantity=329 | status=FAILED | reason=Insufficient quantity for product id: 11234. Requested: 329, available: 0
2026-07-28T19:16:14.782-04:00 Order failure | productId=1301 | userId=1929 | quantity=633 | status=FAILED | reason=Insufficient quantity for product id: 1301. Requested: 633, available: 0
2026-07-28T19:16:14.785-04:00 Order failure | productId=1301 | userId=1930 | quantity=15 | status=FAILED | reason=Insufficient quantity for product id: 1301. Requested: 15, available: 0
2026-07-28T19:16:14.790-04:00 Order failure | productId=1301 | userId=1931 | quantity=970 | status=FAILED | reason=Insufficient quantity for product id: 1301. Requested: 970, available: 0
2026-07-28T19:16:14.798-04:00 Order failure | productId=1301 | userId=1932 | quantity=15 | status=FAILED | reason=Insufficient quantity for product id: 1301. Requested: 15, available: 0
2026-07-28T19:16:14.801-04:00 Order failure | productId=11234 | userId=1933 | quantity=346 | status=FAILED | reason=Insufficient quantity for product id: 11234. Requested: 346, available: 0
2026-07-28T19:16:14.806-04:00 Order failure | productId=11234 | userId=1934 | quantity=451 | status=FAILED | reason=Insufficient quantity for product id: 11234. Requested: 451, available: 0
2026-07-28T19:16:14.811-04:00 Order failure | productId=1301 | userId=1935 | quantity=389 | status=FAILED | reason=Insufficient quantity for product id: 1301. Requested: 389, available: 0
2026-07-28T19:16:14.815-04:00 Order failure | productId=1301 | userId=1936 | quantity=651 | status=FAILED | reason=Insufficient quantity for product id: 1301. Requested: 651, available: 0
2026-07-28T19:16:14.819-04:00 Order failure | productId=11234 | userId=1937 | quantity=578 | status=FAILED | reason=Insufficient quantity for product id: 11234. Requested: 578, available: 0
2026-07-28T19:16:14.824-04:00 Order failure | productId=11234 | userId=1938 | quantity=855 | status=FAILED | reason=Insufficient quantity for product id: 11234. Requested: 855, available: 0
2026-07-28T19:16:14.831-04:00 Order failure | productId=1301 | userId=1939 | quantity=730 | status=FAILED | reason=Insufficient quantity for product id: 1301. Requested: 730, available: 0
2026-07-28T19:16:14.835-04:00 Order failure | productId=1301 | userId=1940 | quantity=472 | status=FAILED | reason=Insufficient quantity for product id: 1301. Requested: 472, available: 0
2026-07-28T19:16:14.840-04:00 Order failure | productId=11234 | userId=1941 | quantity=384 | status=FAILED | reason=Insufficient quantity for product id: 11234. Requested: 384, available: 0
2026-07-28T19:16:14.845-04:00 Order failure | productId=11234 | userId=1942 | quantity=445 | status=FAILED | reason=Insufficient quantity for product id: 11234. Requested: 445, available: 0
2026-07-28T19:16:14.850-04:00 Order failure | productId=11234 | userId=1943 | quantity=757 | status=FAILED | reason=Insufficient quantity for product id: 11234. Requested: 757, available: 0
2026-07-28T19:16:14.855-04:00 Order failure | productId=11234 | userId=1944 | quantity=416 | status=FAILED | reason=Insufficient quantity for product id: 11234. Requested: 416, available: 0
2026-07-28T19:16:14.860-04:00 Order failure | productId=11234 | userId=1945 | quantity=452 | status=FAILED | reason=Insufficient quantity for product id: 11234. Requested: 452, available: 0
2026-07-28T19:16:14.865-04:00 Order failure | productId=11234 | userId=1946 | quantity=453 | status=FAILED | reason=Insufficient quantity for product id: 11234. Requested: 453, available: 0
2026-07-28T19:16:14.869-04:00 Order failure | productId=11234 | userId=1947 | quantity=277 | status=FAILED | reason=Insufficient quantity for product id: 11234. Requested: 277, available: 0
2026-07-28T19:16:14.876-04:00 Order failure | productId=1301 | userId=1948 | quantity=956 | status=FAILED | reason=Insufficient quantity for product id: 1301. Requested: 956, available: 0
2026-07-28T19:16:14.881-04:00 Order failure | productId=1301 | userId=1949 | quantity=392 | status=FAILED | reason=Insufficient quantity for product id: 1301. Requested: 392, available: 0
2026-07-28T19:16:14.885-04:00 Order failure | productId=11234 | userId=1950 | quantity=253 | status=FAILED | reason=Insufficient quantity for product id: 11234. Requested: 253, available: 0
2026-07-28T19:16:14.890-04:00 Order failure | productId=1301 | userId=1951 | quantity=807 | status=FAILED | reason=Insufficient quantity for product id: 1301. Requested: 807, available: 0
2026-07-28T19:16:14.896-04:00 Order failure | productId=1301 | userId=1952 | quantity=41 | status=FAILED | reason=Insufficient quantity for product id: 1301. Requested: 41, available: 0
2026-07-28T19:16:14.899-04:00 Order failure | productId=11234 | userId=1953 | quantity=76 | status=FAILED | reason=Insufficient quantity for product id: 11234. Requested: 76, available: 0
2026-07-28T19:16:14.905-04:00 Order failure | productId=11234 | userId=1954 | quantity=877 | status=FAILED | reason=Insufficient quantity for product id: 11234. Requested: 877, available: 0
2026-07-28T19:16:14.909-04:00 Order failure | productId=1301 | userId=1955 | quantity=864 | status=FAILED | reason=Insufficient quantity for product id: 1301. Requested: 864, available: 0
2026-07-28T19:16:14.915-04:00 Order failure | productId=11234 | userId=1956 | quantity=397 | status=FAILED | reason=Insufficient quantity for product id: 11234. Requested: 397, available: 0
2026-07-28T19:16:14.920-04:00 Order failure | productId=1301 | userId=1957 | quantity=531 | status=FAILED | reason=Insufficient quantity for product id: 1301. Requested: 531, available: 0
2026-07-28T19:16:14.928-04:00 Order failure | productId=1301 | userId=1958 | quantity=436 | status=FAILED | reason=Insufficient quantity for product id: 1301. Requested: 436, available: 0
2026-07-28T19:16:14.930-04:00 Order failure | productId=1301 | userId=1959 | quantity=771 | status=FAILED | reason=Insufficient quantity for product id: 1301. Requested: 771, available: 0
2026-07-28T19:16:14.935-04:00 Order failure | productId=1301 | userId=1960 | quantity=25 | status=FAILED | reason=Insufficient quantity for product id: 1301. Requested: 25, available: 0
2026-07-28T19:16:14.941-04:00 Order failure | productId=11234 | userId=1961 | quantity=729 | status=FAILED | reason=Insufficient quantity for product id: 11234. Requested: 729, available: 0
2026-07-28T19:16:14.945-04:00 Order failure | productId=11234 | userId=1962 | quantity=330 | status=FAILED | reason=Insufficient quantity for product id: 11234. Requested: 330, available: 0
2026-07-28T19:16:14.952-04:00 Order failure | productId=1301 | userId=1963 | quantity=306 | status=FAILED | reason=Insufficient quantity for product id: 1301. Requested: 306, available: 0
2026-07-28T19:16:14.956-04:00 Order failure | productId=1301 | userId=1964 | quantity=209 | status=FAILED | reason=Insufficient quantity for product id: 1301. Requested: 209, available: 0
2026-07-28T19:16:14.960-04:00 Order failure | productId=11234 | userId=1965 | quantity=922 | status=FAILED | reason=Insufficient quantity for product id: 11234. Requested: 922, available: 0
2026-07-28T19:16:14.966-04:00 Order failure | productId=11234 | userId=1966 | quantity=529 | status=FAILED | reason=Insufficient quantity for product id: 11234. Requested: 529, available: 0
2026-07-28T19:16:14.969-04:00 Order failure | productId=1301 | userId=1967 | quantity=644 | status=FAILED | reason=Insufficient quantity for product id: 1301. Requested: 644, available: 0
2026-07-28T19:16:14.974-04:00 Order failure | productId=1301 | userId=1968 | quantity=745 | status=FAILED | reason=Insufficient quantity for product id: 1301. Requested: 745, available: 0
2026-07-28T19:16:14.981-04:00 Order failure | productId=11234 | userId=1969 | quantity=990 | status=FAILED | reason=Insufficient quantity for product id: 11234. Requested: 990, available: 0
2026-07-28T19:16:14.985-04:00 Order failure | productId=11234 | userId=1970 | quantity=591 | status=FAILED | reason=Insufficient quantity for product id: 11234. Requested: 591, available: 0
2026-07-28T19:16:14.989-04:00 Order failure | productId=1301 | userId=1971 | quantity=441 | status=FAILED | reason=Insufficient quantity for product id: 1301. Requested: 441, available: 0
2026-07-28T19:16:14.996-04:00 Order failure | productId=1301 | userId=1972 | quantity=557 | status=FAILED | reason=Insufficient quantity for product id: 1301. Requested: 557, available: 0
2026-07-28T19:16:15.000-04:00 Order failure | productId=1301 | userId=1973 | quantity=836 | status=FAILED | reason=Insufficient quantity for product id: 1301. Requested: 836, available: 0
2026-07-28T19:16:15.004-04:00 Order failure | productId=11234 | userId=1974 | quantity=727 | status=FAILED | reason=Insufficient quantity for product id: 11234. Requested: 727, available: 0
2026-07-28T19:16:15.009-04:00 Order failure | productId=11234 | userId=1975 | quantity=994 | status=FAILED | reason=Insufficient quantity for product id: 11234. Requested: 994, available: 0
2026-07-28T19:16:15.015-04:00 Order failure | productId=1301 | userId=1976 | quantity=875 | status=FAILED | reason=Insufficient quantity for product id: 1301. Requested: 875, available: 0
2026-07-28T19:16:15.019-04:00 Order failure | productId=1301 | userId=1977 | quantity=382 | status=FAILED | reason=Insufficient quantity for product id: 1301. Requested: 382, available: 0
2026-07-28T19:16:15.025-04:00 Order failure | productId=1301 | userId=1978 | quantity=427 | status=FAILED | reason=Insufficient quantity for product id: 1301. Requested: 427, available: 0
2026-07-28T19:16:15.030-04:00 Order failure | productId=11234 | userId=1979 | quantity=345 | status=FAILED | reason=Insufficient quantity for product id: 11234. Requested: 345, available: 0
2026-07-28T19:16:15.036-04:00 Order failure | productId=11234 | userId=1980 | quantity=628 | status=FAILED | reason=Insufficient quantity for product id: 11234. Requested: 628, available: 0
2026-07-28T19:16:15.040-04:00 Order failure | productId=1301 | userId=1981 | quantity=873 | status=FAILED | reason=Insufficient quantity for product id: 1301. Requested: 873, available: 0
2026-07-28T19:16:15.046-04:00 Order failure | productId=1301 | userId=1982 | quantity=57 | status=FAILED | reason=Insufficient quantity for product id: 1301. Requested: 57, available: 0
2026-07-28T19:16:15.050-04:00 Order failure | productId=1301 | userId=1983 | quantity=270 | status=FAILED | reason=Insufficient quantity for product id: 1301. Requested: 270, available: 0
2026-07-28T19:16:15.055-04:00 Order failure | productId=1301 | userId=1984 | quantity=334 | status=FAILED | reason=Insufficient quantity for product id: 1301. Requested: 334, available: 0
2026-07-28T19:16:15.061-04:00 Order failure | productId=11234 | userId=1985 | quantity=471 | status=FAILED | reason=Insufficient quantity for product id: 11234. Requested: 471, available: 0
2026-07-28T19:16:15.065-04:00 Order failure | productId=11234 | userId=1986 | quantity=483 | status=FAILED | reason=Insufficient quantity for product id: 11234. Requested: 483, available: 0
2026-07-28T19:16:15.071-04:00 Order failure | productId=11234 | userId=1987 | quantity=424 | status=FAILED | reason=Insufficient quantity for product id: 11234. Requested: 424, available: 0
2026-07-28T19:16:15.075-04:00 Order failure | productId=1301 | userId=1988 | quantity=770 | status=FAILED | reason=Insufficient quantity for product id: 1301. Requested: 770, available: 0
2026-07-28T19:16:15.080-04:00 Order failure | productId=1301 | userId=1989 | quantity=259 | status=FAILED | reason=Insufficient quantity for product id: 1301. Requested: 259, available: 0
2026-07-28T19:16:15.091-04:00 Order failure | productId=1301 | userId=1990 | quantity=309 | status=FAILED | reason=Insufficient quantity for product id: 1301. Requested: 309, available: 0
2026-07-28T19:16:15.093-04:00 Order failure | productId=1301 | userId=1991 | quantity=713 | status=FAILED | reason=Insufficient quantity for product id: 1301. Requested: 713, available: 0
2026-07-28T19:16:15.102-04:00 Order failure | productId=11234 | userId=1992 | quantity=645 | status=FAILED | reason=Insufficient quantity for product id: 11234. Requested: 645, available: 0
2026-07-28T19:16:15.106-04:00 Order failure | productId=1301 | userId=1993 | quantity=460 | status=FAILED | reason=Insufficient quantity for product id: 1301. Requested: 460, available: 0
2026-07-28T19:16:15.111-04:00 Order failure | productId=11234 | userId=1994 | quantity=508 | status=FAILED | reason=Insufficient quantity for product id: 11234. Requested: 508, available: 0
2026-07-28T19:16:15.116-04:00 Order failure | productId=11234 | userId=1995 | quantity=11 | status=FAILED | reason=Insufficient quantity for product id: 11234. Requested: 11, available: 0
2026-07-28T19:16:15.123-04:00 Order failure | productId=1301 | userId=1997 | quantity=474 | status=FAILED | reason=Insufficient quantity for product id: 1301. Requested: 474, available: 0
2026-07-28T19:16:15.123-04:00 Order failure | productId=1301 | userId=1996 | quantity=332 | status=FAILED | reason=Insufficient quantity for product id: 1301. Requested: 332, available: 0
2026-07-28T19:16:15.126-04:00 Order failure | productId=11234 | userId=1998 | quantity=277 | status=FAILED | reason=Insufficient quantity for product id: 11234. Requested: 277, available: 0
2026-07-28T19:16:15.133-04:00 Order failure | productId=11234 | userId=1999 | quantity=707 | status=FAILED | reason=Insufficient quantity for product id: 11234. Requested: 707, available: 0
2026-07-28T19:16:15.137-04:00 Order failure | productId=1301 | userId=2000 | quantity=101 | status=FAILED | reason=Insufficient quantity for product id: 1301. Requested: 101, available: 0
2026-07-28T19:16:15.140-04:00 Order failure | productId=11234 | userId=2001 | quantity=685 | status=FAILED | reason=Insufficient quantity for product id: 11234. Requested: 685, available: 0
2026-07-28T19:16:15.144-04:00 Order failure | productId=1301 | userId=2002 | quantity=307 | status=FAILED | reason=Insufficient quantity for product id: 1301. Requested: 307, available: 0
2026-07-28T19:16:15.150-04:00 Order failure | productId=11234 | userId=2003 | quantity=7 | status=FAILED | reason=Insufficient quantity for product id: 11234. Requested: 7, available: 0
2026-07-28T19:16:15.156-04:00 Order failure | productId=1301 | userId=2004 | quantity=930 | status=FAILED | reason=Insufficient quantity for product id: 1301. Requested: 930, available: 0
2026-07-28T19:16:15.161-04:00 Order failure | productId=1301 | userId=2005 | quantity=635 | status=FAILED | reason=Insufficient quantity for product id: 1301. Requested: 635, available: 0
2026-07-28T19:16:15.165-04:00 Order failure | productId=1301 | userId=2006 | quantity=262 | status=FAILED | reason=Insufficient quantity for product id: 1301. Requested: 262, available: 0
2026-07-28T19:16:15.169-04:00 Order failure | productId=1301 | userId=2007 | quantity=862 | status=FAILED | reason=Insufficient quantity for product id: 1301. Requested: 862, available: 0
2026-07-28T19:16:15.174-04:00 Order failure | productId=1301 | userId=2008 | quantity=64 | status=FAILED | reason=Insufficient quantity for product id: 1301. Requested: 64, available: 0
2026-07-28T19:16:15.182-04:00 Order failure | productId=1301 | userId=2009 | quantity=792 | status=FAILED | reason=Insufficient quantity for product id: 1301. Requested: 792, available: 0
2026-07-28T19:16:15.185-04:00 Order failure | productId=11234 | userId=2010 | quantity=221 | status=FAILED | reason=Insufficient quantity for product id: 11234. Requested: 221, available: 0
2026-07-28T19:16:15.190-04:00 Order failure | productId=1301 | userId=2011 | quantity=864 | status=FAILED | reason=Insufficient quantity for product id: 1301. Requested: 864, available: 0
2026-07-28T19:16:15.194-04:00 Order failure | productId=1301 | userId=2012 | quantity=731 | status=FAILED | reason=Insufficient quantity for product id: 1301. Requested: 731, available: 0
2026-07-28T19:16:15.199-04:00 Order failure | productId=1301 | userId=2013 | quantity=526 | status=FAILED | reason=Insufficient quantity for product id: 1301. Requested: 526, available: 0
2026-07-28T19:16:15.206-04:00 Order failure | productId=1301 | userId=2014 | quantity=626 | status=FAILED | reason=Insufficient quantity for product id: 1301. Requested: 626, available: 0
2026-07-28T19:16:15.210-04:00 Order failure | productId=11234 | userId=2015 | quantity=924 | status=FAILED | reason=Insufficient quantity for product id: 11234. Requested: 924, available: 0
2026-07-28T19:16:15.215-04:00 Order failure | productId=1301 | userId=2016 | quantity=640 | status=FAILED | reason=Insufficient quantity for product id: 1301. Requested: 640, available: 0
2026-07-28T19:16:15.219-04:00 Order failure | productId=1301 | userId=2017 | quantity=654 | status=FAILED | reason=Insufficient quantity for product id: 1301. Requested: 654, available: 0
2026-07-28T19:16:15.225-04:00 Order failure | productId=11234 | userId=2018 | quantity=978 | status=FAILED | reason=Insufficient quantity for product id: 11234. Requested: 978, available: 0
2026-07-28T19:16:15.231-04:00 Order failure | productId=11234 | userId=2019 | quantity=614 | status=FAILED | reason=Insufficient quantity for product id: 11234. Requested: 614, available: 0
2026-07-28T19:16:15.235-04:00 Order failure | productId=11234 | userId=2020 | quantity=277 | status=FAILED | reason=Insufficient quantity for product id: 11234. Requested: 277, available: 0
2026-07-28T19:16:15.240-04:00 Order failure | productId=11234 | userId=2021 | quantity=835 | status=FAILED | reason=Insufficient quantity for product id: 11234. Requested: 835, available: 0
2026-07-28T19:16:15.245-04:00 Order failure | productId=1301 | userId=2022 | quantity=850 | status=FAILED | reason=Insufficient quantity for product id: 1301. Requested: 850, available: 0
2026-07-28T19:16:15.250-04:00 Order failure | productId=1301 | userId=2023 | quantity=628 | status=FAILED | reason=Insufficient quantity for product id: 1301. Requested: 628, available: 0
2026-07-28T19:16:15.255-04:00 Order failure | productId=1301 | userId=2024 | quantity=285 | status=FAILED | reason=Insufficient quantity for product id: 1301. Requested: 285, available: 0
2026-07-28T19:16:15.260-04:00 Order failure | productId=11234 | userId=2025 | quantity=790 | status=FAILED | reason=Insufficient quantity for product id: 11234. Requested: 790, available: 0
2026-07-28T19:16:15.266-04:00 Order failure | productId=11234 | userId=2026 | quantity=724 | status=FAILED | reason=Insufficient quantity for product id: 11234. Requested: 724, available: 0
2026-07-28T19:16:15.269-04:00 Order failure | productId=11234 | userId=2027 | quantity=607 | status=FAILED | reason=Insufficient quantity for product id: 11234. Requested: 607, available: 0
2026-07-28T19:16:15.276-04:00 Order failure | productId=11234 | userId=2028 | quantity=627 | status=FAILED | reason=Insufficient quantity for product id: 11234. Requested: 627, available: 0
2026-07-28T19:16:15.279-04:00 Order failure | productId=1301 | userId=2029 | quantity=935 | status=FAILED | reason=Insufficient quantity for product id: 1301. Requested: 935, available: 0
2026-07-28T19:16:15.285-04:00 Order failure | productId=11234 | userId=2030 | quantity=815 | status=FAILED | reason=Insufficient quantity for product id: 11234. Requested: 815, available: 0
2026-07-28T19:16:15.289-04:00 Order failure | productId=11234 | userId=2031 | quantity=50 | status=FAILED | reason=Insufficient quantity for product id: 11234. Requested: 50, available: 0
2026-07-28T19:16:15.297-04:00 Order failure | productId=11234 | userId=2032 | quantity=563 | status=FAILED | reason=Insufficient quantity for product id: 11234. Requested: 563, available: 0
2026-07-28T19:16:15.301-04:00 Order failure | productId=1301 | userId=2033 | quantity=611 | status=FAILED | reason=Insufficient quantity for product id: 1301. Requested: 611, available: 0
2026-07-28T19:16:15.305-04:00 Order failure | productId=1301 | userId=2034 | quantity=115 | status=FAILED | reason=Insufficient quantity for product id: 1301. Requested: 115, available: 0
2026-07-28T19:16:15.311-04:00 Order failure | productId=11234 | userId=2035 | quantity=776 | status=FAILED | reason=Insufficient quantity for product id: 11234. Requested: 776, available: 0
2026-07-28T19:16:15.316-04:00 Order failure | productId=11234 | userId=2036 | quantity=232 | status=FAILED | reason=Insufficient quantity for product id: 11234. Requested: 232, available: 0
2026-07-28T19:16:15.321-04:00 Order failure | productId=11234 | userId=2037 | quantity=122 | status=FAILED | reason=Insufficient quantity for product id: 11234. Requested: 122, available: 0
2026-07-28T19:16:15.326-04:00 Order failure | productId=1301 | userId=2038 | quantity=608 | status=FAILED | reason=Insufficient quantity for product id: 1301. Requested: 608, available: 0
2026-07-28T19:16:15.331-04:00 Order failure | productId=11234 | userId=2039 | quantity=756 | status=FAILED | reason=Insufficient quantity for product id: 11234. Requested: 756, available: 0
2026-07-28T19:16:15.335-04:00 Order failure | productId=1301 | userId=2040 | quantity=924 | status=FAILED | reason=Insufficient quantity for product id: 1301. Requested: 924, available: 0
2026-07-28T19:16:15.341-04:00 Order failure | productId=11234 | userId=2041 | quantity=977 | status=FAILED | reason=Insufficient quantity for product id: 11234. Requested: 977, available: 0
2026-07-28T19:16:15.346-04:00 Order failure | productId=1301 | userId=2042 | quantity=518 | status=FAILED | reason=Insufficient quantity for product id: 1301. Requested: 518, available: 0
2026-07-28T19:16:15.351-04:00 Order failure | productId=1301 | userId=2043 | quantity=612 | status=FAILED | reason=Insufficient quantity for product id: 1301. Requested: 612, available: 0
2026-07-28T19:16:15.355-04:00 Order failure | productId=1301 | userId=2044 | quantity=844 | status=FAILED | reason=Insufficient quantity for product id: 1301. Requested: 844, available: 0
2026-07-28T19:16:15.360-04:00 Order failure | productId=1301 | userId=2045 | quantity=668 | status=FAILED | reason=Insufficient quantity for product id: 1301. Requested: 668, available: 0
2026-07-28T19:16:15.366-04:00 Order failure | productId=11234 | userId=2046 | quantity=911 | status=FAILED | reason=Insufficient quantity for product id: 11234. Requested: 911, available: 0
2026-07-28T19:16:15.372-04:00 Order failure | productId=11234 | userId=2047 | quantity=407 | status=FAILED | reason=Insufficient quantity for product id: 11234. Requested: 407, available: 0
2026-07-28T19:16:15.376-04:00 Order failure | productId=1301 | userId=2048 | quantity=717 | status=FAILED | reason=Insufficient quantity for product id: 1301. Requested: 717, available: 0
2026-07-28T19:16:15.380-04:00 Order failure | productId=11234 | userId=2049 | quantity=100 | status=FAILED | reason=Insufficient quantity for product id: 11234. Requested: 100, available: 0
2026-07-28T19:16:15.385-04:00 Order failure | productId=1301 | userId=2050 | quantity=780 | status=FAILED | reason=Insufficient quantity for product id: 1301. Requested: 780, available: 0
2026-07-28T19:16:15.391-04:00 Order failure | productId=1301 | userId=2051 | quantity=133 | status=FAILED | reason=Insufficient quantity for product id: 1301. Requested: 133, available: 0
2026-07-28T19:16:15.395-04:00 Order failure | productId=11234 | userId=2052 | quantity=861 | status=FAILED | reason=Insufficient quantity for product id: 11234. Requested: 861, available: 0
2026-07-28T19:16:15.400-04:00 Order failure | productId=11234 | userId=2053 | quantity=251 | status=FAILED | reason=Insufficient quantity for product id: 11234. Requested: 251, available: 0
2026-07-28T19:16:15.405-04:00 Order failure | productId=11234 | userId=2054 | quantity=333 | status=FAILED | reason=Insufficient quantity for product id: 11234. Requested: 333, available: 0
2026-07-28T19:16:15.411-04:00 Order failure | productId=1301 | userId=2055 | quantity=634 | status=FAILED | reason=Insufficient quantity for product id: 1301. Requested: 634, available: 0
2026-07-28T19:16:15.415-04:00 Order failure | productId=1301 | userId=2056 | quantity=182 | status=FAILED | reason=Insufficient quantity for product id: 1301. Requested: 182, available: 0
2026-07-28T19:16:15.422-04:00 Order failure | productId=1301 | userId=2057 | quantity=904 | status=FAILED | reason=Insufficient quantity for product id: 1301. Requested: 904, available: 0
2026-07-28T19:16:15.425-04:00 Order failure | productId=1301 | userId=2058 | quantity=959 | status=FAILED | reason=Insufficient quantity for product id: 1301. Requested: 959, available: 0
2026-07-28T19:16:15.432-04:00 Order failure | productId=11234 | userId=2059 | quantity=796 | status=FAILED | reason=Insufficient quantity for product id: 11234. Requested: 796, available: 0
2026-07-28T19:16:15.436-04:00 Order failure | productId=11234 | userId=2060 | quantity=811 | status=FAILED | reason=Insufficient quantity for product id: 11234. Requested: 811, available: 0
2026-07-28T19:16:15.442-04:00 Order failure | productId=1301 | userId=2061 | quantity=33 | status=FAILED | reason=Insufficient quantity for product id: 1301. Requested: 33, available: 0
2026-07-28T19:16:15.446-04:00 Order failure | productId=11234 | userId=2062 | quantity=427 | status=FAILED | reason=Insufficient quantity for product id: 11234. Requested: 427, available: 0
2026-07-28T19:16:15.452-04:00 Order failure | productId=11234 | userId=2063 | quantity=272 | status=FAILED | reason=Insufficient quantity for product id: 11234. Requested: 272, available: 0
2026-07-28T19:16:15.455-04:00 Order failure | productId=11234 | userId=2064 | quantity=72 | status=FAILED | reason=Insufficient quantity for product id: 11234. Requested: 72, available: 0
2026-07-28T19:16:15.461-04:00 Order failure | productId=1301 | userId=2065 | quantity=131 | status=FAILED | reason=Insufficient quantity for product id: 1301. Requested: 131, available: 0
2026-07-28T19:16:15.465-04:00 Order failure | productId=1301 | userId=2066 | quantity=506 | status=FAILED | reason=Insufficient quantity for product id: 1301. Requested: 506, available: 0
2026-07-28T19:16:15.471-04:00 Order failure | productId=11234 | userId=2067 | quantity=841 | status=FAILED | reason=Insufficient quantity for product id: 11234. Requested: 841, available: 0
2026-07-28T19:16:15.476-04:00 Order failure | productId=1301 | userId=2068 | quantity=794 | status=FAILED | reason=Insufficient quantity for product id: 1301. Requested: 794, available: 0
2026-07-28T19:16:15.481-04:00 Order failure | productId=11234 | userId=2069 | quantity=260 | status=FAILED | reason=Insufficient quantity for product id: 11234. Requested: 260, available: 0
2026-07-28T19:16:15.485-04:00 Order failure | productId=11234 | userId=2070 | quantity=104 | status=FAILED | reason=Insufficient quantity for product id: 11234. Requested: 104, available: 0
2026-07-28T19:16:15.491-04:00 Order failure | productId=1301 | userId=2071 | quantity=181 | status=FAILED | reason=Insufficient quantity for product id: 1301. Requested: 181, available: 0
2026-07-28T19:16:15.496-04:00 Order failure | productId=1301 | userId=2072 | quantity=220 | status=FAILED | reason=Insufficient quantity for product id: 1301. Requested: 220, available: 0
2026-07-28T19:16:15.500-04:00 Order failure | productId=11234 | userId=2073 | quantity=97 | status=FAILED | reason=Insufficient quantity for product id: 11234. Requested: 97, available: 0
2026-07-28T19:16:15.505-04:00 Order failure | productId=1301 | userId=2074 | quantity=97 | status=FAILED | reason=Insufficient quantity for product id: 1301. Requested: 97, available: 0
2026-07-28T19:16:15.511-04:00 Order failure | productId=11234 | userId=2075 | quantity=900 | status=FAILED | reason=Insufficient quantity for product id: 11234. Requested: 900, available: 0
2026-07-28T19:16:15.516-04:00 Order failure | productId=11234 | userId=2076 | quantity=353 | status=FAILED | reason=Insufficient quantity for product id: 11234. Requested: 353, available: 0
2026-07-28T19:16:15.520-04:00 Order failure | productId=1301 | userId=2077 | quantity=852 | status=FAILED | reason=Insufficient quantity for product id: 1301. Requested: 852, available: 0
2026-07-28T19:16:15.525-04:00 Order failure | productId=11234 | userId=2078 | quantity=541 | status=FAILED | reason=Insufficient quantity for product id: 11234. Requested: 541, available: 0
2026-07-28T19:16:15.531-04:00 Order failure | productId=11234 | userId=2079 | quantity=436 | status=FAILED | reason=Insufficient quantity for product id: 11234. Requested: 436, available: 0
2026-07-28T19:16:15.535-04:00 Order failure | productId=11234 | userId=2080 | quantity=216 | status=FAILED | reason=Insufficient quantity for product id: 11234. Requested: 216, available: 0
2026-07-28T19:16:15.540-04:00 Order failure | productId=1301 | userId=2081 | quantity=993 | status=FAILED | reason=Insufficient quantity for product id: 1301. Requested: 993, available: 0
2026-07-28T19:16:15.546-04:00 Order failure | productId=11234 | userId=2082 | quantity=891 | status=FAILED | reason=Insufficient quantity for product id: 11234. Requested: 891, available: 0
2026-07-28T19:16:15.550-04:00 Order failure | productId=11234 | userId=2083 | quantity=646 | status=FAILED | reason=Insufficient quantity for product id: 11234. Requested: 646, available: 0
2026-07-28T19:16:15.554-04:00 Order failure | productId=1301 | userId=2084 | quantity=745 | status=FAILED | reason=Insufficient quantity for product id: 1301. Requested: 745, available: 0
2026-07-28T19:16:15.560-04:00 Order failure | productId=1301 | userId=2085 | quantity=569 | status=FAILED | reason=Insufficient quantity for product id: 1301. Requested: 569, available: 0
2026-07-28T19:16:15.564-04:00 Order failure | productId=11234 | userId=2086 | quantity=831 | status=FAILED | reason=Insufficient quantity for product id: 11234. Requested: 831, available: 0
2026-07-28T19:16:15.570-04:00 Order failure | productId=11234 | userId=2087 | quantity=138 | status=FAILED | reason=Insufficient quantity for product id: 11234. Requested: 138, available: 0
2026-07-28T19:16:15.575-04:00 Order failure | productId=1301 | userId=2088 | quantity=267 | status=FAILED | reason=Insufficient quantity for product id: 1301. Requested: 267, available: 0
2026-07-28T19:16:15.580-04:00 Order failure | productId=1301 | userId=2089 | quantity=853 | status=FAILED | reason=Insufficient quantity for product id: 1301. Requested: 853, available: 0
2026-07-28T19:16:15.584-04:00 Order failure | productId=11234 | userId=2090 | quantity=779 | status=FAILED | reason=Insufficient quantity for product id: 11234. Requested: 779, available: 0
2026-07-28T19:16:15.589-04:00 Order failure | productId=1301 | userId=2091 | quantity=655 | status=FAILED | reason=Insufficient quantity for product id: 1301. Requested: 655, available: 0
2026-07-28T19:16:15.596-04:00 Order failure | productId=1301 | userId=2092 | quantity=398 | status=FAILED | reason=Insufficient quantity for product id: 1301. Requested: 398, available: 0
2026-07-28T19:16:15.601-04:00 Order failure | productId=11234 | userId=2093 | quantity=99 | status=FAILED | reason=Insufficient quantity for product id: 11234. Requested: 99, available: 0
2026-07-28T19:16:15.605-04:00 Order failure | productId=11234 | userId=2094 | quantity=880 | status=FAILED | reason=Insufficient quantity for product id: 11234. Requested: 880, available: 0
2026-07-28T19:16:15.610-04:00 Order failure | productId=11234 | userId=2095 | quantity=325 | status=FAILED | reason=Insufficient quantity for product id: 11234. Requested: 325, available: 0
2026-07-28T19:16:15.615-04:00 Order failure | productId=1301 | userId=2096 | quantity=148 | status=FAILED | reason=Insufficient quantity for product id: 1301. Requested: 148, available: 0
2026-07-28T19:16:15.620-04:00 Order failure | productId=1301 | userId=2097 | quantity=69 | status=FAILED | reason=Insufficient quantity for product id: 1301. Requested: 69, available: 0
2026-07-28T19:16:15.624-04:00 Order failure | productId=1301 | userId=2098 | quantity=416 | status=FAILED | reason=Insufficient quantity for product id: 1301. Requested: 416, available: 0
2026-07-28T19:16:15.663-04:00 Order failure | productId=11234 | userId=2100 | quantity=471 | status=FAILED | reason=Insufficient quantity for product id: 11234. Requested: 471, available: 0
2026-07-28T19:16:15.663-04:00 Order failure | productId=1301 | userId=2099 | quantity=516 | status=FAILED | reason=Insufficient quantity for product id: 1301. Requested: 516, available: 0
2026-07-28T19:16:15.663-04:00 Order failure | productId=11234 | userId=2101 | quantity=479 | status=FAILED | reason=Insufficient quantity for product id: 11234. Requested: 479, available: 0
2026-07-28T19:16:15.666-04:00 Order failure | productId=11234 | userId=2104 | quantity=571 | status=FAILED | reason=Insufficient quantity for product id: 11234. Requested: 571, available: 0
2026-07-28T19:16:15.666-04:00 Order failure | productId=11234 | userId=2102 | quantity=821 | status=FAILED | reason=Insufficient quantity for product id: 11234. Requested: 821, available: 0
2026-07-28T19:16:15.666-04:00 Order failure | productId=1301 | userId=2103 | quantity=247 | status=FAILED | reason=Insufficient quantity for product id: 1301. Requested: 247, available: 0
2026-07-28T19:16:15.671-04:00 Order failure | productId=1301 | userId=2106 | quantity=19 | status=FAILED | reason=Insufficient quantity for product id: 1301. Requested: 19, available: 0
2026-07-28T19:16:15.671-04:00 Order failure | productId=1301 | userId=2107 | quantity=13 | status=FAILED | reason=Insufficient quantity for product id: 1301. Requested: 13, available: 0
2026-07-28T19:16:15.671-04:00 Order failure | productId=1301 | userId=2105 | quantity=230 | status=FAILED | reason=Insufficient quantity for product id: 1301. Requested: 230, available: 0
2026-07-28T19:16:15.675-04:00 Order failure | productId=11234 | userId=2108 | quantity=749 | status=FAILED | reason=Insufficient quantity for product id: 11234. Requested: 749, available: 0
2026-07-28T19:16:15.680-04:00 Order failure | productId=1301 | userId=2109 | quantity=893 | status=FAILED | reason=Insufficient quantity for product id: 1301. Requested: 893, available: 0
2026-07-28T19:16:15.685-04:00 Order failure | productId=11234 | userId=2110 | quantity=571 | status=FAILED | reason=Insufficient quantity for product id: 11234. Requested: 571, available: 0
2026-07-28T19:16:15.690-04:00 Order failure | productId=1301 | userId=2111 | quantity=136 | status=FAILED | reason=Insufficient quantity for product id: 1301. Requested: 136, available: 0
2026-07-28T19:16:15.695-04:00 Order failure | productId=1301 | userId=2112 | quantity=6 | status=FAILED | reason=Insufficient quantity for product id: 1301. Requested: 6, available: 0
2026-07-28T19:16:15.700-04:00 Order failure | productId=11234 | userId=2113 | quantity=583 | status=FAILED | reason=Insufficient quantity for product id: 11234. Requested: 583, available: 0
2026-07-28T19:16:15.705-04:00 Order failure | productId=11234 | userId=2114 | quantity=84 | status=FAILED | reason=Insufficient quantity for product id: 11234. Requested: 84, available: 0
2026-07-28T19:16:15.709-04:00 Order failure | productId=11234 | userId=2115 | quantity=622 | status=FAILED | reason=Insufficient quantity for product id: 11234. Requested: 622, available: 0
2026-07-28T19:16:15.716-04:00 Order failure | productId=1301 | userId=2116 | quantity=67 | status=FAILED | reason=Insufficient quantity for product id: 1301. Requested: 67, available: 0
2026-07-28T19:16:15.720-04:00 Order failure | productId=11234 | userId=2117 | quantity=144 | status=FAILED | reason=Insufficient quantity for product id: 11234. Requested: 144, available: 0
2026-07-28T19:16:15.726-04:00 Order failure | productId=1301 | userId=2118 | quantity=934 | status=FAILED | reason=Insufficient quantity for product id: 1301. Requested: 934, available: 0
2026-07-28T19:16:15.730-04:00 Order failure | productId=1301 | userId=2119 | quantity=471 | status=FAILED | reason=Insufficient quantity for product id: 1301. Requested: 471, available: 0
2026-07-28T19:16:15.735-04:00 Order failure | productId=11234 | userId=2120 | quantity=551 | status=FAILED | reason=Insufficient quantity for product id: 11234. Requested: 551, available: 0
2026-07-28T19:16:15.741-04:00 Order failure | productId=1301 | userId=2121 | quantity=890 | status=FAILED | reason=Insufficient quantity for product id: 1301. Requested: 890, available: 0
2026-07-28T19:16:15.745-04:00 Order failure | productId=11234 | userId=2122 | quantity=934 | status=FAILED | reason=Insufficient quantity for product id: 11234. Requested: 934, available: 0
2026-07-28T19:16:15.751-04:00 Order failure | productId=11234 | userId=2123 | quantity=237 | status=FAILED | reason=Insufficient quantity for product id: 11234. Requested: 237, available: 0
2026-07-28T19:16:15.755-04:00 Order failure | productId=1301 | userId=2124 | quantity=277 | status=FAILED | reason=Insufficient quantity for product id: 1301. Requested: 277, available: 0
2026-07-28T19:16:15.759-04:00 Order failure | productId=11234 | userId=2125 | quantity=155 | status=FAILED | reason=Insufficient quantity for product id: 11234. Requested: 155, available: 0
2026-07-28T19:16:15.765-04:00 Order failure | productId=11234 | userId=2126 | quantity=446 | status=FAILED | reason=Insufficient quantity for product id: 11234. Requested: 446, available: 0
2026-07-28T19:16:15.771-04:00 Order failure | productId=1301 | userId=2127 | quantity=377 | status=FAILED | reason=Insufficient quantity for product id: 1301. Requested: 377, available: 0
2026-07-28T19:16:15.776-04:00 Order failure | productId=11234 | userId=2128 | quantity=566 | status=FAILED | reason=Insufficient quantity for product id: 11234. Requested: 566, available: 0
2026-07-28T19:16:15.782-04:00 Order failure | productId=1301 | userId=2129 | quantity=330 | status=FAILED | reason=Insufficient quantity for product id: 1301. Requested: 330, available: 0
2026-07-28T19:16:15.790-04:00 Order failure | productId=1301 | userId=2130 | quantity=349 | status=FAILED | reason=Insufficient quantity for product id: 1301. Requested: 349, available: 0
2026-07-28T19:16:15.792-04:00 Order failure | productId=1301 | userId=2131 | quantity=546 | status=FAILED | reason=Insufficient quantity for product id: 1301. Requested: 546, available: 0
2026-07-28T19:16:15.797-04:00 Order failure | productId=11234 | userId=2132 | quantity=843 | status=FAILED | reason=Insufficient quantity for product id: 11234. Requested: 843, available: 0
2026-07-28T19:16:15.800-04:00 Order failure | productId=11234 | userId=2133 | quantity=466 | status=FAILED | reason=Insufficient quantity for product id: 11234. Requested: 466, available: 0
2026-07-28T19:16:15.804-04:00 Order failure | productId=11234 | userId=2134 | quantity=114 | status=FAILED | reason=Insufficient quantity for product id: 11234. Requested: 114, available: 0
2026-07-28T19:16:15.811-04:00 Order failure | productId=11234 | userId=2135 | quantity=881 | status=FAILED | reason=Insufficient quantity for product id: 11234. Requested: 881, available: 0
2026-07-28T19:16:15.817-04:00 Order failure | productId=11234 | userId=2136 | quantity=460 | status=FAILED | reason=Insufficient quantity for product id: 11234. Requested: 460, available: 0
2026-07-28T19:16:15.822-04:00 Order failure | productId=1301 | userId=2137 | quantity=794 | status=FAILED | reason=Insufficient quantity for product id: 1301. Requested: 794, available: 0
2026-07-28T19:16:15.827-04:00 Order failure | productId=11234 | userId=2138 | quantity=308 | status=FAILED | reason=Insufficient quantity for product id: 11234. Requested: 308, available: 0
2026-07-28T19:16:15.832-04:00 Order failure | productId=1301 | userId=2139 | quantity=5 | status=FAILED | reason=Insufficient quantity for product id: 1301. Requested: 5, available: 0
2026-07-28T19:16:15.836-04:00 Order failure | productId=11234 | userId=2140 | quantity=498 | status=FAILED | reason=Insufficient quantity for product id: 11234. Requested: 498, available: 0
2026-07-28T19:16:15.841-04:00 Order failure | productId=11234 | userId=2141 | quantity=492 | status=FAILED | reason=Insufficient quantity for product id: 11234. Requested: 492, available: 0
2026-07-28T19:16:15.846-04:00 Order failure | productId=1301 | userId=2142 | quantity=686 | status=FAILED | reason=Insufficient quantity for product id: 1301. Requested: 686, available: 0
2026-07-28T19:16:15.852-04:00 Order failure | productId=1301 | userId=2143 | quantity=271 | status=FAILED | reason=Insufficient quantity for product id: 1301. Requested: 271, available: 0
2026-07-28T19:16:15.855-04:00 Order failure | productId=1301 | userId=2144 | quantity=467 | status=FAILED | reason=Insufficient quantity for product id: 1301. Requested: 467, available: 0
2026-07-28T19:16:15.861-04:00 Order failure | productId=1301 | userId=2145 | quantity=924 | status=FAILED | reason=Insufficient quantity for product id: 1301. Requested: 924, available: 0
2026-07-28T19:16:15.865-04:00 Order failure | productId=11234 | userId=2146 | quantity=830 | status=FAILED | reason=Insufficient quantity for product id: 11234. Requested: 830, available: 0
2026-07-28T19:16:15.871-04:00 Order failure | productId=11234 | userId=2147 | quantity=154 | status=FAILED | reason=Insufficient quantity for product id: 11234. Requested: 154, available: 0
2026-07-28T19:16:15.875-04:00 Order failure | productId=11234 | userId=2148 | quantity=216 | status=FAILED | reason=Insufficient quantity for product id: 11234. Requested: 216, available: 0
2026-07-28T19:16:15.878-04:00 Order failure | productId=11234 | userId=2149 | quantity=955 | status=FAILED | reason=Insufficient quantity for product id: 11234. Requested: 955, available: 0
2026-07-28T19:16:15.884-04:00 Order failure | productId=1301 | userId=2150 | quantity=555 | status=FAILED | reason=Insufficient quantity for product id: 1301. Requested: 555, available: 0
2026-07-28T19:16:15.891-04:00 Order failure | productId=1301 | userId=2151 | quantity=22 | status=FAILED | reason=Insufficient quantity for product id: 1301. Requested: 22, available: 0
2026-07-28T19:16:15.894-04:00 Order failure | productId=1301 | userId=2152 | quantity=756 | status=FAILED | reason=Insufficient quantity for product id: 1301. Requested: 756, available: 0
2026-07-28T19:16:15.900-04:00 Order failure | productId=11234 | userId=2153 | quantity=99 | status=FAILED | reason=Insufficient quantity for product id: 11234. Requested: 99, available: 0
2026-07-28T19:16:15.904-04:00 Order failure | productId=1301 | userId=2154 | quantity=333 | status=FAILED | reason=Insufficient quantity for product id: 1301. Requested: 333, available: 0
2026-07-28T19:16:15.909-04:00 Order failure | productId=1301 | userId=2155 | quantity=422 | status=FAILED | reason=Insufficient quantity for product id: 1301. Requested: 422, available: 0
2026-07-28T19:16:15.916-04:00 Order failure | productId=1301 | userId=2156 | quantity=833 | status=FAILED | reason=Insufficient quantity for product id: 1301. Requested: 833, available: 0
2026-07-28T19:16:15.919-04:00 Order failure | productId=1301 | userId=2157 | quantity=950 | status=FAILED | reason=Insufficient quantity for product id: 1301. Requested: 950, available: 0
2026-07-28T19:16:15.924-04:00 Order failure | productId=1301 | userId=2158 | quantity=516 | status=FAILED | reason=Insufficient quantity for product id: 1301. Requested: 516, available: 0
2026-07-28T19:16:15.929-04:00 Order failure | productId=1301 | userId=2159 | quantity=574 | status=FAILED | reason=Insufficient quantity for product id: 1301. Requested: 574, available: 0
2026-07-28T19:16:15.934-04:00 Order failure | productId=1301 | userId=2160 | quantity=214 | status=FAILED | reason=Insufficient quantity for product id: 1301. Requested: 214, available: 0
2026-07-28T19:16:15.939-04:00 Order failure | productId=11234 | userId=2161 | quantity=202 | status=FAILED | reason=Insufficient quantity for product id: 11234. Requested: 202, available: 0
2026-07-28T19:16:15.944-04:00 Order failure | productId=11234 | userId=2162 | quantity=226 | status=FAILED | reason=Insufficient quantity for product id: 11234. Requested: 226, available: 0
2026-07-28T19:16:15.950-04:00 Order failure | productId=1301 | userId=2163 | quantity=296 | status=FAILED | reason=Insufficient quantity for product id: 1301. Requested: 296, available: 0
2026-07-28T19:16:15.954-04:00 Order failure | productId=11234 | userId=2164 | quantity=309 | status=FAILED | reason=Insufficient quantity for product id: 11234. Requested: 309, available: 0
2026-07-28T19:16:15.961-04:00 Order failure | productId=1301 | userId=2165 | quantity=995 | status=FAILED | reason=Insufficient quantity for product id: 1301. Requested: 995, available: 0
2026-07-28T19:16:15.965-04:00 Order failure | productId=1301 | userId=2166 | quantity=128 | status=FAILED | reason=Insufficient quantity for product id: 1301. Requested: 128, available: 0
2026-07-28T19:16:15.969-04:00 Order failure | productId=11234 | userId=2167 | quantity=142 | status=FAILED | reason=Insufficient quantity for product id: 11234. Requested: 142, available: 0
2026-07-28T19:16:15.974-04:00 Order failure | productId=11234 | userId=2168 | quantity=955 | status=FAILED | reason=Insufficient quantity for product id: 11234. Requested: 955, available: 0
2026-07-28T19:16:15.980-04:00 Order failure | productId=1301 | userId=2169 | quantity=83 | status=FAILED | reason=Insufficient quantity for product id: 1301. Requested: 83, available: 0
2026-07-28T19:16:15.984-04:00 Order failure | productId=11234 | userId=2170 | quantity=885 | status=FAILED | reason=Insufficient quantity for product id: 11234. Requested: 885, available: 0
2026-07-28T19:16:15.991-04:00 Order failure | productId=11234 | userId=2171 | quantity=511 | status=FAILED | reason=Insufficient quantity for product id: 11234. Requested: 511, available: 0
2026-07-28T19:16:15.994-04:00 Order failure | productId=1301 | userId=2172 | quantity=851 | status=FAILED | reason=Insufficient quantity for product id: 1301. Requested: 851, available: 0
2026-07-28T19:16:16.001-04:00 Order failure | productId=11234 | userId=2173 | quantity=327 | status=FAILED | reason=Insufficient quantity for product id: 11234. Requested: 327, available: 0
2026-07-28T19:16:16.005-04:00 Order failure | productId=11234 | userId=2174 | quantity=427 | status=FAILED | reason=Insufficient quantity for product id: 11234. Requested: 427, available: 0
2026-07-28T19:16:16.010-04:00 Order failure | productId=11234 | userId=2175 | quantity=139 | status=FAILED | reason=Insufficient quantity for product id: 11234. Requested: 139, available: 0
2026-07-28T19:16:16.015-04:00 Order failure | productId=1301 | userId=2176 | quantity=395 | status=FAILED | reason=Insufficient quantity for product id: 1301. Requested: 395, available: 0
2026-07-28T19:16:16.020-04:00 Order failure | productId=1301 | userId=2177 | quantity=408 | status=FAILED | reason=Insufficient quantity for product id: 1301. Requested: 408, available: 0
2026-07-28T19:16:16.025-04:00 Order failure | productId=1301 | userId=2178 | quantity=739 | status=FAILED | reason=Insufficient quantity for product id: 1301. Requested: 739, available: 0
2026-07-28T19:16:16.030-04:00 Order failure | productId=1301 | userId=2179 | quantity=385 | status=FAILED | reason=Insufficient quantity for product id: 1301. Requested: 385, available: 0
2026-07-28T19:16:16.034-04:00 Order failure | productId=11234 | userId=2180 | quantity=124 | status=FAILED | reason=Insufficient quantity for product id: 11234. Requested: 124, available: 0
2026-07-28T19:16:16.039-04:00 Order failure | productId=11234 | userId=2181 | quantity=286 | status=FAILED | reason=Insufficient quantity for product id: 11234. Requested: 286, available: 0
2026-07-28T19:16:16.046-04:00 Order failure | productId=1301 | userId=2182 | quantity=211 | status=FAILED | reason=Insufficient quantity for product id: 1301. Requested: 211, available: 0
2026-07-28T19:16:16.050-04:00 Order failure | productId=11234 | userId=2183 | quantity=635 | status=FAILED | reason=Insufficient quantity for product id: 11234. Requested: 635, available: 0
2026-07-28T19:16:16.054-04:00 Order failure | productId=11234 | userId=2184 | quantity=203 | status=FAILED | reason=Insufficient quantity for product id: 11234. Requested: 203, available: 0
2026-07-28T19:16:16.059-04:00 Order failure | productId=11234 | userId=2185 | quantity=124 | status=FAILED | reason=Insufficient quantity for product id: 11234. Requested: 124, available: 0
2026-07-28T19:16:16.065-04:00 Order failure | productId=11234 | userId=2186 | quantity=488 | status=FAILED | reason=Insufficient quantity for product id: 11234. Requested: 488, available: 0
2026-07-28T19:16:16.070-04:00 Order failure | productId=1301 | userId=2187 | quantity=79 | status=FAILED | reason=Insufficient quantity for product id: 1301. Requested: 79, available: 0
2026-07-28T19:16:16.074-04:00 Order failure | productId=1301 | userId=2188 | quantity=615 | status=FAILED | reason=Insufficient quantity for product id: 1301. Requested: 615, available: 0
2026-07-28T19:16:16.079-04:00 Order failure | productId=11234 | userId=2189 | quantity=692 | status=FAILED | reason=Insufficient quantity for product id: 11234. Requested: 692, available: 0
2026-07-28T19:16:16.084-04:00 Order failure | productId=11234 | userId=2190 | quantity=690 | status=FAILED | reason=Insufficient quantity for product id: 11234. Requested: 690, available: 0
2026-07-28T19:16:16.090-04:00 Order failure | productId=1301 | userId=2191 | quantity=115 | status=FAILED | reason=Insufficient quantity for product id: 1301. Requested: 115, available: 0
2026-07-28T19:16:16.094-04:00 Order failure | productId=11234 | userId=2192 | quantity=987 | status=FAILED | reason=Insufficient quantity for product id: 11234. Requested: 987, available: 0
2026-07-28T19:16:16.100-04:00 Order failure | productId=11234 | userId=2193 | quantity=320 | status=FAILED | reason=Insufficient quantity for product id: 11234. Requested: 320, available: 0
2026-07-28T19:16:16.104-04:00 Order failure | productId=11234 | userId=2194 | quantity=810 | status=FAILED | reason=Insufficient quantity for product id: 11234. Requested: 810, available: 0
2026-07-28T19:16:16.109-04:00 Order failure | productId=1301 | userId=2195 | quantity=953 | status=FAILED | reason=Insufficient quantity for product id: 1301. Requested: 953, available: 0
2026-07-28T19:16:16.115-04:00 Order failure | productId=11234 | userId=2196 | quantity=327 | status=FAILED | reason=Insufficient quantity for product id: 11234. Requested: 327, available: 0
2026-07-28T19:16:16.119-04:00 Order failure | productId=1301 | userId=2197 | quantity=902 | status=FAILED | reason=Insufficient quantity for product id: 1301. Requested: 902, available: 0
2026-07-28T19:16:16.126-04:00 Order failure | productId=1301 | userId=2198 | quantity=694 | status=FAILED | reason=Insufficient quantity for product id: 1301. Requested: 694, available: 0
2026-07-28T19:16:16.130-04:00 Order failure | productId=11234 | userId=2199 | quantity=425 | status=FAILED | reason=Insufficient quantity for product id: 11234. Requested: 425, available: 0
2026-07-28T19:16:16.135-04:00 Order failure | productId=1301 | userId=2200 | quantity=983 | status=FAILED | reason=Insufficient quantity for product id: 1301. Requested: 983, available: 0
2026-07-28T19:16:16.140-04:00 Order failure | productId=11234 | userId=2201 | quantity=706 | status=FAILED | reason=Insufficient quantity for product id: 11234. Requested: 706, available: 0
2026-07-28T19:16:16.146-04:00 Order failure | productId=11234 | userId=2202 | quantity=754 | status=FAILED | reason=Insufficient quantity for product id: 11234. Requested: 754, available: 0
2026-07-28T19:16:16.150-04:00 Order failure | productId=1301 | userId=2203 | quantity=671 | status=FAILED | reason=Insufficient quantity for product id: 1301. Requested: 671, available: 0
2026-07-28T19:16:16.156-04:00 Order failure | productId=1301 | userId=2204 | quantity=789 | status=FAILED | reason=Insufficient quantity for product id: 1301. Requested: 789, available: 0
2026-07-28T19:16:16.159-04:00 Order failure | productId=1301 | userId=2205 | quantity=921 | status=FAILED | reason=Insufficient quantity for product id: 1301. Requested: 921, available: 0
2026-07-28T19:16:16.167-04:00 Order failure | productId=11234 | userId=2206 | quantity=570 | status=FAILED | reason=Insufficient quantity for product id: 11234. Requested: 570, available: 0
2026-07-28T19:16:16.169-04:00 Order failure | productId=11234 | userId=2207 | quantity=806 | status=FAILED | reason=Insufficient quantity for product id: 11234. Requested: 806, available: 0
2026-07-28T19:16:16.175-04:00 Order failure | productId=11234 | userId=2208 | quantity=15 | status=FAILED | reason=Insufficient quantity for product id: 11234. Requested: 15, available: 0
2026-07-28T19:16:16.181-04:00 Order failure | productId=1301 | userId=2209 | quantity=967 | status=FAILED | reason=Insufficient quantity for product id: 1301. Requested: 967, available: 0
2026-07-28T19:16:16.185-04:00 Order failure | productId=11234 | userId=2210 | quantity=524 | status=FAILED | reason=Insufficient quantity for product id: 11234. Requested: 524, available: 0
2026-07-28T19:16:16.190-04:00 Order failure | productId=11234 | userId=2211 | quantity=638 | status=FAILED | reason=Insufficient quantity for product id: 11234. Requested: 638, available: 0
2026-07-28T19:16:16.194-04:00 Order failure | productId=1301 | userId=2212 | quantity=105 | status=FAILED | reason=Insufficient quantity for product id: 1301. Requested: 105, available: 0
2026-07-28T19:16:16.199-04:00 Order failure | productId=11234 | userId=2213 | quantity=965 | status=FAILED | reason=Insufficient quantity for product id: 11234. Requested: 965, available: 0
2026-07-28T19:16:16.204-04:00 Order failure | productId=1301 | userId=2214 | quantity=834 | status=FAILED | reason=Insufficient quantity for product id: 1301. Requested: 834, available: 0
2026-07-28T19:16:16.209-04:00 Order failure | productId=11234 | userId=2215 | quantity=640 | status=FAILED | reason=Insufficient quantity for product id: 11234. Requested: 640, available: 0
2026-07-28T19:16:16.216-04:00 Order failure | productId=1301 | userId=2216 | quantity=307 | status=FAILED | reason=Insufficient quantity for product id: 1301. Requested: 307, available: 0
2026-07-28T19:16:16.220-04:00 Order failure | productId=1301 | userId=2217 | quantity=724 | status=FAILED | reason=Insufficient quantity for product id: 1301. Requested: 724, available: 0
2026-07-28T19:16:16.227-04:00 Order failure | productId=1301 | userId=2218 | quantity=712 | status=FAILED | reason=Insufficient quantity for product id: 1301. Requested: 712, available: 0
2026-07-28T19:16:16.230-04:00 Order failure | productId=11234 | userId=2219 | quantity=439 | status=FAILED | reason=Insufficient quantity for product id: 11234. Requested: 439, available: 0
2026-07-28T19:16:16.235-04:00 Order failure | productId=1301 | userId=2220 | quantity=191 | status=FAILED | reason=Insufficient quantity for product id: 1301. Requested: 191, available: 0
2026-07-28T19:16:16.239-04:00 Order failure | productId=11234 | userId=2221 | quantity=505 | status=FAILED | reason=Insufficient quantity for product id: 11234. Requested: 505, available: 0
2026-07-28T19:16:16.245-04:00 Order failure | productId=1301 | userId=2222 | quantity=111 | status=FAILED | reason=Insufficient quantity for product id: 1301. Requested: 111, available: 0
2026-07-28T19:16:16.250-04:00 Order failure | productId=11234 | userId=2223 | quantity=869 | status=FAILED | reason=Insufficient quantity for product id: 11234. Requested: 869, available: 0
2026-07-28T19:16:16.255-04:00 Order failure | productId=1301 | userId=2224 | quantity=758 | status=FAILED | reason=Insufficient quantity for product id: 1301. Requested: 758, available: 0
2026-07-28T19:16:16.259-04:00 Order failure | productId=1301 | userId=2225 | quantity=740 | status=FAILED | reason=Insufficient quantity for product id: 1301. Requested: 740, available: 0
2026-07-28T19:16:16.265-04:00 Order failure | productId=11234 | userId=2226 | quantity=81 | status=FAILED | reason=Insufficient quantity for product id: 11234. Requested: 81, available: 0
2026-07-28T19:16:16.270-04:00 Order failure | productId=1301 | userId=2227 | quantity=683 | status=FAILED | reason=Insufficient quantity for product id: 1301. Requested: 683, available: 0
2026-07-28T19:16:16.275-04:00 Order failure | productId=11234 | userId=2228 | quantity=1 | status=FAILED | reason=Insufficient quantity for product id: 11234. Requested: 1, available: 0
2026-07-28T19:16:16.279-04:00 Order failure | productId=1301 | userId=2229 | quantity=775 | status=FAILED | reason=Insufficient quantity for product id: 1301. Requested: 775, available: 0
2026-07-28T19:16:16.285-04:00 Order failure | productId=1301 | userId=2230 | quantity=44 | status=FAILED | reason=Insufficient quantity for product id: 1301. Requested: 44, available: 0
2026-07-28T19:16:16.290-04:00 Order failure | productId=11234 | userId=2231 | quantity=68 | status=FAILED | reason=Insufficient quantity for product id: 11234. Requested: 68, available: 0
2026-07-28T19:16:16.322-04:00 Order failure | productId=11234 | userId=2232 | quantity=111 | status=FAILED | reason=Insufficient quantity for product id: 11234. Requested: 111, available: 0
2026-07-28T19:16:16.323-04:00 Order failure | productId=11234 | userId=2234 | quantity=810 | status=FAILED | reason=Insufficient quantity for product id: 11234. Requested: 810, available: 0
2026-07-28T19:16:16.323-04:00 Order failure | productId=11234 | userId=2233 | quantity=800 | status=FAILED | reason=Insufficient quantity for product id: 11234. Requested: 800, available: 0
2026-07-28T19:16:16.326-04:00 Order failure | productId=11234 | userId=2235 | quantity=295 | status=FAILED | reason=Insufficient quantity for product id: 11234. Requested: 295, available: 0
2026-07-28T19:16:16.327-04:00 Order failure | productId=1301 | userId=2236 | quantity=840 | status=FAILED | reason=Insufficient quantity for product id: 1301. Requested: 840, available: 0
2026-07-28T19:16:16.327-04:00 Order failure | productId=1301 | userId=2237 | quantity=821 | status=FAILED | reason=Insufficient quantity for product id: 1301. Requested: 821, available: 0
2026-07-28T19:16:16.330-04:00 Order failure | productId=11234 | userId=2238 | quantity=616 | status=FAILED | reason=Insufficient quantity for product id: 11234. Requested: 616, available: 0
2026-07-28T19:16:16.331-04:00 Order failure | productId=11234 | userId=2239 | quantity=889 | status=FAILED | reason=Insufficient quantity for product id: 11234. Requested: 889, available: 0
2026-07-28T19:16:16.336-04:00 Order failure | productId=1301 | userId=2240 | quantity=83 | status=FAILED | reason=Insufficient quantity for product id: 1301. Requested: 83, available: 0
2026-07-28T19:16:16.341-04:00 Order failure | productId=1301 | userId=2241 | quantity=632 | status=FAILED | reason=Insufficient quantity for product id: 1301. Requested: 632, available: 0
2026-07-28T19:16:16.347-04:00 Order failure | productId=11234 | userId=2242 | quantity=2 | status=FAILED | reason=Insufficient quantity for product id: 11234. Requested: 2, available: 0
2026-07-28T19:16:16.352-04:00 Order failure | productId=1301 | userId=2243 | quantity=495 | status=FAILED | reason=Insufficient quantity for product id: 1301. Requested: 495, available: 0
2026-07-28T19:16:16.355-04:00 Order failure | productId=11234 | userId=2244 | quantity=866 | status=FAILED | reason=Insufficient quantity for product id: 11234. Requested: 866, available: 0
2026-07-28T19:16:16.360-04:00 Order failure | productId=1301 | userId=2245 | quantity=172 | status=FAILED | reason=Insufficient quantity for product id: 1301. Requested: 172, available: 0
2026-07-28T19:16:16.365-04:00 Order failure | productId=11234 | userId=2246 | quantity=397 | status=FAILED | reason=Insufficient quantity for product id: 11234. Requested: 397, available: 0
2026-07-28T19:16:16.370-04:00 Order failure | productId=11234 | userId=2247 | quantity=548 | status=FAILED | reason=Insufficient quantity for product id: 11234. Requested: 548, available: 0
2026-07-28T19:16:16.376-04:00 Order failure | productId=11234 | userId=2248 | quantity=594 | status=FAILED | reason=Insufficient quantity for product id: 11234. Requested: 594, available: 0
2026-07-28T19:16:16.381-04:00 Order failure | productId=11234 | userId=2249 | quantity=180 | status=FAILED | reason=Insufficient quantity for product id: 11234. Requested: 180, available: 0
2026-07-28T19:16:16.386-04:00 Order failure | productId=1301 | userId=2250 | quantity=577 | status=FAILED | reason=Insufficient quantity for product id: 1301. Requested: 577, available: 0
2026-07-28T19:16:16.391-04:00 Order failure | productId=1301 | userId=2251 | quantity=96 | status=FAILED | reason=Insufficient quantity for product id: 1301. Requested: 96, available: 0
2026-07-28T19:16:16.398-04:00 Order failure | productId=1301 | userId=2252 | quantity=811 | status=FAILED | reason=Insufficient quantity for product id: 1301. Requested: 811, available: 0
2026-07-28T19:16:16.401-04:00 Order failure | productId=1301 | userId=2253 | quantity=52 | status=FAILED | reason=Insufficient quantity for product id: 1301. Requested: 52, available: 0
2026-07-28T19:16:16.405-04:00 Order failure | productId=11234 | userId=2254 | quantity=926 | status=FAILED | reason=Insufficient quantity for product id: 11234. Requested: 926, available: 0
2026-07-28T19:16:16.411-04:00 Order failure | productId=11234 | userId=2255 | quantity=439 | status=FAILED | reason=Insufficient quantity for product id: 11234. Requested: 439, available: 0
2026-07-28T19:16:16.417-04:00 Order failure | productId=1301 | userId=2256 | quantity=656 | status=FAILED | reason=Insufficient quantity for product id: 1301. Requested: 656, available: 0
2026-07-28T19:16:16.421-04:00 Order failure | productId=1301 | userId=2257 | quantity=6 | status=FAILED | reason=Insufficient quantity for product id: 1301. Requested: 6, available: 0
2026-07-28T19:16:16.425-04:00 Order failure | productId=11234 | userId=2258 | quantity=288 | status=FAILED | reason=Insufficient quantity for product id: 11234. Requested: 288, available: 0
2026-07-28T19:16:16.430-04:00 Order failure | productId=11234 | userId=2259 | quantity=84 | status=FAILED | reason=Insufficient quantity for product id: 11234. Requested: 84, available: 0
2026-07-28T19:16:16.436-04:00 Order failure | productId=11234 | userId=2260 | quantity=215 | status=FAILED | reason=Insufficient quantity for product id: 11234. Requested: 215, available: 0
2026-07-28T19:16:16.441-04:00 Order failure | productId=11234 | userId=2261 | quantity=276 | status=FAILED | reason=Insufficient quantity for product id: 11234. Requested: 276, available: 0
2026-07-28T19:16:16.445-04:00 Order failure | productId=11234 | userId=2262 | quantity=200 | status=FAILED | reason=Insufficient quantity for product id: 11234. Requested: 200, available: 0
2026-07-28T19:16:16.452-04:00 Order failure | productId=11234 | userId=2263 | quantity=929 | status=FAILED | reason=Insufficient quantity for product id: 11234. Requested: 929, available: 0
2026-07-28T19:16:16.456-04:00 Order failure | productId=11234 | userId=2264 | quantity=677 | status=FAILED | reason=Insufficient quantity for product id: 11234. Requested: 677, available: 0
2026-07-28T19:16:16.461-04:00 Order failure | productId=1301 | userId=2265 | quantity=879 | status=FAILED | reason=Insufficient quantity for product id: 1301. Requested: 879, available: 0
2026-07-28T19:16:16.466-04:00 Order failure | productId=1301 | userId=2266 | quantity=762 | status=FAILED | reason=Insufficient quantity for product id: 1301. Requested: 762, available: 0
2026-07-28T19:16:16.471-04:00 Order failure | productId=11234 | userId=2267 | quantity=670 | status=FAILED | reason=Insufficient quantity for product id: 11234. Requested: 670, available: 0
2026-07-28T19:16:16.478-04:00 Order failure | productId=11234 | userId=2268 | quantity=300 | status=FAILED | reason=Insufficient quantity for product id: 11234. Requested: 300, available: 0
2026-07-28T19:16:16.484-04:00 Order failure | productId=11234 | userId=2269 | quantity=688 | status=FAILED | reason=Insufficient quantity for product id: 11234. Requested: 688, available: 0
2026-07-28T19:16:16.488-04:00 Order failure | productId=1301 | userId=2270 | quantity=928 | status=FAILED | reason=Insufficient quantity for product id: 1301. Requested: 928, available: 0
2026-07-28T19:16:16.492-04:00 Order failure | productId=11234 | userId=2271 | quantity=174 | status=FAILED | reason=Insufficient quantity for product id: 11234. Requested: 174, available: 0
2026-07-28T19:16:16.497-04:00 Order failure | productId=1301 | userId=2272 | quantity=713 | status=FAILED | reason=Insufficient quantity for product id: 1301. Requested: 713, available: 0
2026-07-28T19:16:16.502-04:00 Order failure | productId=1301 | userId=2273 | quantity=930 | status=FAILED | reason=Insufficient quantity for product id: 1301. Requested: 930, available: 0
2026-07-28T19:16:16.506-04:00 Order failure | productId=1301 | userId=2274 | quantity=592 | status=FAILED | reason=Insufficient quantity for product id: 1301. Requested: 592, available: 0
2026-07-28T19:16:16.512-04:00 Order failure | productId=1301 | userId=2275 | quantity=401 | status=FAILED | reason=Insufficient quantity for product id: 1301. Requested: 401, available: 0
2026-07-28T19:16:16.516-04:00 Order failure | productId=11234 | userId=2276 | quantity=736 | status=FAILED | reason=Insufficient quantity for product id: 11234. Requested: 736, available: 0
2026-07-28T19:16:16.521-04:00 Order failure | productId=1301 | userId=2277 | quantity=803 | status=FAILED | reason=Insufficient quantity for product id: 1301. Requested: 803, available: 0
2026-07-28T19:16:16.525-04:00 Order failure | productId=1301 | userId=2278 | quantity=335 | status=FAILED | reason=Insufficient quantity for product id: 1301. Requested: 335, available: 0
2026-07-28T19:16:16.532-04:00 Order failure | productId=1301 | userId=2279 | quantity=616 | status=FAILED | reason=Insufficient quantity for product id: 1301. Requested: 616, available: 0
2026-07-28T19:16:16.536-04:00 Order failure | productId=11234 | userId=2280 | quantity=548 | status=FAILED | reason=Insufficient quantity for product id: 11234. Requested: 548, available: 0
2026-07-28T19:16:16.541-04:00 Order failure | productId=11234 | userId=2281 | quantity=993 | status=FAILED | reason=Insufficient quantity for product id: 11234. Requested: 993, available: 0
2026-07-28T19:16:16.545-04:00 Order failure | productId=11234 | userId=2282 | quantity=637 | status=FAILED | reason=Insufficient quantity for product id: 11234. Requested: 637, available: 0
2026-07-28T19:16:16.550-04:00 Order failure | productId=11234 | userId=2283 | quantity=580 | status=FAILED | reason=Insufficient quantity for product id: 11234. Requested: 580, available: 0
2026-07-28T19:16:16.555-04:00 Order failure | productId=1301 | userId=2284 | quantity=151 | status=FAILED | reason=Insufficient quantity for product id: 1301. Requested: 151, available: 0
2026-07-28T19:16:16.561-04:00 Order failure | productId=11234 | userId=2285 | quantity=223 | status=FAILED | reason=Insufficient quantity for product id: 11234. Requested: 223, available: 0
2026-07-28T19:16:16.566-04:00 Order failure | productId=1301 | userId=2286 | quantity=692 | status=FAILED | reason=Insufficient quantity for product id: 1301. Requested: 692, available: 0
2026-07-28T19:16:16.571-04:00 Order failure | productId=1301 | userId=2287 | quantity=551 | status=FAILED | reason=Insufficient quantity for product id: 1301. Requested: 551, available: 0
2026-07-28T19:16:16.575-04:00 Order failure | productId=11234 | userId=2288 | quantity=978 | status=FAILED | reason=Insufficient quantity for product id: 11234. Requested: 978, available: 0
2026-07-28T19:16:16.581-04:00 Order failure | productId=1301 | userId=2289 | quantity=205 | status=FAILED | reason=Insufficient quantity for product id: 1301. Requested: 205, available: 0
2026-07-28T19:16:16.586-04:00 Order failure | productId=11234 | userId=2290 | quantity=12 | status=FAILED | reason=Insufficient quantity for product id: 11234. Requested: 12, available: 0
2026-07-28T19:16:16.591-04:00 Order failure | productId=1301 | userId=2291 | quantity=249 | status=FAILED | reason=Insufficient quantity for product id: 1301. Requested: 249, available: 0
2026-07-28T19:16:16.597-04:00 Order failure | productId=1301 | userId=2292 | quantity=18 | status=FAILED | reason=Insufficient quantity for product id: 1301. Requested: 18, available: 0
2026-07-28T19:16:16.603-04:00 Order failure | productId=11234 | userId=2293 | quantity=152 | status=FAILED | reason=Insufficient quantity for product id: 11234. Requested: 152, available: 0
2026-07-28T19:16:16.607-04:00 Order failure | productId=11234 | userId=2294 | quantity=342 | status=FAILED | reason=Insufficient quantity for product id: 11234. Requested: 342, available: 0
2026-07-28T19:16:16.612-04:00 Order failure | productId=1301 | userId=2295 | quantity=418 | status=FAILED | reason=Insufficient quantity for product id: 1301. Requested: 418, available: 0
2026-07-28T19:16:16.616-04:00 Order failure | productId=1301 | userId=2296 | quantity=171 | status=FAILED | reason=Insufficient quantity for product id: 1301. Requested: 171, available: 0
2026-07-28T19:16:16.622-04:00 Order failure | productId=1301 | userId=2297 | quantity=662 | status=FAILED | reason=Insufficient quantity for product id: 1301. Requested: 662, available: 0
2026-07-28T19:16:16.626-04:00 Order failure | productId=1301 | userId=2298 | quantity=486 | status=FAILED | reason=Insufficient quantity for product id: 1301. Requested: 486, available: 0
2026-07-28T19:16:16.631-04:00 Order failure | productId=1301 | userId=2299 | quantity=677 | status=FAILED | reason=Insufficient quantity for product id: 1301. Requested: 677, available: 0
2026-07-28T19:16:16.637-04:00 Order failure | productId=1301 | userId=2300 | quantity=831 | status=FAILED | reason=Insufficient quantity for product id: 1301. Requested: 831, available: 0
2026-07-28T19:16:16.641-04:00 Order failure | productId=1301 | userId=2301 | quantity=825 | status=FAILED | reason=Insufficient quantity for product id: 1301. Requested: 825, available: 0
2026-07-28T19:16:16.647-04:00 Order failure | productId=1301 | userId=2302 | quantity=15 | status=FAILED | reason=Insufficient quantity for product id: 1301. Requested: 15, available: 0
2026-07-28T19:16:16.652-04:00 Order failure | productId=11234 | userId=2303 | quantity=35 | status=FAILED | reason=Insufficient quantity for product id: 11234. Requested: 35, available: 0
2026-07-28T19:16:16.656-04:00 Order failure | productId=11234 | userId=2304 | quantity=191 | status=FAILED | reason=Insufficient quantity for product id: 11234. Requested: 191, available: 0
2026-07-28T19:16:16.662-04:00 Order failure | productId=11234 | userId=2305 | quantity=145 | status=FAILED | reason=Insufficient quantity for product id: 11234. Requested: 145, available: 0
2026-07-28T19:16:16.666-04:00 Order failure | productId=11234 | userId=2306 | quantity=25 | status=FAILED | reason=Insufficient quantity for product id: 11234. Requested: 25, available: 0
2026-07-28T19:16:16.672-04:00 Order failure | productId=11234 | userId=2307 | quantity=601 | status=FAILED | reason=Insufficient quantity for product id: 11234. Requested: 601, available: 0
2026-07-28T19:16:16.676-04:00 Order failure | productId=11234 | userId=2308 | quantity=546 | status=FAILED | reason=Insufficient quantity for product id: 11234. Requested: 546, available: 0
2026-07-28T19:16:16.683-04:00 Order failure | productId=11234 | userId=2309 | quantity=621 | status=FAILED | reason=Insufficient quantity for product id: 11234. Requested: 621, available: 0
2026-07-28T19:16:16.687-04:00 Order failure | productId=1301 | userId=2310 | quantity=594 | status=FAILED | reason=Insufficient quantity for product id: 1301. Requested: 594, available: 0
2026-07-28T19:16:16.692-04:00 Order failure | productId=1301 | userId=2311 | quantity=860 | status=FAILED | reason=Insufficient quantity for product id: 1301. Requested: 860, available: 0
2026-07-28T19:16:16.697-04:00 Order failure | productId=11234 | userId=2312 | quantity=837 | status=FAILED | reason=Insufficient quantity for product id: 11234. Requested: 837, available: 0
2026-07-28T19:16:16.702-04:00 Order failure | productId=1301 | userId=2313 | quantity=485 | status=FAILED | reason=Insufficient quantity for product id: 1301. Requested: 485, available: 0
2026-07-28T19:16:16.707-04:00 Order failure | productId=11234 | userId=2314 | quantity=633 | status=FAILED | reason=Insufficient quantity for product id: 11234. Requested: 633, available: 0
2026-07-28T19:16:16.711-04:00 Order failure | productId=11234 | userId=2315 | quantity=206 | status=FAILED | reason=Insufficient quantity for product id: 11234. Requested: 206, available: 0
2026-07-28T19:16:16.717-04:00 Order failure | productId=1301 | userId=2316 | quantity=992 | status=FAILED | reason=Insufficient quantity for product id: 1301. Requested: 992, available: 0
2026-07-28T19:16:16.722-04:00 Order failure | productId=1301 | userId=2317 | quantity=337 | status=FAILED | reason=Insufficient quantity for product id: 1301. Requested: 337, available: 0
2026-07-28T19:16:16.727-04:00 Order failure | productId=11234 | userId=2318 | quantity=888 | status=FAILED | reason=Insufficient quantity for product id: 11234. Requested: 888, available: 0
2026-07-28T19:16:16.731-04:00 Order failure | productId=11234 | userId=2319 | quantity=919 | status=FAILED | reason=Insufficient quantity for product id: 11234. Requested: 919, available: 0
2026-07-28T19:16:16.736-04:00 Order failure | productId=1301 | userId=2320 | quantity=798 | status=FAILED | reason=Insufficient quantity for product id: 1301. Requested: 798, available: 0
2026-07-28T19:16:16.740-04:00 Order failure | productId=1301 | userId=2321 | quantity=393 | status=FAILED | reason=Insufficient quantity for product id: 1301. Requested: 393, available: 0
2026-07-28T19:16:16.745-04:00 Order failure | productId=1301 | userId=2322 | quantity=917 | status=FAILED | reason=Insufficient quantity for product id: 1301. Requested: 917, available: 0
2026-07-28T19:16:16.750-04:00 Order failure | productId=1301 | userId=2323 | quantity=114 | status=FAILED | reason=Insufficient quantity for product id: 1301. Requested: 114, available: 0
2026-07-28T19:16:16.755-04:00 Order failure | productId=1301 | userId=2324 | quantity=240 | status=FAILED | reason=Insufficient quantity for product id: 1301. Requested: 240, available: 0
2026-07-28T19:16:16.760-04:00 Order failure | productId=1301 | userId=2325 | quantity=113 | status=FAILED | reason=Insufficient quantity for product id: 1301. Requested: 113, available: 0
2026-07-28T19:16:16.770-04:00 Order failure | productId=1301 | userId=2326 | quantity=584 | status=FAILED | reason=Insufficient quantity for product id: 1301. Requested: 584, available: 0
2026-07-28T19:16:16.771-04:00 Order failure | productId=11234 | userId=2327 | quantity=211 | status=FAILED | reason=Insufficient quantity for product id: 11234. Requested: 211, available: 0
2026-07-28T19:16:16.776-04:00 Order failure | productId=1301 | userId=2328 | quantity=875 | status=FAILED | reason=Insufficient quantity for product id: 1301. Requested: 875, available: 0
2026-07-28T19:16:16.781-04:00 Order failure | productId=1301 | userId=2329 | quantity=344 | status=FAILED | reason=Insufficient quantity for product id: 1301. Requested: 344, available: 0
2026-07-28T19:16:16.786-04:00 Order failure | productId=1301 | userId=2330 | quantity=497 | status=FAILED | reason=Insufficient quantity for product id: 1301. Requested: 497, available: 0
2026-07-28T19:16:16.791-04:00 Order failure | productId=11234 | userId=2331 | quantity=67 | status=FAILED | reason=Insufficient quantity for product id: 11234. Requested: 67, available: 0
2026-07-28T19:16:16.795-04:00 Order failure | productId=1301 | userId=2332 | quantity=691 | status=FAILED | reason=Insufficient quantity for product id: 1301. Requested: 691, available: 0
2026-07-28T19:16:16.799-04:00 Order failure | productId=11234 | userId=2333 | quantity=222 | status=FAILED | reason=Insufficient quantity for product id: 11234. Requested: 222, available: 0
2026-07-28T19:16:16.805-04:00 Order failure | productId=11234 | userId=2334 | quantity=738 | status=FAILED | reason=Insufficient quantity for product id: 11234. Requested: 738, available: 0
2026-07-28T19:16:16.809-04:00 Order failure | productId=11234 | userId=2335 | quantity=749 | status=FAILED | reason=Insufficient quantity for product id: 11234. Requested: 749, available: 0
2026-07-28T19:16:16.815-04:00 Order failure | productId=11234 | userId=2336 | quantity=169 | status=FAILED | reason=Insufficient quantity for product id: 11234. Requested: 169, available: 0
2026-07-28T19:16:16.819-04:00 Order failure | productId=1301 | userId=2337 | quantity=249 | status=FAILED | reason=Insufficient quantity for product id: 1301. Requested: 249, available: 0
2026-07-28T19:16:16.825-04:00 Order failure | productId=1301 | userId=2338 | quantity=317 | status=FAILED | reason=Insufficient quantity for product id: 1301. Requested: 317, available: 0
2026-07-28T19:16:16.829-04:00 Order failure | productId=11234 | userId=2339 | quantity=739 | status=FAILED | reason=Insufficient quantity for product id: 11234. Requested: 739, available: 0
2026-07-28T19:16:16.834-04:00 Order failure | productId=11234 | userId=2340 | quantity=400 | status=FAILED | reason=Insufficient quantity for product id: 11234. Requested: 400, available: 0
2026-07-28T19:16:16.840-04:00 Order failure | productId=1301 | userId=2341 | quantity=648 | status=FAILED | reason=Insufficient quantity for product id: 1301. Requested: 648, available: 0
2026-07-28T19:16:16.844-04:00 Order failure | productId=11234 | userId=2342 | quantity=574 | status=FAILED | reason=Insufficient quantity for product id: 11234. Requested: 574, available: 0
2026-07-28T19:16:16.851-04:00 Order failure | productId=1301 | userId=2343 | quantity=726 | status=FAILED | reason=Insufficient quantity for product id: 1301. Requested: 726, available: 0
2026-07-28T19:16:16.855-04:00 Order failure | productId=1301 | userId=2344 | quantity=737 | status=FAILED | reason=Insufficient quantity for product id: 1301. Requested: 737, available: 0
2026-07-28T19:16:16.859-04:00 Order failure | productId=11234 | userId=2345 | quantity=558 | status=FAILED | reason=Insufficient quantity for product id: 11234. Requested: 558, available: 0
2026-07-28T19:16:16.865-04:00 Order failure | productId=1301 | userId=2346 | quantity=772 | status=FAILED | reason=Insufficient quantity for product id: 1301. Requested: 772, available: 0
2026-07-28T19:16:16.869-04:00 Order failure | productId=1301 | userId=2347 | quantity=994 | status=FAILED | reason=Insufficient quantity for product id: 1301. Requested: 994, available: 0
2026-07-28T19:16:16.874-04:00 Order failure | productId=11234 | userId=2348 | quantity=854 | status=FAILED | reason=Insufficient quantity for product id: 11234. Requested: 854, available: 0
2026-07-28T19:16:16.879-04:00 Order failure | productId=1301 | userId=2349 | quantity=996 | status=FAILED | reason=Insufficient quantity for product id: 1301. Requested: 996, available: 0
2026-07-28T19:16:16.885-04:00 Order failure | productId=1301 | userId=2350 | quantity=942 | status=FAILED | reason=Insufficient quantity for product id: 1301. Requested: 942, available: 0
2026-07-28T19:16:16.889-04:00 Order failure | productId=11234 | userId=2351 | quantity=221 | status=FAILED | reason=Insufficient quantity for product id: 11234. Requested: 221, available: 0
2026-07-28T19:16:16.896-04:00 Order failure | productId=11234 | userId=2352 | quantity=826 | status=FAILED | reason=Insufficient quantity for product id: 11234. Requested: 826, available: 0
2026-07-28T19:16:16.900-04:00 Order failure | productId=1301 | userId=2353 | quantity=204 | status=FAILED | reason=Insufficient quantity for product id: 1301. Requested: 204, available: 0
2026-07-28T19:16:16.905-04:00 Order failure | productId=11234 | userId=2354 | quantity=72 | status=FAILED | reason=Insufficient quantity for product id: 11234. Requested: 72, available: 0
2026-07-28T19:16:16.910-04:00 Order failure | productId=11234 | userId=2355 | quantity=97 | status=FAILED | reason=Insufficient quantity for product id: 11234. Requested: 97, available: 0
2026-07-28T19:16:16.915-04:00 Order failure | productId=11234 | userId=2356 | quantity=214 | status=FAILED | reason=Insufficient quantity for product id: 11234. Requested: 214, available: 0
2026-07-28T19:16:16.920-04:00 Order failure | productId=11234 | userId=2357 | quantity=350 | status=FAILED | reason=Insufficient quantity for product id: 11234. Requested: 350, available: 0
2026-07-28T19:16:16.924-04:00 Order failure | productId=1301 | userId=2358 | quantity=234 | status=FAILED | reason=Insufficient quantity for product id: 1301. Requested: 234, available: 0
2026-07-28T19:16:16.929-04:00 Order failure | productId=11234 | userId=2359 | quantity=327 | status=FAILED | reason=Insufficient quantity for product id: 11234. Requested: 327, available: 0
2026-07-28T19:16:16.934-04:00 Order failure | productId=11234 | userId=2360 | quantity=465 | status=FAILED | reason=Insufficient quantity for product id: 11234. Requested: 465, available: 0
2026-07-28T19:16:16.939-04:00 Order failure | productId=1301 | userId=2361 | quantity=631 | status=FAILED | reason=Insufficient quantity for product id: 1301. Requested: 631, available: 0
2026-07-28T19:16:16.945-04:00 Order failure | productId=11234 | userId=2362 | quantity=703 | status=FAILED | reason=Insufficient quantity for product id: 11234. Requested: 703, available: 0
2026-07-28T19:16:16.951-04:00 Order failure | productId=11234 | userId=2363 | quantity=318 | status=FAILED | reason=Insufficient quantity for product id: 11234. Requested: 318, available: 0
2026-07-28T19:16:16.954-04:00 Order failure | productId=11234 | userId=2364 | quantity=955 | status=FAILED | reason=Insufficient quantity for product id: 11234. Requested: 955, available: 0
2026-07-28T19:16:16.961-04:00 Order failure | productId=1301 | userId=2365 | quantity=966 | status=FAILED | reason=Insufficient quantity for product id: 1301. Requested: 966, available: 0
2026-07-28T19:16:16.965-04:00 Order failure | productId=11234 | userId=2366 | quantity=480 | status=FAILED | reason=Insufficient quantity for product id: 11234. Requested: 480, available: 0
2026-07-28T19:16:16.969-04:00 Order failure | productId=11234 | userId=2367 | quantity=37 | status=FAILED | reason=Insufficient quantity for product id: 11234. Requested: 37, available: 0
2026-07-28T19:16:16.974-04:00 Order failure | productId=1301 | userId=2368 | quantity=401 | status=FAILED | reason=Insufficient quantity for product id: 1301. Requested: 401, available: 0
2026-07-28T19:16:16.980-04:00 Order failure | productId=11234 | userId=2369 | quantity=389 | status=FAILED | reason=Insufficient quantity for product id: 11234. Requested: 389, available: 0
2026-07-28T19:16:16.985-04:00 Order failure | productId=11234 | userId=2370 | quantity=855 | status=FAILED | reason=Insufficient quantity for product id: 11234. Requested: 855, available: 0
2026-07-28T19:16:16.989-04:00 Order failure | productId=11234 | userId=2371 | quantity=883 | status=FAILED | reason=Insufficient quantity for product id: 11234. Requested: 883, available: 0
2026-07-28T19:16:16.995-04:00 Order failure | productId=1301 | userId=2372 | quantity=371 | status=FAILED | reason=Insufficient quantity for product id: 1301. Requested: 371, available: 0
2026-07-28T19:16:17.000-04:00 Order failure | productId=1301 | userId=2373 | quantity=943 | status=FAILED | reason=Insufficient quantity for product id: 1301. Requested: 943, available: 0
2026-07-28T19:16:17.005-04:00 Order failure | productId=1301 | userId=2374 | quantity=837 | status=FAILED | reason=Insufficient quantity for product id: 1301. Requested: 837, available: 0
2026-07-28T19:16:17.009-04:00 Order failure | productId=11234 | userId=2375 | quantity=790 | status=FAILED | reason=Insufficient quantity for product id: 11234. Requested: 790, available: 0
2026-07-28T19:16:17.015-04:00 Order failure | productId=11234 | userId=2376 | quantity=816 | status=FAILED | reason=Insufficient quantity for product id: 11234. Requested: 816, available: 0
2026-07-28T19:16:17.020-04:00 Order failure | productId=11234 | userId=2377 | quantity=790 | status=FAILED | reason=Insufficient quantity for product id: 11234. Requested: 790, available: 0
2026-07-28T19:16:17.026-04:00 Order failure | productId=1301 | userId=2378 | quantity=530 | status=FAILED | reason=Insufficient quantity for product id: 1301. Requested: 530, available: 0
2026-07-28T19:16:17.029-04:00 Order failure | productId=11234 | userId=2379 | quantity=307 | status=FAILED | reason=Insufficient quantity for product id: 11234. Requested: 307, available: 0
2026-07-28T19:16:17.034-04:00 Order failure | productId=11234 | userId=2380 | quantity=794 | status=FAILED | reason=Insufficient quantity for product id: 11234. Requested: 794, available: 0
2026-07-28T19:16:17.040-04:00 Order failure | productId=11234 | userId=2381 | quantity=759 | status=FAILED | reason=Insufficient quantity for product id: 11234. Requested: 759, available: 0
2026-07-28T19:16:17.046-04:00 Order failure | productId=11234 | userId=2382 | quantity=72 | status=FAILED | reason=Insufficient quantity for product id: 11234. Requested: 72, available: 0
2026-07-28T19:16:17.049-04:00 Order failure | productId=11234 | userId=2383 | quantity=694 | status=FAILED | reason=Insufficient quantity for product id: 11234. Requested: 694, available: 0
2026-07-28T19:16:17.055-04:00 Order failure | productId=11234 | userId=2384 | quantity=981 | status=FAILED | reason=Insufficient quantity for product id: 11234. Requested: 981, available: 0
2026-07-28T19:16:17.059-04:00 Order failure | productId=11234 | userId=2385 | quantity=34 | status=FAILED | reason=Insufficient quantity for product id: 11234. Requested: 34, available: 0
2026-07-28T19:16:17.065-04:00 Order failure | productId=11234 | userId=2386 | quantity=664 | status=FAILED | reason=Insufficient quantity for product id: 11234. Requested: 664, available: 0
2026-07-28T19:16:17.069-04:00 Order failure | productId=1301 | userId=2387 | quantity=412 | status=FAILED | reason=Insufficient quantity for product id: 1301. Requested: 412, available: 0
2026-07-28T19:16:17.074-04:00 Order failure | productId=11234 | userId=2388 | quantity=170 | status=FAILED | reason=Insufficient quantity for product id: 11234. Requested: 170, available: 0
2026-07-28T19:16:17.080-04:00 Order failure | productId=11234 | userId=2389 | quantity=747 | status=FAILED | reason=Insufficient quantity for product id: 11234. Requested: 747, available: 0
2026-07-28T19:16:17.084-04:00 Order failure | productId=1301 | userId=2390 | quantity=493 | status=FAILED | reason=Insufficient quantity for product id: 1301. Requested: 493, available: 0
2026-07-28T19:16:17.090-04:00 Order failure | productId=11234 | userId=2391 | quantity=35 | status=FAILED | reason=Insufficient quantity for product id: 11234. Requested: 35, available: 0
2026-07-28T19:16:17.094-04:00 Order failure | productId=1301 | userId=2392 | quantity=841 | status=FAILED | reason=Insufficient quantity for product id: 1301. Requested: 841, available: 0
2026-07-28T19:16:17.100-04:00 Order failure | productId=11234 | userId=2393 | quantity=695 | status=FAILED | reason=Insufficient quantity for product id: 11234. Requested: 695, available: 0
2026-07-28T19:16:17.103-04:00 Order failure | productId=1301 | userId=2394 | quantity=189 | status=FAILED | reason=Insufficient quantity for product id: 1301. Requested: 189, available: 0
2026-07-28T19:16:17.112-04:00 Order failure | productId=11234 | userId=2395 | quantity=864 | status=FAILED | reason=Insufficient quantity for product id: 11234. Requested: 864, available: 0
2026-07-28T19:16:17.117-04:00 Order failure | productId=11234 | userId=2396 | quantity=264 | status=FAILED | reason=Insufficient quantity for product id: 11234. Requested: 264, available: 0
2026-07-28T19:16:17.121-04:00 Order failure | productId=1301 | userId=2397 | quantity=313 | status=FAILED | reason=Insufficient quantity for product id: 1301. Requested: 313, available: 0
2026-07-28T19:16:17.126-04:00 Order failure | productId=1301 | userId=2398 | quantity=703 | status=FAILED | reason=Insufficient quantity for product id: 1301. Requested: 703, available: 0
2026-07-28T19:16:17.131-04:00 Order failure | productId=11234 | userId=2399 | quantity=612 | status=FAILED | reason=Insufficient quantity for product id: 11234. Requested: 612, available: 0
2026-07-28T19:16:17.136-04:00 Order failure | productId=1301 | userId=2400 | quantity=236 | status=FAILED | reason=Insufficient quantity for product id: 1301. Requested: 236, available: 0
2026-07-28T19:16:17.140-04:00 Order failure | productId=1301 | userId=2401 | quantity=576 | status=FAILED | reason=Insufficient quantity for product id: 1301. Requested: 576, available: 0
2026-07-28T19:16:17.146-04:00 Order failure | productId=1301 | userId=2402 | quantity=11 | status=FAILED | reason=Insufficient quantity for product id: 1301. Requested: 11, available: 0
2026-07-28T19:16:17.151-04:00 Order failure | productId=1301 | userId=2403 | quantity=685 | status=FAILED | reason=Insufficient quantity for product id: 1301. Requested: 685, available: 0
2026-07-28T19:16:17.156-04:00 Order failure | productId=11234 | userId=2404 | quantity=386 | status=FAILED | reason=Insufficient quantity for product id: 11234. Requested: 386, available: 0
2026-07-28T19:16:17.160-04:00 Order failure | productId=1301 | userId=2405 | quantity=624 | status=FAILED | reason=Insufficient quantity for product id: 1301. Requested: 624, available: 0
2026-07-28T19:16:17.167-04:00 Order failure | productId=11234 | userId=2406 | quantity=765 | status=FAILED | reason=Insufficient quantity for product id: 11234. Requested: 765, available: 0
2026-07-28T19:16:17.171-04:00 Order failure | productId=11234 | userId=2407 | quantity=803 | status=FAILED | reason=Insufficient quantity for product id: 11234. Requested: 803, available: 0
2026-07-28T19:16:17.175-04:00 Order failure | productId=1301 | userId=2408 | quantity=681 | status=FAILED | reason=Insufficient quantity for product id: 1301. Requested: 681, available: 0
2026-07-28T19:16:17.180-04:00 Order failure | productId=1301 | userId=2409 | quantity=710 | status=FAILED | reason=Insufficient quantity for product id: 1301. Requested: 710, available: 0
2026-07-28T19:16:17.185-04:00 Order failure | productId=1301 | userId=2410 | quantity=224 | status=FAILED | reason=Insufficient quantity for product id: 1301. Requested: 224, available: 0
2026-07-28T19:16:17.190-04:00 Order failure | productId=11234 | userId=2411 | quantity=472 | status=FAILED | reason=Insufficient quantity for product id: 11234. Requested: 472, available: 0
2026-07-28T19:16:17.196-04:00 Order failure | productId=1301 | userId=2412 | quantity=763 | status=FAILED | reason=Insufficient quantity for product id: 1301. Requested: 763, available: 0
2026-07-28T19:16:17.200-04:00 Order failure | productId=1301 | userId=2413 | quantity=685 | status=FAILED | reason=Insufficient quantity for product id: 1301. Requested: 685, available: 0
2026-07-28T19:16:17.206-04:00 Order failure | productId=11234 | userId=2414 | quantity=771 | status=FAILED | reason=Insufficient quantity for product id: 11234. Requested: 771, available: 0
2026-07-28T19:16:17.210-04:00 Order failure | productId=1301 | userId=2415 | quantity=768 | status=FAILED | reason=Insufficient quantity for product id: 1301. Requested: 768, available: 0
2026-07-28T19:16:17.218-04:00 Order failure | productId=11234 | userId=2416 | quantity=445 | status=FAILED | reason=Insufficient quantity for product id: 11234. Requested: 445, available: 0
2026-07-28T19:16:17.220-04:00 Order failure | productId=11234 | userId=2417 | quantity=32 | status=FAILED | reason=Insufficient quantity for product id: 11234. Requested: 32, available: 0
2026-07-28T19:16:17.225-04:00 Order failure | productId=1301 | userId=2418 | quantity=41 | status=FAILED | reason=Insufficient quantity for product id: 1301. Requested: 41, available: 0
2026-07-28T19:16:17.231-04:00 Order failure | productId=1301 | userId=2419 | quantity=833 | status=FAILED | reason=Insufficient quantity for product id: 1301. Requested: 833, available: 0
2026-07-28T19:16:17.235-04:00 Order failure | productId=11234 | userId=2420 | quantity=693 | status=FAILED | reason=Insufficient quantity for product id: 11234. Requested: 693, available: 0
2026-07-28T19:16:17.241-04:00 Order failure | productId=11234 | userId=2421 | quantity=363 | status=FAILED | reason=Insufficient quantity for product id: 11234. Requested: 363, available: 0
2026-07-28T19:16:17.245-04:00 Order failure | productId=1301 | userId=2422 | quantity=791 | status=FAILED | reason=Insufficient quantity for product id: 1301. Requested: 791, available: 0
2026-07-28T19:16:17.252-04:00 Order failure | productId=11234 | userId=2423 | quantity=429 | status=FAILED | reason=Insufficient quantity for product id: 11234. Requested: 429, available: 0
2026-07-28T19:16:17.255-04:00 Order failure | productId=1301 | userId=2424 | quantity=662 | status=FAILED | reason=Insufficient quantity for product id: 1301. Requested: 662, available: 0
2026-07-28T19:16:17.259-04:00 Order failure | productId=11234 | userId=2425 | quantity=593 | status=FAILED | reason=Insufficient quantity for product id: 11234. Requested: 593, available: 0
2026-07-28T19:16:17.266-04:00 Order failure | productId=11234 | userId=2426 | quantity=872 | status=FAILED | reason=Insufficient quantity for product id: 11234. Requested: 872, available: 0
2026-07-28T19:16:17.271-04:00 Order failure | productId=1301 | userId=2427 | quantity=827 | status=FAILED | reason=Insufficient quantity for product id: 1301. Requested: 827, available: 0
2026-07-28T19:16:17.276-04:00 Order failure | productId=1301 | userId=2428 | quantity=206 | status=FAILED | reason=Insufficient quantity for product id: 1301. Requested: 206, available: 0
2026-07-28T19:16:17.280-04:00 Order failure | productId=1301 | userId=2429 | quantity=625 | status=FAILED | reason=Insufficient quantity for product id: 1301. Requested: 625, available: 0
2026-07-28T19:16:17.284-04:00 Order failure | productId=1301 | userId=2430 | quantity=551 | status=FAILED | reason=Insufficient quantity for product id: 1301. Requested: 551, available: 0
2026-07-28T19:16:17.290-04:00 Order failure | productId=11234 | userId=2431 | quantity=248 | status=FAILED | reason=Insufficient quantity for product id: 11234. Requested: 248, available: 0
2026-07-28T19:16:17.294-04:00 Order failure | productId=1301 | userId=2432 | quantity=530 | status=FAILED | reason=Insufficient quantity for product id: 1301. Requested: 530, available: 0
2026-07-28T19:16:17.300-04:00 Order failure | productId=11234 | userId=2433 | quantity=571 | status=FAILED | reason=Insufficient quantity for product id: 11234. Requested: 571, available: 0
2026-07-28T19:16:17.305-04:00 Order failure | productId=1301 | userId=2434 | quantity=165 | status=FAILED | reason=Insufficient quantity for product id: 1301. Requested: 165, available: 0
2026-07-28T19:16:17.309-04:00 Order failure | productId=11234 | userId=2435 | quantity=721 | status=FAILED | reason=Insufficient quantity for product id: 11234. Requested: 721, available: 0
2026-07-28T19:16:17.315-04:00 Order failure | productId=11234 | userId=2436 | quantity=764 | status=FAILED | reason=Insufficient quantity for product id: 11234. Requested: 764, available: 0
2026-07-28T19:16:17.323-04:00 Order failure | productId=11234 | userId=2437 | quantity=266 | status=FAILED | reason=Insufficient quantity for product id: 11234. Requested: 266, available: 0
2026-07-28T19:16:17.327-04:00 Order failure | productId=11234 | userId=2438 | quantity=380 | status=FAILED | reason=Insufficient quantity for product id: 11234. Requested: 380, available: 0
2026-07-28T19:16:17.330-04:00 Order failure | productId=11234 | userId=2439 | quantity=313 | status=FAILED | reason=Insufficient quantity for product id: 11234. Requested: 313, available: 0
2026-07-28T19:16:17.335-04:00 Order failure | productId=1301 | userId=2440 | quantity=11 | status=FAILED | reason=Insufficient quantity for product id: 1301. Requested: 11, available: 0
2026-07-28T19:16:17.339-04:00 Order failure | productId=1301 | userId=2441 | quantity=486 | status=FAILED | reason=Insufficient quantity for product id: 1301. Requested: 486, available: 0
2026-07-28T19:16:17.345-04:00 Order failure | productId=1301 | userId=2442 | quantity=840 | status=FAILED | reason=Insufficient quantity for product id: 1301. Requested: 840, available: 0
2026-07-28T19:16:17.349-04:00 Order failure | productId=1301 | userId=2443 | quantity=472 | status=FAILED | reason=Insufficient quantity for product id: 1301. Requested: 472, available: 0
2026-07-28T19:16:17.356-04:00 Order failure | productId=11234 | userId=2444 | quantity=521 | status=FAILED | reason=Insufficient quantity for product id: 11234. Requested: 521, available: 0
2026-07-28T19:16:17.360-04:00 Order failure | productId=1301 | userId=2445 | quantity=553 | status=FAILED | reason=Insufficient quantity for product id: 1301. Requested: 553, available: 0
2026-07-28T19:16:17.365-04:00 Order failure | productId=11234 | userId=2446 | quantity=862 | status=FAILED | reason=Insufficient quantity for product id: 11234. Requested: 862, available: 0
2026-07-28T19:16:17.370-04:00 Order failure | productId=11234 | userId=2447 | quantity=843 | status=FAILED | reason=Insufficient quantity for product id: 11234. Requested: 843, available: 0
2026-07-28T19:16:17.374-04:00 Order failure | productId=1301 | userId=2448 | quantity=970 | status=FAILED | reason=Insufficient quantity for product id: 1301. Requested: 970, available: 0
2026-07-28T19:16:17.381-04:00 Order failure | productId=11234 | userId=2449 | quantity=458 | status=FAILED | reason=Insufficient quantity for product id: 11234. Requested: 458, available: 0
2026-07-28T19:16:17.384-04:00 Order failure | productId=11234 | userId=2450 | quantity=487 | status=FAILED | reason=Insufficient quantity for product id: 11234. Requested: 487, available: 0
2026-07-28T19:16:17.408-04:00 Order failure | productId=11234 | userId=2451 | quantity=808 | status=FAILED | reason=Insufficient quantity for product id: 11234. Requested: 808, available: 0
2026-07-28T19:16:17.408-04:00 Order failure | productId=11234 | userId=2453 | quantity=463 | status=FAILED | reason=Insufficient quantity for product id: 11234. Requested: 463, available: 0
2026-07-28T19:16:17.408-04:00 Order failure | productId=1301 | userId=2452 | quantity=284 | status=FAILED | reason=Insufficient quantity for product id: 1301. Requested: 284, available: 0
2026-07-28T19:16:17.413-04:00 Order failure | productId=1301 | userId=2455 | quantity=817 | status=FAILED | reason=Insufficient quantity for product id: 1301. Requested: 817, available: 0
2026-07-28T19:16:17.413-04:00 Order failure | productId=11234 | userId=2454 | quantity=518 | status=FAILED | reason=Insufficient quantity for product id: 11234. Requested: 518, available: 0
2026-07-28T19:16:17.416-04:00 Order failure | productId=11234 | userId=2456 | quantity=300 | status=FAILED | reason=Insufficient quantity for product id: 11234. Requested: 300, available: 0
2026-07-28T19:16:17.421-04:00 Order failure | productId=1301 | userId=2457 | quantity=453 | status=FAILED | reason=Insufficient quantity for product id: 1301. Requested: 453, available: 0
2026-07-28T19:16:17.425-04:00 Order failure | productId=1301 | userId=2458 | quantity=975 | status=FAILED | reason=Insufficient quantity for product id: 1301. Requested: 975, available: 0
2026-07-28T19:16:17.431-04:00 Order failure | productId=1301 | userId=2459 | quantity=922 | status=FAILED | reason=Insufficient quantity for product id: 1301. Requested: 922, available: 0
2026-07-28T19:16:17.435-04:00 Order failure | productId=11234 | userId=2460 | quantity=774 | status=FAILED | reason=Insufficient quantity for product id: 11234. Requested: 774, available: 0
2026-07-28T19:16:17.440-04:00 Order failure | productId=11234 | userId=2461 | quantity=340 | status=FAILED | reason=Insufficient quantity for product id: 11234. Requested: 340, available: 0
2026-07-28T19:16:17.445-04:00 Order failure | productId=1301 | userId=2462 | quantity=21 | status=FAILED | reason=Insufficient quantity for product id: 1301. Requested: 21, available: 0
2026-07-28T19:16:17.450-04:00 Order failure | productId=11234 | userId=2463 | quantity=70 | status=FAILED | reason=Insufficient quantity for product id: 11234. Requested: 70, available: 0
2026-07-28T19:16:17.455-04:00 Order failure | productId=1301 | userId=2464 | quantity=193 | status=FAILED | reason=Insufficient quantity for product id: 1301. Requested: 193, available: 0
2026-07-28T19:16:17.461-04:00 Order failure | productId=11234 | userId=2465 | quantity=889 | status=FAILED | reason=Insufficient quantity for product id: 11234. Requested: 889, available: 0
2026-07-28T19:16:17.466-04:00 Order failure | productId=11234 | userId=2466 | quantity=124 | status=FAILED | reason=Insufficient quantity for product id: 11234. Requested: 124, available: 0
2026-07-28T19:16:17.471-04:00 Order failure | productId=11234 | userId=2467 | quantity=532 | status=FAILED | reason=Insufficient quantity for product id: 11234. Requested: 532, available: 0
2026-07-28T19:16:17.476-04:00 Order failure | productId=11234 | userId=2468 | quantity=620 | status=FAILED | reason=Insufficient quantity for product id: 11234. Requested: 620, available: 0
2026-07-28T19:16:17.481-04:00 Order failure | productId=1301 | userId=2469 | quantity=180 | status=FAILED | reason=Insufficient quantity for product id: 1301. Requested: 180, available: 0
2026-07-28T19:16:17.487-04:00 Order failure | productId=11234 | userId=2470 | quantity=950 | status=FAILED | reason=Insufficient quantity for product id: 11234. Requested: 950, available: 0
2026-07-28T19:16:17.492-04:00 Order failure | productId=1301 | userId=2471 | quantity=677 | status=FAILED | reason=Insufficient quantity for product id: 1301. Requested: 677, available: 0
2026-07-28T19:16:17.496-04:00 Order failure | productId=11234 | userId=2472 | quantity=174 | status=FAILED | reason=Insufficient quantity for product id: 11234. Requested: 174, available: 0
2026-07-28T19:16:17.501-04:00 Order failure | productId=11234 | userId=2473 | quantity=359 | status=FAILED | reason=Insufficient quantity for product id: 11234. Requested: 359, available: 0
2026-07-28T19:16:17.505-04:00 Order failure | productId=11234 | userId=2474 | quantity=967 | status=FAILED | reason=Insufficient quantity for product id: 11234. Requested: 967, available: 0
2026-07-28T19:16:17.510-04:00 Order failure | productId=1301 | userId=2475 | quantity=427 | status=FAILED | reason=Insufficient quantity for product id: 1301. Requested: 427, available: 0
2026-07-28T19:16:17.515-04:00 Order failure | productId=1301 | userId=2476 | quantity=754 | status=FAILED | reason=Insufficient quantity for product id: 1301. Requested: 754, available: 0
2026-07-28T19:16:17.520-04:00 Order failure | productId=11234 | userId=2477 | quantity=799 | status=FAILED | reason=Insufficient quantity for product id: 11234. Requested: 799, available: 0
2026-07-28T19:16:17.525-04:00 Order failure | productId=11234 | userId=2478 | quantity=329 | status=FAILED | reason=Insufficient quantity for product id: 11234. Requested: 329, available: 0
2026-07-28T19:16:17.531-04:00 Order failure | productId=11234 | userId=2479 | quantity=860 | status=FAILED | reason=Insufficient quantity for product id: 11234. Requested: 860, available: 0
2026-07-28T19:16:17.535-04:00 Order failure | productId=11234 | userId=2480 | quantity=306 | status=FAILED | reason=Insufficient quantity for product id: 11234. Requested: 306, available: 0
2026-07-28T19:16:17.540-04:00 Order failure | productId=11234 | userId=2481 | quantity=19 | status=FAILED | reason=Insufficient quantity for product id: 11234. Requested: 19, available: 0
2026-07-28T19:16:17.545-04:00 Order failure | productId=1301 | userId=2482 | quantity=945 | status=FAILED | reason=Insufficient quantity for product id: 1301. Requested: 945, available: 0
2026-07-28T19:16:17.551-04:00 Order failure | productId=11234 | userId=2483 | quantity=319 | status=FAILED | reason=Insufficient quantity for product id: 11234. Requested: 319, available: 0
2026-07-28T19:16:17.554-04:00 Order failure | productId=11234 | userId=2484 | quantity=762 | status=FAILED | reason=Insufficient quantity for product id: 11234. Requested: 762, available: 0
2026-07-28T19:16:17.561-04:00 Order failure | productId=1301 | userId=2485 | quantity=151 | status=FAILED | reason=Insufficient quantity for product id: 1301. Requested: 151, available: 0
2026-07-28T19:16:17.566-04:00 Order failure | productId=1301 | userId=2486 | quantity=401 | status=FAILED | reason=Insufficient quantity for product id: 1301. Requested: 401, available: 0
2026-07-28T19:16:17.571-04:00 Order failure | productId=1301 | userId=2487 | quantity=710 | status=FAILED | reason=Insufficient quantity for product id: 1301. Requested: 710, available: 0
2026-07-28T19:16:17.575-04:00 Order failure | productId=11234 | userId=2488 | quantity=233 | status=FAILED | reason=Insufficient quantity for product id: 11234. Requested: 233, available: 0
2026-07-28T19:16:17.582-04:00 Order failure | productId=11234 | userId=2489 | quantity=539 | status=FAILED | reason=Insufficient quantity for product id: 11234. Requested: 539, available: 0
2026-07-28T19:16:17.585-04:00 Order failure | productId=1301 | userId=2490 | quantity=106 | status=FAILED | reason=Insufficient quantity for product id: 1301. Requested: 106, available: 0
2026-07-28T19:16:17.590-04:00 Order failure | productId=11234 | userId=2491 | quantity=89 | status=FAILED | reason=Insufficient quantity for product id: 11234. Requested: 89, available: 0
2026-07-28T19:16:17.596-04:00 Order failure | productId=1301 | userId=2492 | quantity=592 | status=FAILED | reason=Insufficient quantity for product id: 1301. Requested: 592, available: 0
2026-07-28T19:16:17.601-04:00 Order failure | productId=1301 | userId=2493 | quantity=272 | status=FAILED | reason=Insufficient quantity for product id: 1301. Requested: 272, available: 0
2026-07-28T19:16:17.607-04:00 Order failure | productId=11234 | userId=2494 | quantity=735 | status=FAILED | reason=Insufficient quantity for product id: 11234. Requested: 735, available: 0
2026-07-28T19:16:17.611-04:00 Order failure | productId=1301 | userId=2495 | quantity=662 | status=FAILED | reason=Insufficient quantity for product id: 1301. Requested: 662, available: 0
2026-07-28T19:16:17.617-04:00 Order failure | productId=1301 | userId=2496 | quantity=26 | status=FAILED | reason=Insufficient quantity for product id: 1301. Requested: 26, available: 0
2026-07-28T19:16:17.620-04:00 Order failure | productId=1301 | userId=2497 | quantity=74 | status=FAILED | reason=Insufficient quantity for product id: 1301. Requested: 74, available: 0
2026-07-28T19:16:17.626-04:00 Order failure | productId=1301 | userId=2498 | quantity=810 | status=FAILED | reason=Insufficient quantity for product id: 1301. Requested: 810, available: 0
2026-07-28T19:16:17.631-04:00 Order failure | productId=1301 | userId=2499 | quantity=10 | status=FAILED | reason=Insufficient quantity for product id: 1301. Requested: 10, available: 0
2026-07-28T19:16:17.636-04:00 Order failure | productId=11234 | userId=2500 | quantity=227 | status=FAILED | reason=Insufficient quantity for product id: 11234. Requested: 227, available: 0
2026-07-28T19:16:17.642-04:00 Order failure | productId=11234 | userId=2501 | quantity=407 | status=FAILED | reason=Insufficient quantity for product id: 11234. Requested: 407, available: 0
2026-07-28T19:16:17.646-04:00 Order failure | productId=1301 | userId=2502 | quantity=976 | status=FAILED | reason=Insufficient quantity for product id: 1301. Requested: 976, available: 0
2026-07-28T19:16:17.651-04:00 Order failure | productId=1301 | userId=2503 | quantity=783 | status=FAILED | reason=Insufficient quantity for product id: 1301. Requested: 783, available: 0
2026-07-28T19:16:17.655-04:00 Order failure | productId=11234 | userId=2504 | quantity=10 | status=FAILED | reason=Insufficient quantity for product id: 11234. Requested: 10, available: 0
2026-07-28T19:16:17.661-04:00 Order failure | productId=11234 | userId=2505 | quantity=381 | status=FAILED | reason=Insufficient quantity for product id: 11234. Requested: 381, available: 0
2026-07-28T19:16:17.667-04:00 Order failure | productId=11234 | userId=2506 | quantity=614 | status=FAILED | reason=Insufficient quantity for product id: 11234. Requested: 614, available: 0
2026-07-28T19:16:17.671-04:00 Order failure | productId=1301 | userId=2507 | quantity=597 | status=FAILED | reason=Insufficient quantity for product id: 1301. Requested: 597, available: 0
2026-07-28T19:16:17.675-04:00 Order failure | productId=1301 | userId=2508 | quantity=558 | status=FAILED | reason=Insufficient quantity for product id: 1301. Requested: 558, available: 0
2026-07-28T19:16:17.681-04:00 Order failure | productId=1301 | userId=2509 | quantity=306 | status=FAILED | reason=Insufficient quantity for product id: 1301. Requested: 306, available: 0
2026-07-28T19:16:17.686-04:00 Order failure | productId=11234 | userId=2510 | quantity=990 | status=FAILED | reason=Insufficient quantity for product id: 11234. Requested: 990, available: 0
2026-07-28T19:16:17.692-04:00 Order failure | productId=11234 | userId=2511 | quantity=901 | status=FAILED | reason=Insufficient quantity for product id: 11234. Requested: 901, available: 0
2026-07-28T19:16:17.696-04:00 Order failure | productId=1301 | userId=2512 | quantity=778 | status=FAILED | reason=Insufficient quantity for product id: 1301. Requested: 778, available: 0
2026-07-28T19:16:17.702-04:00 Order failure | productId=11234 | userId=2513 | quantity=206 | status=FAILED | reason=Insufficient quantity for product id: 11234. Requested: 206, available: 0
2026-07-28T19:16:17.706-04:00 Order failure | productId=11234 | userId=2514 | quantity=186 | status=FAILED | reason=Insufficient quantity for product id: 11234. Requested: 186, available: 0
2026-07-28T19:16:17.711-04:00 Order failure | productId=1301 | userId=2515 | quantity=545 | status=FAILED | reason=Insufficient quantity for product id: 1301. Requested: 545, available: 0
2026-07-28T19:16:17.716-04:00 Order failure | productId=1301 | userId=2516 | quantity=63 | status=FAILED | reason=Insufficient quantity for product id: 1301. Requested: 63, available: 0
2026-07-28T19:16:17.720-04:00 Order failure | productId=1301 | userId=2517 | quantity=775 | status=FAILED | reason=Insufficient quantity for product id: 1301. Requested: 775, available: 0
2026-07-28T19:16:17.725-04:00 Order failure | productId=11234 | userId=2518 | quantity=888 | status=FAILED | reason=Insufficient quantity for product id: 11234. Requested: 888, available: 0
2026-07-28T19:16:17.731-04:00 Order failure | productId=11234 | userId=2519 | quantity=90 | status=FAILED | reason=Insufficient quantity for product id: 11234. Requested: 90, available: 0
2026-07-28T19:16:17.735-04:00 Order failure | productId=11234 | userId=2520 | quantity=511 | status=FAILED | reason=Insufficient quantity for product id: 11234. Requested: 511, available: 0
2026-07-28T19:16:17.741-04:00 Order failure | productId=1301 | userId=2521 | quantity=293 | status=FAILED | reason=Insufficient quantity for product id: 1301. Requested: 293, available: 0
2026-07-28T19:16:17.745-04:00 Order failure | productId=1301 | userId=2522 | quantity=247 | status=FAILED | reason=Insufficient quantity for product id: 1301. Requested: 247, available: 0
2026-07-28T19:16:17.750-04:00 Order failure | productId=1301 | userId=2523 | quantity=535 | status=FAILED | reason=Insufficient quantity for product id: 1301. Requested: 535, available: 0
2026-07-28T19:16:17.755-04:00 Order failure | productId=11234 | userId=2524 | quantity=462 | status=FAILED | reason=Insufficient quantity for product id: 11234. Requested: 462, available: 0
2026-07-28T19:16:17.760-04:00 Order failure | productId=1301 | userId=2525 | quantity=386 | status=FAILED | reason=Insufficient quantity for product id: 1301. Requested: 386, available: 0
2026-07-28T19:16:17.765-04:00 Order failure | productId=1301 | userId=2526 | quantity=835 | status=FAILED | reason=Insufficient quantity for product id: 1301. Requested: 835, available: 0
2026-07-28T19:16:17.770-04:00 Order failure | productId=11234 | userId=2527 | quantity=495 | status=FAILED | reason=Insufficient quantity for product id: 11234. Requested: 495, available: 0
2026-07-28T19:16:17.775-04:00 Order failure | productId=1301 | userId=2528 | quantity=25 | status=FAILED | reason=Insufficient quantity for product id: 1301. Requested: 25, available: 0
2026-07-28T19:16:17.781-04:00 Order failure | productId=11234 | userId=2529 | quantity=195 | status=FAILED | reason=Insufficient quantity for product id: 11234. Requested: 195, available: 0
2026-07-28T19:16:17.785-04:00 Order failure | productId=1301 | userId=2530 | quantity=746 | status=FAILED | reason=Insufficient quantity for product id: 1301. Requested: 746, available: 0
2026-07-28T19:16:17.790-04:00 Order failure | productId=11234 | userId=2531 | quantity=290 | status=FAILED | reason=Insufficient quantity for product id: 11234. Requested: 290, available: 0
2026-07-28T19:16:17.796-04:00 Order failure | productId=1301 | userId=2532 | quantity=384 | status=FAILED | reason=Insufficient quantity for product id: 1301. Requested: 384, available: 0
2026-07-28T19:16:17.800-04:00 Order failure | productId=1301 | userId=2533 | quantity=86 | status=FAILED | reason=Insufficient quantity for product id: 1301. Requested: 86, available: 0
2026-07-28T19:16:17.806-04:00 Order failure | productId=11234 | userId=2534 | quantity=614 | status=FAILED | reason=Insufficient quantity for product id: 11234. Requested: 614, available: 0
2026-07-28T19:16:17.811-04:00 Order failure | productId=1301 | userId=2535 | quantity=934 | status=FAILED | reason=Insufficient quantity for product id: 1301. Requested: 934, available: 0
2026-07-28T19:16:17.816-04:00 Order failure | productId=11234 | userId=2536 | quantity=440 | status=FAILED | reason=Insufficient quantity for product id: 11234. Requested: 440, available: 0
2026-07-28T19:16:17.820-04:00 Order failure | productId=1301 | userId=2537 | quantity=921 | status=FAILED | reason=Insufficient quantity for product id: 1301. Requested: 921, available: 0
2026-07-28T19:16:17.826-04:00 Order failure | productId=11234 | userId=2538 | quantity=488 | status=FAILED | reason=Insufficient quantity for product id: 11234. Requested: 488, available: 0
2026-07-28T19:16:17.831-04:00 Order failure | productId=11234 | userId=2539 | quantity=772 | status=FAILED | reason=Insufficient quantity for product id: 11234. Requested: 772, available: 0
2026-07-28T19:16:17.834-04:00 Order failure | productId=11234 | userId=2540 | quantity=788 | status=FAILED | reason=Insufficient quantity for product id: 11234. Requested: 788, available: 0
2026-07-28T19:16:17.840-04:00 Order failure | productId=1301 | userId=2541 | quantity=185 | status=FAILED | reason=Insufficient quantity for product id: 1301. Requested: 185, available: 0
2026-07-28T19:16:17.846-04:00 Order failure | productId=11234 | userId=2542 | quantity=711 | status=FAILED | reason=Insufficient quantity for product id: 11234. Requested: 711, available: 0
2026-07-28T19:16:17.850-04:00 Order failure | productId=11234 | userId=2543 | quantity=168 | status=FAILED | reason=Insufficient quantity for product id: 11234. Requested: 168, available: 0
2026-07-28T19:16:17.855-04:00 Order failure | productId=1301 | userId=2544 | quantity=939 | status=FAILED | reason=Insufficient quantity for product id: 1301. Requested: 939, available: 0
2026-07-28T19:16:17.860-04:00 Order failure | productId=1301 | userId=2545 | quantity=33 | status=FAILED | reason=Insufficient quantity for product id: 1301. Requested: 33, available: 0
2026-07-28T19:16:17.869-04:00 Order failure | productId=1301 | userId=2546 | quantity=317 | status=FAILED | reason=Insufficient quantity for product id: 1301. Requested: 317, available: 0
2026-07-28T19:16:17.874-04:00 Order failure | productId=1301 | userId=2547 | quantity=749 | status=FAILED | reason=Insufficient quantity for product id: 1301. Requested: 749, available: 0
2026-07-28T19:16:17.876-04:00 Order failure | productId=1301 | userId=2548 | quantity=186 | status=FAILED | reason=Insufficient quantity for product id: 1301. Requested: 186, available: 0
2026-07-28T19:16:17.882-04:00 Order failure | productId=11234 | userId=2549 | quantity=196 | status=FAILED | reason=Insufficient quantity for product id: 11234. Requested: 196, available: 0
2026-07-28T19:16:17.887-04:00 Order failure | productId=1301 | userId=2550 | quantity=384 | status=FAILED | reason=Insufficient quantity for product id: 1301. Requested: 384, available: 0
2026-07-28T19:16:17.891-04:00 Order failure | productId=11234 | userId=2551 | quantity=465 | status=FAILED | reason=Insufficient quantity for product id: 11234. Requested: 465, available: 0
2026-07-28T19:16:17.896-04:00 Order failure | productId=1301 | userId=2552 | quantity=955 | status=FAILED | reason=Insufficient quantity for product id: 1301. Requested: 955, available: 0
2026-07-28T19:16:17.901-04:00 Order failure | productId=11234 | userId=2553 | quantity=241 | status=FAILED | reason=Insufficient quantity for product id: 11234. Requested: 241, available: 0
2026-07-28T19:16:17.907-04:00 Order failure | productId=1301 | userId=2554 | quantity=678 | status=FAILED | reason=Insufficient quantity for product id: 1301. Requested: 678, available: 0
2026-07-28T19:16:17.910-04:00 Order failure | productId=1301 | userId=2555 | quantity=340 | status=FAILED | reason=Insufficient quantity for product id: 1301. Requested: 340, available: 0
2026-07-28T19:16:17.915-04:00 Order failure | productId=1301 | userId=2556 | quantity=149 | status=FAILED | reason=Insufficient quantity for product id: 1301. Requested: 149, available: 0
2026-07-28T19:16:17.921-04:00 Order failure | productId=1301 | userId=2557 | quantity=128 | status=FAILED | reason=Insufficient quantity for product id: 1301. Requested: 128, available: 0
2026-07-28T19:16:17.927-04:00 Order failure | productId=1301 | userId=2558 | quantity=274 | status=FAILED | reason=Insufficient quantity for product id: 1301. Requested: 274, available: 0
2026-07-28T19:16:17.932-04:00 Order failure | productId=11234 | userId=2559 | quantity=28 | status=FAILED | reason=Insufficient quantity for product id: 11234. Requested: 28, available: 0
2026-07-28T19:16:17.935-04:00 Order failure | productId=1301 | userId=2560 | quantity=764 | status=FAILED | reason=Insufficient quantity for product id: 1301. Requested: 764, available: 0
2026-07-28T19:16:17.941-04:00 Order failure | productId=1301 | userId=2561 | quantity=629 | status=FAILED | reason=Insufficient quantity for product id: 1301. Requested: 629, available: 0
2026-07-28T19:16:17.946-04:00 Order failure | productId=11234 | userId=2562 | quantity=566 | status=FAILED | reason=Insufficient quantity for product id: 11234. Requested: 566, available: 0
2026-07-28T19:16:17.950-04:00 Order failure | productId=1301 | userId=2563 | quantity=709 | status=FAILED | reason=Insufficient quantity for product id: 1301. Requested: 709, available: 0
2026-07-28T19:16:17.957-04:00 Order failure | productId=11234 | userId=2564 | quantity=200 | status=FAILED | reason=Insufficient quantity for product id: 11234. Requested: 200, available: 0
2026-07-28T19:16:17.960-04:00 Order failure | productId=11234 | userId=2565 | quantity=652 | status=FAILED | reason=Insufficient quantity for product id: 11234. Requested: 652, available: 0
2026-07-28T19:16:17.965-04:00 Order failure | productId=1301 | userId=2566 | quantity=493 | status=FAILED | reason=Insufficient quantity for product id: 1301. Requested: 493, available: 0
2026-07-28T19:16:17.970-04:00 Order failure | productId=11234 | userId=2567 | quantity=357 | status=FAILED | reason=Insufficient quantity for product id: 11234. Requested: 357, available: 0
2026-07-28T19:16:17.974-04:00 Order failure | productId=11234 | userId=2568 | quantity=861 | status=FAILED | reason=Insufficient quantity for product id: 11234. Requested: 861, available: 0
2026-07-28T19:16:17.979-04:00 Order failure | productId=1301 | userId=2569 | quantity=378 | status=FAILED | reason=Insufficient quantity for product id: 1301. Requested: 378, available: 0
2026-07-28T19:16:17.985-04:00 Order failure | productId=1301 | userId=2570 | quantity=628 | status=FAILED | reason=Insufficient quantity for product id: 1301. Requested: 628, available: 0
2026-07-28T19:16:17.989-04:00 Order failure | productId=11234 | userId=2571 | quantity=121 | status=FAILED | reason=Insufficient quantity for product id: 11234. Requested: 121, available: 0
2026-07-28T19:16:17.994-04:00 Order failure | productId=1301 | userId=2572 | quantity=398 | status=FAILED | reason=Insufficient quantity for product id: 1301. Requested: 398, available: 0
2026-07-28T19:16:18.000-04:00 Order failure | productId=11234 | userId=2573 | quantity=20 | status=FAILED | reason=Insufficient quantity for product id: 11234. Requested: 20, available: 0
2026-07-28T19:16:18.004-04:00 Order failure | productId=11234 | userId=2574 | quantity=988 | status=FAILED | reason=Insufficient quantity for product id: 11234. Requested: 988, available: 0
2026-07-28T19:16:18.011-04:00 Order failure | productId=11234 | userId=2575 | quantity=371 | status=FAILED | reason=Insufficient quantity for product id: 11234. Requested: 371, available: 0
2026-07-28T19:16:18.014-04:00 Order failure | productId=11234 | userId=2576 | quantity=372 | status=FAILED | reason=Insufficient quantity for product id: 11234. Requested: 372, available: 0
2026-07-28T19:16:18.020-04:00 Order failure | productId=11234 | userId=2577 | quantity=189 | status=FAILED | reason=Insufficient quantity for product id: 11234. Requested: 189, available: 0
2026-07-28T19:16:18.025-04:00 Order failure | productId=1301 | userId=2578 | quantity=674 | status=FAILED | reason=Insufficient quantity for product id: 1301. Requested: 674, available: 0
2026-07-28T19:16:18.031-04:00 Order failure | productId=11234 | userId=2579 | quantity=285 | status=FAILED | reason=Insufficient quantity for product id: 11234. Requested: 285, available: 0
2026-07-28T19:16:18.035-04:00 Order failure | productId=1301 | userId=2580 | quantity=354 | status=FAILED | reason=Insufficient quantity for product id: 1301. Requested: 354, available: 0
2026-07-28T19:16:18.040-04:00 Order failure | productId=1301 | userId=2581 | quantity=115 | status=FAILED | reason=Insufficient quantity for product id: 1301. Requested: 115, available: 0
2026-07-28T19:16:18.044-04:00 Order failure | productId=1301 | userId=2582 | quantity=163 | status=FAILED | reason=Insufficient quantity for product id: 1301. Requested: 163, available: 0
2026-07-28T19:16:18.064-04:00 Order failure | productId=1301 | userId=2584 | quantity=202 | status=FAILED | reason=Insufficient quantity for product id: 1301. Requested: 202, available: 0
2026-07-28T19:16:18.064-04:00 Order failure | productId=11234 | userId=2585 | quantity=896 | status=FAILED | reason=Insufficient quantity for product id: 11234. Requested: 896, available: 0
2026-07-28T19:16:18.064-04:00 Order failure | productId=1301 | userId=2583 | quantity=499 | status=FAILED | reason=Insufficient quantity for product id: 1301. Requested: 499, available: 0
2026-07-28T19:16:18.068-04:00 Order failure | productId=1301 | userId=2586 | quantity=286 | status=FAILED | reason=Insufficient quantity for product id: 1301. Requested: 286, available: 0
2026-07-28T19:16:18.068-04:00 Order failure | productId=1301 | userId=2587 | quantity=683 | status=FAILED | reason=Insufficient quantity for product id: 1301. Requested: 683, available: 0
2026-07-28T19:16:18.074-04:00 Order failure | productId=11234 | userId=2588 | quantity=748 | status=FAILED | reason=Insufficient quantity for product id: 11234. Requested: 748, available: 0
2026-07-28T19:16:18.079-04:00 Order failure | productId=11234 | userId=2589 | quantity=476 | status=FAILED | reason=Insufficient quantity for product id: 11234. Requested: 476, available: 0
2026-07-28T19:16:18.084-04:00 Order failure | productId=1301 | userId=2590 | quantity=590 | status=FAILED | reason=Insufficient quantity for product id: 1301. Requested: 590, available: 0
2026-07-28T19:16:18.089-04:00 Order failure | productId=1301 | userId=2591 | quantity=866 | status=FAILED | reason=Insufficient quantity for product id: 1301. Requested: 866, available: 0
2026-07-28T19:16:18.094-04:00 Order failure | productId=11234 | userId=2592 | quantity=795 | status=FAILED | reason=Insufficient quantity for product id: 11234. Requested: 795, available: 0
2026-07-28T19:16:18.099-04:00 Order failure | productId=1301 | userId=2593 | quantity=854 | status=FAILED | reason=Insufficient quantity for product id: 1301. Requested: 854, available: 0
2026-07-28T19:16:18.104-04:00 Order failure | productId=11234 | userId=2594 | quantity=45 | status=FAILED | reason=Insufficient quantity for product id: 11234. Requested: 45, available: 0
2026-07-28T19:16:18.109-04:00 Order failure | productId=11234 | userId=2595 | quantity=635 | status=FAILED | reason=Insufficient quantity for product id: 11234. Requested: 635, available: 0
2026-07-28T19:16:18.128-04:00 Order failure | productId=1301 | userId=2598 | quantity=783 | status=FAILED | reason=Insufficient quantity for product id: 1301. Requested: 783, available: 0
2026-07-28T19:16:18.128-04:00 Order failure | productId=1301 | userId=2596 | quantity=972 | status=FAILED | reason=Insufficient quantity for product id: 1301. Requested: 972, available: 0
2026-07-28T19:16:18.128-04:00 Order failure | productId=1301 | userId=2597 | quantity=54 | status=FAILED | reason=Insufficient quantity for product id: 1301. Requested: 54, available: 0
2026-07-28T19:16:18.132-04:00 Order failure | productId=1301 | userId=2599 | quantity=627 | status=FAILED | reason=Insufficient quantity for product id: 1301. Requested: 627, available: 0
2026-07-28T19:16:18.135-04:00 Order failure | productId=1301 | userId=2600 | quantity=707 | status=FAILED | reason=Insufficient quantity for product id: 1301. Requested: 707, available: 0
2026-07-28T19:16:18.139-04:00 Order failure | productId=1301 | userId=2601 | quantity=560 | status=FAILED | reason=Insufficient quantity for product id: 1301. Requested: 560, available: 0
2026-07-28T19:16:18.145-04:00 Order failure | productId=1301 | userId=2602 | quantity=957 | status=FAILED | reason=Insufficient quantity for product id: 1301. Requested: 957, available: 0
2026-07-28T19:16:18.151-04:00 Order failure | productId=1301 | userId=2603 | quantity=512 | status=FAILED | reason=Insufficient quantity for product id: 1301. Requested: 512, available: 0
2026-07-28T19:16:18.155-04:00 Order failure | productId=1301 | userId=2604 | quantity=298 | status=FAILED | reason=Insufficient quantity for product id: 1301. Requested: 298, available: 0
2026-07-28T19:16:18.159-04:00 Order failure | productId=1301 | userId=2605 | quantity=929 | status=FAILED | reason=Insufficient quantity for product id: 1301. Requested: 929, available: 0
2026-07-28T19:16:18.166-04:00 Order failure | productId=11234 | userId=2606 | quantity=550 | status=FAILED | reason=Insufficient quantity for product id: 11234. Requested: 550, available: 0
2026-07-28T19:16:18.170-04:00 Order failure | productId=1301 | userId=2607 | quantity=136 | status=FAILED | reason=Insufficient quantity for product id: 1301. Requested: 136, available: 0
2026-07-28T19:16:18.174-04:00 Order failure | productId=11234 | userId=2608 | quantity=228 | status=FAILED | reason=Insufficient quantity for product id: 11234. Requested: 228, available: 0
2026-07-28T19:16:18.180-04:00 Order failure | productId=1301 | userId=2609 | quantity=864 | status=FAILED | reason=Insufficient quantity for product id: 1301. Requested: 864, available: 0
2026-07-28T19:16:18.184-04:00 Order failure | productId=1301 | userId=2610 | quantity=225 | status=FAILED | reason=Insufficient quantity for product id: 1301. Requested: 225, available: 0
2026-07-28T19:16:18.191-04:00 Order failure | productId=11234 | userId=2611 | quantity=261 | status=FAILED | reason=Insufficient quantity for product id: 11234. Requested: 261, available: 0
2026-07-28T19:16:18.195-04:00 Order failure | productId=11234 | userId=2612 | quantity=152 | status=FAILED | reason=Insufficient quantity for product id: 11234. Requested: 152, available: 0
2026-07-28T19:16:18.199-04:00 Order failure | productId=11234 | userId=2613 | quantity=769 | status=FAILED | reason=Insufficient quantity for product id: 11234. Requested: 769, available: 0
2026-07-28T19:16:18.204-04:00 Order failure | productId=11234 | userId=2614 | quantity=612 | status=FAILED | reason=Insufficient quantity for product id: 11234. Requested: 612, available: 0
2026-07-28T19:16:18.209-04:00 Order failure | productId=1301 | userId=2615 | quantity=399 | status=FAILED | reason=Insufficient quantity for product id: 1301. Requested: 399, available: 0
2026-07-28T19:16:18.215-04:00 Order failure | productId=1301 | userId=2616 | quantity=821 | status=FAILED | reason=Insufficient quantity for product id: 1301. Requested: 821, available: 0
2026-07-28T19:16:18.219-04:00 Order failure | productId=1301 | userId=2617 | quantity=453 | status=FAILED | reason=Insufficient quantity for product id: 1301. Requested: 453, available: 0
2026-07-28T19:16:18.225-04:00 Order failure | productId=1301 | userId=2618 | quantity=797 | status=FAILED | reason=Insufficient quantity for product id: 1301. Requested: 797, available: 0
2026-07-28T19:16:18.229-04:00 Order failure | productId=1301 | userId=2619 | quantity=882 | status=FAILED | reason=Insufficient quantity for product id: 1301. Requested: 882, available: 0
2026-07-28T19:16:18.236-04:00 Order failure | productId=1301 | userId=2620 | quantity=421 | status=FAILED | reason=Insufficient quantity for product id: 1301. Requested: 421, available: 0
2026-07-28T19:16:18.240-04:00 Order failure | productId=11234 | userId=2621 | quantity=835 | status=FAILED | reason=Insufficient quantity for product id: 11234. Requested: 835, available: 0
2026-07-28T19:16:18.246-04:00 Order failure | productId=11234 | userId=2622 | quantity=821 | status=FAILED | reason=Insufficient quantity for product id: 11234. Requested: 821, available: 0
2026-07-28T19:16:18.251-04:00 Order failure | productId=1301 | userId=2623 | quantity=681 | status=FAILED | reason=Insufficient quantity for product id: 1301. Requested: 681, available: 0
2026-07-28T19:16:18.256-04:00 Order failure | productId=1301 | userId=2624 | quantity=235 | status=FAILED | reason=Insufficient quantity for product id: 1301. Requested: 235, available: 0
2026-07-28T19:16:18.293-04:00 Order failure | productId=11234 | userId=2626 | quantity=773 | status=FAILED | reason=Insufficient quantity for product id: 11234. Requested: 773, available: 0
2026-07-28T19:16:18.293-04:00 Order failure | productId=1301 | userId=2627 | quantity=507 | status=FAILED | reason=Insufficient quantity for product id: 1301. Requested: 507, available: 0
2026-07-28T19:16:18.293-04:00 Order failure | productId=1301 | userId=2625 | quantity=386 | status=FAILED | reason=Insufficient quantity for product id: 1301. Requested: 386, available: 0
2026-07-28T19:16:18.297-04:00 Order failure | productId=1301 | userId=2630 | quantity=303 | status=FAILED | reason=Insufficient quantity for product id: 1301. Requested: 303, available: 0
2026-07-28T19:16:18.297-04:00 Order failure | productId=1301 | userId=2628 | quantity=797 | status=FAILED | reason=Insufficient quantity for product id: 1301. Requested: 797, available: 0
2026-07-28T19:16:18.297-04:00 Order failure | productId=1301 | userId=2629 | quantity=269 | status=FAILED | reason=Insufficient quantity for product id: 1301. Requested: 269, available: 0
2026-07-28T19:16:18.301-04:00 Order failure | productId=11234 | userId=2632 | quantity=283 | status=FAILED | reason=Insufficient quantity for product id: 11234. Requested: 283, available: 0
2026-07-28T19:16:18.301-04:00 Order failure | productId=1301 | userId=2631 | quantity=888 | status=FAILED | reason=Insufficient quantity for product id: 1301. Requested: 888, available: 0
2026-07-28T19:16:18.301-04:00 Order failure | productId=1301 | userId=2633 | quantity=444 | status=FAILED | reason=Insufficient quantity for product id: 1301. Requested: 444, available: 0
2026-07-28T19:16:18.305-04:00 Order failure | productId=11234 | userId=2634 | quantity=642 | status=FAILED | reason=Insufficient quantity for product id: 11234. Requested: 642, available: 0
2026-07-28T19:16:18.310-04:00 Order failure | productId=1301 | userId=2635 | quantity=736 | status=FAILED | reason=Insufficient quantity for product id: 1301. Requested: 736, available: 0
2026-07-28T19:16:18.314-04:00 Order failure | productId=1301 | userId=2636 | quantity=751 | status=FAILED | reason=Insufficient quantity for product id: 1301. Requested: 751, available: 0
2026-07-28T19:16:18.320-04:00 Order failure | productId=1301 | userId=2637 | quantity=900 | status=FAILED | reason=Insufficient quantity for product id: 1301. Requested: 900, available: 0
2026-07-28T19:16:18.326-04:00 Order failure | productId=11234 | userId=2638 | quantity=930 | status=FAILED | reason=Insufficient quantity for product id: 11234. Requested: 930, available: 0
2026-07-28T19:16:18.330-04:00 Order failure | productId=11234 | userId=2639 | quantity=81 | status=FAILED | reason=Insufficient quantity for product id: 11234. Requested: 81, available: 0
2026-07-28T19:16:18.335-04:00 Order failure | productId=1301 | userId=2640 | quantity=211 | status=FAILED | reason=Insufficient quantity for product id: 1301. Requested: 211, available: 0
2026-07-28T19:16:18.340-04:00 Order failure | productId=1301 | userId=2641 | quantity=92 | status=FAILED | reason=Insufficient quantity for product id: 1301. Requested: 92, available: 0
2026-07-28T19:16:18.345-04:00 Order failure | productId=11234 | userId=2642 | quantity=1 | status=FAILED | reason=Insufficient quantity for product id: 11234. Requested: 1, available: 0
2026-07-28T19:16:18.352-04:00 Order failure | productId=1301 | userId=2643 | quantity=246 | status=FAILED | reason=Insufficient quantity for product id: 1301. Requested: 246, available: 0
2026-07-28T19:16:18.355-04:00 Order failure | productId=11234 | userId=2644 | quantity=455 | status=FAILED | reason=Insufficient quantity for product id: 11234. Requested: 455, available: 0
2026-07-28T19:16:18.358-04:00 Order failure | productId=11234 | userId=2645 | quantity=215 | status=FAILED | reason=Insufficient quantity for product id: 11234. Requested: 215, available: 0
2026-07-28T19:16:18.365-04:00 Order failure | productId=1301 | userId=2646 | quantity=628 | status=FAILED | reason=Insufficient quantity for product id: 1301. Requested: 628, available: 0
2026-07-28T19:16:18.370-04:00 Order failure | productId=1301 | userId=2647 | quantity=417 | status=FAILED | reason=Insufficient quantity for product id: 1301. Requested: 417, available: 0
2026-07-28T19:16:18.374-04:00 Order failure | productId=1301 | userId=2648 | quantity=605 | status=FAILED | reason=Insufficient quantity for product id: 1301. Requested: 605, available: 0
2026-07-28T19:16:18.380-04:00 Order failure | productId=11234 | userId=2649 | quantity=930 | status=FAILED | reason=Insufficient quantity for product id: 11234. Requested: 930, available: 0
2026-07-28T19:16:18.384-04:00 Order failure | productId=1301 | userId=2650 | quantity=389 | status=FAILED | reason=Insufficient quantity for product id: 1301. Requested: 389, available: 0
2026-07-28T19:16:18.389-04:00 Order failure | productId=1301 | userId=2651 | quantity=307 | status=FAILED | reason=Insufficient quantity for product id: 1301. Requested: 307, available: 0
2026-07-28T19:16:18.394-04:00 Order failure | productId=11234 | userId=2652 | quantity=310 | status=FAILED | reason=Insufficient quantity for product id: 11234. Requested: 310, available: 0
2026-07-28T19:16:18.399-04:00 Order failure | productId=11234 | userId=2653 | quantity=689 | status=FAILED | reason=Insufficient quantity for product id: 11234. Requested: 689, available: 0
2026-07-28T19:16:18.404-04:00 Order failure | productId=1301 | userId=2654 | quantity=989 | status=FAILED | reason=Insufficient quantity for product id: 1301. Requested: 989, available: 0
2026-07-28T19:16:18.413-04:00 Order failure | productId=11234 | userId=2655 | quantity=802 | status=FAILED | reason=Insufficient quantity for product id: 11234. Requested: 802, available: 0
2026-07-28T19:16:18.417-04:00 Order failure | productId=11234 | userId=2656 | quantity=103 | status=FAILED | reason=Insufficient quantity for product id: 11234. Requested: 103, available: 0
2026-07-28T19:16:18.420-04:00 Order failure | productId=1301 | userId=2657 | quantity=987 | status=FAILED | reason=Insufficient quantity for product id: 1301. Requested: 987, available: 0
2026-07-28T19:16:18.426-04:00 Order failure | productId=1301 | userId=2658 | quantity=114 | status=FAILED | reason=Insufficient quantity for product id: 1301. Requested: 114, available: 0
2026-07-28T19:16:18.431-04:00 Order failure | productId=1301 | userId=2659 | quantity=770 | status=FAILED | reason=Insufficient quantity for product id: 1301. Requested: 770, available: 0
2026-07-28T19:16:18.436-04:00 Order failure | productId=11234 | userId=2660 | quantity=20 | status=FAILED | reason=Insufficient quantity for product id: 11234. Requested: 20, available: 0
2026-07-28T19:16:18.442-04:00 Order failure | productId=11234 | userId=2661 | quantity=330 | status=FAILED | reason=Insufficient quantity for product id: 11234. Requested: 330, available: 0
2026-07-28T19:16:18.447-04:00 Order failure | productId=1301 | userId=2662 | quantity=432 | status=FAILED | reason=Insufficient quantity for product id: 1301. Requested: 432, available: 0
2026-07-28T19:16:18.451-04:00 Order failure | productId=11234 | userId=2663 | quantity=961 | status=FAILED | reason=Insufficient quantity for product id: 11234. Requested: 961, available: 0
2026-07-28T19:16:18.456-04:00 Order failure | productId=11234 | userId=2664 | quantity=176 | status=FAILED | reason=Insufficient quantity for product id: 11234. Requested: 176, available: 0
2026-07-28T19:16:18.461-04:00 Order failure | productId=1301 | userId=2665 | quantity=277 | status=FAILED | reason=Insufficient quantity for product id: 1301. Requested: 277, available: 0
2026-07-28T19:16:18.466-04:00 Order failure | productId=11234 | userId=2666 | quantity=267 | status=FAILED | reason=Insufficient quantity for product id: 11234. Requested: 267, available: 0
2026-07-28T19:16:18.470-04:00 Order failure | productId=11234 | userId=2667 | quantity=986 | status=FAILED | reason=Insufficient quantity for product id: 11234. Requested: 986, available: 0
2026-07-28T19:16:18.474-04:00 Order failure | productId=11234 | userId=2668 | quantity=194 | status=FAILED | reason=Insufficient quantity for product id: 11234. Requested: 194, available: 0
2026-07-28T19:16:18.480-04:00 Order failure | productId=1301 | userId=2669 | quantity=509 | status=FAILED | reason=Insufficient quantity for product id: 1301. Requested: 509, available: 0
2026-07-28T19:16:18.486-04:00 Order failure | productId=11234 | userId=2670 | quantity=198 | status=FAILED | reason=Insufficient quantity for product id: 11234. Requested: 198, available: 0
2026-07-28T19:16:18.491-04:00 Order failure | productId=11234 | userId=2671 | quantity=708 | status=FAILED | reason=Insufficient quantity for product id: 11234. Requested: 708, available: 0
2026-07-28T19:16:18.496-04:00 Order failure | productId=1301 | userId=2672 | quantity=808 | status=FAILED | reason=Insufficient quantity for product id: 1301. Requested: 808, available: 0
2026-07-28T19:16:18.501-04:00 Order failure | productId=1301 | userId=2673 | quantity=344 | status=FAILED | reason=Insufficient quantity for product id: 1301. Requested: 344, available: 0
2026-07-28T19:16:18.505-04:00 Order failure | productId=1301 | userId=2674 | quantity=692 | status=FAILED | reason=Insufficient quantity for product id: 1301. Requested: 692, available: 0
2026-07-28T19:16:18.510-04:00 Order failure | productId=11234 | userId=2675 | quantity=970 | status=FAILED | reason=Insufficient quantity for product id: 11234. Requested: 970, available: 0
2026-07-28T19:16:18.515-04:00 Order failure | productId=1301 | userId=2676 | quantity=634 | status=FAILED | reason=Insufficient quantity for product id: 1301. Requested: 634, available: 0
2026-07-28T19:16:18.524-04:00 Order failure | productId=11234 | userId=2677 | quantity=522 | status=FAILED | reason=Insufficient quantity for product id: 11234. Requested: 522, available: 0
2026-07-28T19:16:18.524-04:00 Order failure | productId=11234 | userId=2678 | quantity=993 | status=FAILED | reason=Insufficient quantity for product id: 11234. Requested: 993, available: 0
2026-07-28T19:16:18.530-04:00 Order failure | productId=11234 | userId=2679 | quantity=185 | status=FAILED | reason=Insufficient quantity for product id: 11234. Requested: 185, available: 0
2026-07-28T19:16:18.535-04:00 Order failure | productId=1301 | userId=2680 | quantity=933 | status=FAILED | reason=Insufficient quantity for product id: 1301. Requested: 933, available: 0
2026-07-28T19:16:18.539-04:00 Order failure | productId=11234 | userId=2681 | quantity=24 | status=FAILED | reason=Insufficient quantity for product id: 11234. Requested: 24, available: 0
2026-07-28T19:16:18.543-04:00 Order failure | productId=1301 | userId=2682 | quantity=717 | status=FAILED | reason=Insufficient quantity for product id: 1301. Requested: 717, available: 0
2026-07-28T19:16:18.551-04:00 Order failure | productId=11234 | userId=2683 | quantity=865 | status=FAILED | reason=Insufficient quantity for product id: 11234. Requested: 865, available: 0
2026-07-28T19:16:18.555-04:00 Order failure | productId=1301 | userId=2684 | quantity=745 | status=FAILED | reason=Insufficient quantity for product id: 1301. Requested: 745, available: 0
2026-07-28T19:16:18.560-04:00 Order failure | productId=1301 | userId=2685 | quantity=909 | status=FAILED | reason=Insufficient quantity for product id: 1301. Requested: 909, available: 0
2026-07-28T19:16:18.565-04:00 Order failure | productId=11234 | userId=2686 | quantity=652 | status=FAILED | reason=Insufficient quantity for product id: 11234. Requested: 652, available: 0
2026-07-28T19:16:18.569-04:00 Order failure | productId=1301 | userId=2687 | quantity=716 | status=FAILED | reason=Insufficient quantity for product id: 1301. Requested: 716, available: 0
2026-07-28T19:16:18.574-04:00 Order failure | productId=11234 | userId=2688 | quantity=112 | status=FAILED | reason=Insufficient quantity for product id: 11234. Requested: 112, available: 0
2026-07-28T19:16:18.579-04:00 Order failure | productId=11234 | userId=2689 | quantity=431 | status=FAILED | reason=Insufficient quantity for product id: 11234. Requested: 431, available: 0
2026-07-28T19:16:18.584-04:00 Order failure | productId=11234 | userId=2690 | quantity=617 | status=FAILED | reason=Insufficient quantity for product id: 11234. Requested: 617, available: 0
2026-07-28T19:16:18.589-04:00 Order failure | productId=11234 | userId=2691 | quantity=389 | status=FAILED | reason=Insufficient quantity for product id: 11234. Requested: 389, available: 0
2026-07-28T19:16:18.596-04:00 Order failure | productId=11234 | userId=2692 | quantity=156 | status=FAILED | reason=Insufficient quantity for product id: 11234. Requested: 156, available: 0
2026-07-28T19:16:18.600-04:00 Order failure | productId=1301 | userId=2693 | quantity=19 | status=FAILED | reason=Insufficient quantity for product id: 1301. Requested: 19, available: 0
2026-07-28T19:16:18.604-04:00 Order failure | productId=11234 | userId=2694 | quantity=946 | status=FAILED | reason=Insufficient quantity for product id: 11234. Requested: 946, available: 0
2026-07-28T19:16:18.610-04:00 Order failure | productId=1301 | userId=2695 | quantity=176 | status=FAILED | reason=Insufficient quantity for product id: 1301. Requested: 176, available: 0
2026-07-28T19:16:18.613-04:00 Order failure | productId=1301 | userId=2696 | quantity=664 | status=FAILED | reason=Insufficient quantity for product id: 1301. Requested: 664, available: 0
2026-07-28T19:16:18.620-04:00 Order failure | productId=1301 | userId=2697 | quantity=63 | status=FAILED | reason=Insufficient quantity for product id: 1301. Requested: 63, available: 0
2026-07-28T19:16:18.624-04:00 Order failure | productId=1301 | userId=2698 | quantity=397 | status=FAILED | reason=Insufficient quantity for product id: 1301. Requested: 397, available: 0
2026-07-28T19:16:18.630-04:00 Order failure | productId=1301 | userId=2699 | quantity=227 | status=FAILED | reason=Insufficient quantity for product id: 1301. Requested: 227, available: 0
2026-07-28T19:16:18.636-04:00 Order failure | productId=11234 | userId=2700 | quantity=879 | status=FAILED | reason=Insufficient quantity for product id: 11234. Requested: 879, available: 0
2026-07-28T19:16:18.639-04:00 Order failure | productId=1301 | userId=2701 | quantity=881 | status=FAILED | reason=Insufficient quantity for product id: 1301. Requested: 881, available: 0
2026-07-28T19:16:18.644-04:00 Order failure | productId=1301 | userId=2702 | quantity=969 | status=FAILED | reason=Insufficient quantity for product id: 1301. Requested: 969, available: 0
2026-07-28T19:16:18.650-04:00 Order failure | productId=11234 | userId=2703 | quantity=619 | status=FAILED | reason=Insufficient quantity for product id: 11234. Requested: 619, available: 0
2026-07-28T19:16:18.655-04:00 Order failure | productId=1301 | userId=2704 | quantity=964 | status=FAILED | reason=Insufficient quantity for product id: 1301. Requested: 964, available: 0
2026-07-28T19:16:18.659-04:00 Order failure | productId=1301 | userId=2705 | quantity=689 | status=FAILED | reason=Insufficient quantity for product id: 1301. Requested: 689, available: 0
2026-07-28T19:16:18.664-04:00 Order failure | productId=11234 | userId=2706 | quantity=571 | status=FAILED | reason=Insufficient quantity for product id: 11234. Requested: 571, available: 0
2026-07-28T19:16:18.669-04:00 Order failure | productId=1301 | userId=2707 | quantity=795 | status=FAILED | reason=Insufficient quantity for product id: 1301. Requested: 795, available: 0
2026-07-28T19:16:18.674-04:00 Order failure | productId=1301 | userId=2708 | quantity=161 | status=FAILED | reason=Insufficient quantity for product id: 1301. Requested: 161, available: 0
2026-07-28T19:16:18.680-04:00 Order failure | productId=1301 | userId=2709 | quantity=361 | status=FAILED | reason=Insufficient quantity for product id: 1301. Requested: 361, available: 0
2026-07-28T19:16:18.684-04:00 Order failure | productId=1301 | userId=2710 | quantity=748 | status=FAILED | reason=Insufficient quantity for product id: 1301. Requested: 748, available: 0
2026-07-28T19:16:18.689-04:00 Order failure | productId=11234 | userId=2711 | quantity=472 | status=FAILED | reason=Insufficient quantity for product id: 11234. Requested: 472, available: 0
2026-07-28T19:16:18.695-04:00 Order failure | productId=1301 | userId=2712 | quantity=872 | status=FAILED | reason=Insufficient quantity for product id: 1301. Requested: 872, available: 0
2026-07-28T19:16:18.700-04:00 Order failure | productId=1301 | userId=2713 | quantity=975 | status=FAILED | reason=Insufficient quantity for product id: 1301. Requested: 975, available: 0
2026-07-28T19:16:18.704-04:00 Order failure | productId=11234 | userId=2714 | quantity=524 | status=FAILED | reason=Insufficient quantity for product id: 11234. Requested: 524, available: 0
2026-07-28T19:16:18.709-04:00 Order failure | productId=11234 | userId=2715 | quantity=394 | status=FAILED | reason=Insufficient quantity for product id: 11234. Requested: 394, available: 0
2026-07-28T19:16:18.716-04:00 Order failure | productId=11234 | userId=2716 | quantity=917 | status=FAILED | reason=Insufficient quantity for product id: 11234. Requested: 917, available: 0
2026-07-28T19:16:18.721-04:00 Order failure | productId=11234 | userId=2717 | quantity=578 | status=FAILED | reason=Insufficient quantity for product id: 11234. Requested: 578, available: 0
2026-07-28T19:16:18.725-04:00 Order failure | productId=1301 | userId=2718 | quantity=767 | status=FAILED | reason=Insufficient quantity for product id: 1301. Requested: 767, available: 0
2026-07-28T19:16:18.731-04:00 Order failure | productId=1301 | userId=2719 | quantity=566 | status=FAILED | reason=Insufficient quantity for product id: 1301. Requested: 566, available: 0
2026-07-28T19:16:18.734-04:00 Order failure | productId=1301 | userId=2720 | quantity=279 | status=FAILED | reason=Insufficient quantity for product id: 1301. Requested: 279, available: 0
2026-07-28T19:16:18.739-04:00 Order failure | productId=1301 | userId=2721 | quantity=857 | status=FAILED | reason=Insufficient quantity for product id: 1301. Requested: 857, available: 0
2026-07-28T19:16:18.744-04:00 Order failure | productId=11234 | userId=2722 | quantity=307 | status=FAILED | reason=Insufficient quantity for product id: 11234. Requested: 307, available: 0
2026-07-28T19:16:18.749-04:00 Order failure | productId=11234 | userId=2723 | quantity=823 | status=FAILED | reason=Insufficient quantity for product id: 11234. Requested: 823, available: 0
2026-07-28T19:16:18.755-04:00 Order failure | productId=11234 | userId=2724 | quantity=93 | status=FAILED | reason=Insufficient quantity for product id: 11234. Requested: 93, available: 0
2026-07-28T19:16:18.760-04:00 Order failure | productId=1301 | userId=2725 | quantity=128 | status=FAILED | reason=Insufficient quantity for product id: 1301. Requested: 128, available: 0
2026-07-28T19:16:18.765-04:00 Order failure | productId=1301 | userId=2726 | quantity=915 | status=FAILED | reason=Insufficient quantity for product id: 1301. Requested: 915, available: 0
2026-07-28T19:16:18.771-04:00 Order failure | productId=11234 | userId=2727 | quantity=881 | status=FAILED | reason=Insufficient quantity for product id: 11234. Requested: 881, available: 0
2026-07-28T19:16:18.777-04:00 Order failure | productId=1301 | userId=2728 | quantity=648 | status=FAILED | reason=Insufficient quantity for product id: 1301. Requested: 648, available: 0
2026-07-28T19:16:18.780-04:00 Order failure | productId=11234 | userId=2729 | quantity=167 | status=FAILED | reason=Insufficient quantity for product id: 11234. Requested: 167, available: 0
2026-07-28T19:16:18.784-04:00 Order failure | productId=11234 | userId=2730 | quantity=583 | status=FAILED | reason=Insufficient quantity for product id: 11234. Requested: 583, available: 0
2026-07-28T19:16:18.790-04:00 Order failure | productId=11234 | userId=2731 | quantity=885 | status=FAILED | reason=Insufficient quantity for product id: 11234. Requested: 885, available: 0
2026-07-28T19:16:18.796-04:00 Order failure | productId=11234 | userId=2732 | quantity=325 | status=FAILED | reason=Insufficient quantity for product id: 11234. Requested: 325, available: 0
2026-07-28T19:16:18.800-04:00 Order failure | productId=11234 | userId=2733 | quantity=689 | status=FAILED | reason=Insufficient quantity for product id: 11234. Requested: 689, available: 0
2026-07-28T19:16:18.805-04:00 Order failure | productId=11234 | userId=2734 | quantity=728 | status=FAILED | reason=Insufficient quantity for product id: 11234. Requested: 728, available: 0
2026-07-28T19:16:18.811-04:00 Order failure | productId=11234 | userId=2735 | quantity=769 | status=FAILED | reason=Insufficient quantity for product id: 11234. Requested: 769, available: 0
2026-07-28T19:16:18.815-04:00 Order failure | productId=1301 | userId=2736 | quantity=651 | status=FAILED | reason=Insufficient quantity for product id: 1301. Requested: 651, available: 0
2026-07-28T19:16:18.820-04:00 Order failure | productId=1301 | userId=2737 | quantity=377 | status=FAILED | reason=Insufficient quantity for product id: 1301. Requested: 377, available: 0
2026-07-28T19:16:18.824-04:00 Order failure | productId=1301 | userId=2738 | quantity=401 | status=FAILED | reason=Insufficient quantity for product id: 1301. Requested: 401, available: 0
2026-07-28T19:16:18.830-04:00 Order failure | productId=11234 | userId=2739 | quantity=698 | status=FAILED | reason=Insufficient quantity for product id: 11234. Requested: 698, available: 0
2026-07-28T19:16:18.834-04:00 Order failure | productId=1301 | userId=2740 | quantity=249 | status=FAILED | reason=Insufficient quantity for product id: 1301. Requested: 249, available: 0
2026-07-28T19:16:18.839-04:00 Order failure | productId=1301 | userId=2741 | quantity=868 | status=FAILED | reason=Insufficient quantity for product id: 1301. Requested: 868, available: 0
2026-07-28T19:16:18.845-04:00 Order failure | productId=11234 | userId=2742 | quantity=61 | status=FAILED | reason=Insufficient quantity for product id: 11234. Requested: 61, available: 0
2026-07-28T19:16:18.850-04:00 Order failure | productId=11234 | userId=2743 | quantity=761 | status=FAILED | reason=Insufficient quantity for product id: 11234. Requested: 761, available: 0
2026-07-28T19:16:18.856-04:00 Order failure | productId=1301 | userId=2744 | quantity=982 | status=FAILED | reason=Insufficient quantity for product id: 1301. Requested: 982, available: 0
2026-07-28T19:16:18.861-04:00 Order failure | productId=11234 | userId=2745 | quantity=713 | status=FAILED | reason=Insufficient quantity for product id: 11234. Requested: 713, available: 0
2026-07-28T19:16:18.865-04:00 Order failure | productId=1301 | userId=2746 | quantity=972 | status=FAILED | reason=Insufficient quantity for product id: 1301. Requested: 972, available: 0
2026-07-28T19:16:18.869-04:00 Order failure | productId=11234 | userId=2747 | quantity=146 | status=FAILED | reason=Insufficient quantity for product id: 11234. Requested: 146, available: 0
2026-07-28T19:16:18.875-04:00 Order failure | productId=1301 | userId=2748 | quantity=284 | status=FAILED | reason=Insufficient quantity for product id: 1301. Requested: 284, available: 0
2026-07-28T19:16:18.880-04:00 Order failure | productId=11234 | userId=2749 | quantity=898 | status=FAILED | reason=Insufficient quantity for product id: 11234. Requested: 898, available: 0
2026-07-28T19:16:18.884-04:00 Order failure | productId=1301 | userId=2750 | quantity=542 | status=FAILED | reason=Insufficient quantity for product id: 1301. Requested: 542, available: 0
2026-07-28T19:16:18.890-04:00 Order failure | productId=11234 | userId=2751 | quantity=16 | status=FAILED | reason=Insufficient quantity for product id: 11234. Requested: 16, available: 0
2026-07-28T19:16:18.894-04:00 Order failure | productId=1301 | userId=2752 | quantity=697 | status=FAILED | reason=Insufficient quantity for product id: 1301. Requested: 697, available: 0
2026-07-28T19:16:18.900-04:00 Order failure | productId=1301 | userId=2753 | quantity=267 | status=FAILED | reason=Insufficient quantity for product id: 1301. Requested: 267, available: 0
2026-07-28T19:16:18.905-04:00 Order failure | productId=11234 | userId=2754 | quantity=833 | status=FAILED | reason=Insufficient quantity for product id: 11234. Requested: 833, available: 0
2026-07-28T19:16:18.910-04:00 Order failure | productId=11234 | userId=2755 | quantity=502 | status=FAILED | reason=Insufficient quantity for product id: 11234. Requested: 502, available: 0
2026-07-28T19:16:18.916-04:00 Order failure | productId=1301 | userId=2756 | quantity=423 | status=FAILED | reason=Insufficient quantity for product id: 1301. Requested: 423, available: 0
2026-07-28T19:16:18.920-04:00 Order failure | productId=11234 | userId=2757 | quantity=601 | status=FAILED | reason=Insufficient quantity for product id: 11234. Requested: 601, available: 0
2026-07-28T19:16:18.924-04:00 Order failure | productId=11234 | userId=2758 | quantity=29 | status=FAILED | reason=Insufficient quantity for product id: 11234. Requested: 29, available: 0
2026-07-28T19:16:18.937-04:00 Order failure | productId=1301 | userId=2760 | quantity=849 | status=FAILED | reason=Insufficient quantity for product id: 1301. Requested: 849, available: 0
2026-07-28T19:16:18.937-04:00 Order failure | productId=1301 | userId=2759 | quantity=353 | status=FAILED | reason=Insufficient quantity for product id: 1301. Requested: 353, available: 0
2026-07-28T19:16:18.940-04:00 Order failure | productId=11234 | userId=2761 | quantity=657 | status=FAILED | reason=Insufficient quantity for product id: 11234. Requested: 657, available: 0
2026-07-28T19:16:18.946-04:00 Order failure | productId=1301 | userId=2762 | quantity=146 | status=FAILED | reason=Insufficient quantity for product id: 1301. Requested: 146, available: 0
2026-07-28T19:16:18.950-04:00 Order failure | productId=11234 | userId=2763 | quantity=922 | status=FAILED | reason=Insufficient quantity for product id: 11234. Requested: 922, available: 0
2026-07-28T19:16:18.956-04:00 Order failure | productId=11234 | userId=2764 | quantity=296 | status=FAILED | reason=Insufficient quantity for product id: 11234. Requested: 296, available: 0
2026-07-28T19:16:18.961-04:00 Order failure | productId=1301 | userId=2765 | quantity=559 | status=FAILED | reason=Insufficient quantity for product id: 1301. Requested: 559, available: 0
2026-07-28T19:16:18.965-04:00 Order failure | productId=11234 | userId=2766 | quantity=306 | status=FAILED | reason=Insufficient quantity for product id: 11234. Requested: 306, available: 0
2026-07-28T19:16:18.971-04:00 Order failure | productId=1301 | userId=2767 | quantity=747 | status=FAILED | reason=Insufficient quantity for product id: 1301. Requested: 747, available: 0
2026-07-28T19:16:18.975-04:00 Order failure | productId=1301 | userId=2768 | quantity=529 | status=FAILED | reason=Insufficient quantity for product id: 1301. Requested: 529, available: 0
2026-07-28T19:16:18.981-04:00 Order failure | productId=11234 | userId=2769 | quantity=564 | status=FAILED | reason=Insufficient quantity for product id: 11234. Requested: 564, available: 0
2026-07-28T19:16:18.985-04:00 Order failure | productId=11234 | userId=2770 | quantity=323 | status=FAILED | reason=Insufficient quantity for product id: 11234. Requested: 323, available: 0
2026-07-28T19:16:18.993-04:00 Order failure | productId=11234 | userId=2771 | quantity=834 | status=FAILED | reason=Insufficient quantity for product id: 11234. Requested: 834, available: 0
2026-07-28T19:16:18.996-04:00 Order failure | productId=1301 | userId=2772 | quantity=506 | status=FAILED | reason=Insufficient quantity for product id: 1301. Requested: 506, available: 0
2026-07-28T19:16:19.000-04:00 Order failure | productId=11234 | userId=2773 | quantity=270 | status=FAILED | reason=Insufficient quantity for product id: 11234. Requested: 270, available: 0
2026-07-28T19:16:19.003-04:00 Order failure | productId=11234 | userId=2774 | quantity=959 | status=FAILED | reason=Insufficient quantity for product id: 11234. Requested: 959, available: 0
2026-07-28T19:16:19.010-04:00 Order failure | productId=1301 | userId=2775 | quantity=895 | status=FAILED | reason=Insufficient quantity for product id: 1301. Requested: 895, available: 0
2026-07-28T19:16:19.015-04:00 Order failure | productId=1301 | userId=2776 | quantity=373 | status=FAILED | reason=Insufficient quantity for product id: 1301. Requested: 373, available: 0
2026-07-28T19:16:19.021-04:00 Order failure | productId=11234 | userId=2777 | quantity=985 | status=FAILED | reason=Insufficient quantity for product id: 11234. Requested: 985, available: 0
2026-07-28T19:16:19.024-04:00 Order failure | productId=1301 | userId=2778 | quantity=611 | status=FAILED | reason=Insufficient quantity for product id: 1301. Requested: 611, available: 0
2026-07-28T19:16:19.030-04:00 Order failure | productId=11234 | userId=2779 | quantity=626 | status=FAILED | reason=Insufficient quantity for product id: 11234. Requested: 626, available: 0
2026-07-28T19:16:19.035-04:00 Order failure | productId=11234 | userId=2780 | quantity=646 | status=FAILED | reason=Insufficient quantity for product id: 11234. Requested: 646, available: 0
2026-07-28T19:16:19.041-04:00 Order failure | productId=1301 | userId=2781 | quantity=523 | status=FAILED | reason=Insufficient quantity for product id: 1301. Requested: 523, available: 0
2026-07-28T19:16:19.045-04:00 Order failure | productId=1301 | userId=2782 | quantity=48 | status=FAILED | reason=Insufficient quantity for product id: 1301. Requested: 48, available: 0
2026-07-28T19:16:19.051-04:00 Order failure | productId=11234 | userId=2783 | quantity=242 | status=FAILED | reason=Insufficient quantity for product id: 11234. Requested: 242, available: 0
2026-07-28T19:16:19.054-04:00 Order failure | productId=11234 | userId=2784 | quantity=406 | status=FAILED | reason=Insufficient quantity for product id: 11234. Requested: 406, available: 0
2026-07-28T19:16:19.060-04:00 Order failure | productId=1301 | userId=2785 | quantity=341 | status=FAILED | reason=Insufficient quantity for product id: 1301. Requested: 341, available: 0
2026-07-28T19:16:19.063-04:00 Order failure | productId=11234 | userId=2786 | quantity=732 | status=FAILED | reason=Insufficient quantity for product id: 11234. Requested: 732, available: 0
2026-07-28T19:16:19.070-04:00 Order failure | productId=11234 | userId=2787 | quantity=241 | status=FAILED | reason=Insufficient quantity for product id: 11234. Requested: 241, available: 0
2026-07-28T19:16:19.075-04:00 Order failure | productId=1301 | userId=2788 | quantity=872 | status=FAILED | reason=Insufficient quantity for product id: 1301. Requested: 872, available: 0
2026-07-28T19:16:19.080-04:00 Order failure | productId=1301 | userId=2789 | quantity=256 | status=FAILED | reason=Insufficient quantity for product id: 1301. Requested: 256, available: 0
2026-07-28T19:16:19.085-04:00 Order failure | productId=11234 | userId=2790 | quantity=823 | status=FAILED | reason=Insufficient quantity for product id: 11234. Requested: 823, available: 0
2026-07-28T19:16:19.089-04:00 Order failure | productId=11234 | userId=2791 | quantity=177 | status=FAILED | reason=Insufficient quantity for product id: 11234. Requested: 177, available: 0
2026-07-28T19:16:19.094-04:00 Order failure | productId=1301 | userId=2792 | quantity=655 | status=FAILED | reason=Insufficient quantity for product id: 1301. Requested: 655, available: 0
2026-07-28T19:16:19.099-04:00 Order failure | productId=1301 | userId=2793 | quantity=101 | status=FAILED | reason=Insufficient quantity for product id: 1301. Requested: 101, available: 0
2026-07-28T19:16:19.104-04:00 Order failure | productId=11234 | userId=2794 | quantity=887 | status=FAILED | reason=Insufficient quantity for product id: 11234. Requested: 887, available: 0
2026-07-28T19:16:19.109-04:00 Order failure | productId=1301 | userId=2795 | quantity=547 | status=FAILED | reason=Insufficient quantity for product id: 1301. Requested: 547, available: 0
2026-07-28T19:16:19.114-04:00 Order failure | productId=11234 | userId=2796 | quantity=601 | status=FAILED | reason=Insufficient quantity for product id: 11234. Requested: 601, available: 0
2026-07-28T19:16:19.121-04:00 Order failure | productId=11234 | userId=2797 | quantity=62 | status=FAILED | reason=Insufficient quantity for product id: 11234. Requested: 62, available: 0
2026-07-28T19:16:19.125-04:00 Order failure | productId=11234 | userId=2798 | quantity=997 | status=FAILED | reason=Insufficient quantity for product id: 11234. Requested: 997, available: 0
2026-07-28T19:16:19.129-04:00 Order failure | productId=11234 | userId=2799 | quantity=660 | status=FAILED | reason=Insufficient quantity for product id: 11234. Requested: 660, available: 0
2026-07-28T19:16:19.135-04:00 Order failure | productId=1301 | userId=2800 | quantity=698 | status=FAILED | reason=Insufficient quantity for product id: 1301. Requested: 698, available: 0
2026-07-28T19:16:19.140-04:00 Order failure | productId=1301 | userId=2801 | quantity=807 | status=FAILED | reason=Insufficient quantity for product id: 1301. Requested: 807, available: 0
2026-07-28T19:16:19.145-04:00 Order failure | productId=11234 | userId=2802 | quantity=610 | status=FAILED | reason=Insufficient quantity for product id: 11234. Requested: 610, available: 0
2026-07-28T19:16:19.150-04:00 Order failure | productId=1301 | userId=2803 | quantity=983 | status=FAILED | reason=Insufficient quantity for product id: 1301. Requested: 983, available: 0
2026-07-28T19:16:19.155-04:00 Order failure | productId=11234 | userId=2804 | quantity=917 | status=FAILED | reason=Insufficient quantity for product id: 11234. Requested: 917, available: 0
2026-07-28T19:16:19.160-04:00 Order failure | productId=1301 | userId=2805 | quantity=423 | status=FAILED | reason=Insufficient quantity for product id: 1301. Requested: 423, available: 0
2026-07-28T19:16:19.165-04:00 Order failure | productId=11234 | userId=2806 | quantity=157 | status=FAILED | reason=Insufficient quantity for product id: 11234. Requested: 157, available: 0
2026-07-28T19:16:19.170-04:00 Order failure | productId=1301 | userId=2807 | quantity=508 | status=FAILED | reason=Insufficient quantity for product id: 1301. Requested: 508, available: 0
2026-07-28T19:16:19.175-04:00 Order failure | productId=11234 | userId=2808 | quantity=352 | status=FAILED | reason=Insufficient quantity for product id: 11234. Requested: 352, available: 0
2026-07-28T19:16:19.179-04:00 Order failure | productId=1301 | userId=2809 | quantity=884 | status=FAILED | reason=Insufficient quantity for product id: 1301. Requested: 884, available: 0
2026-07-28T19:16:19.186-04:00 Order failure | productId=1301 | userId=2810 | quantity=284 | status=FAILED | reason=Insufficient quantity for product id: 1301. Requested: 284, available: 0
2026-07-28T19:16:19.191-04:00 Order failure | productId=11234 | userId=2811 | quantity=3 | status=FAILED | reason=Insufficient quantity for product id: 11234. Requested: 3, available: 0
2026-07-28T19:16:19.195-04:00 Order failure | productId=11234 | userId=2812 | quantity=118 | status=FAILED | reason=Insufficient quantity for product id: 11234. Requested: 118, available: 0
2026-07-28T19:16:19.200-04:00 Order failure | productId=11234 | userId=2813 | quantity=690 | status=FAILED | reason=Insufficient quantity for product id: 11234. Requested: 690, available: 0
2026-07-28T19:16:19.205-04:00 Order failure | productId=1301 | userId=2814 | quantity=190 | status=FAILED | reason=Insufficient quantity for product id: 1301. Requested: 190, available: 0
2026-07-28T19:16:19.209-04:00 Order failure | productId=11234 | userId=2815 | quantity=28 | status=FAILED | reason=Insufficient quantity for product id: 11234. Requested: 28, available: 0
2026-07-28T19:16:19.216-04:00 Order failure | productId=11234 | userId=2816 | quantity=638 | status=FAILED | reason=Insufficient quantity for product id: 11234. Requested: 638, available: 0
2026-07-28T19:16:19.219-04:00 Order failure | productId=1301 | userId=2817 | quantity=637 | status=FAILED | reason=Insufficient quantity for product id: 1301. Requested: 637, available: 0
2026-07-28T19:16:19.225-04:00 Order failure | productId=11234 | userId=2818 | quantity=943 | status=FAILED | reason=Insufficient quantity for product id: 11234. Requested: 943, available: 0
2026-07-28T19:16:19.230-04:00 Order failure | productId=11234 | userId=2819 | quantity=92 | status=FAILED | reason=Insufficient quantity for product id: 11234. Requested: 92, available: 0
2026-07-28T19:16:19.235-04:00 Order failure | productId=1301 | userId=2820 | quantity=591 | status=FAILED | reason=Insufficient quantity for product id: 1301. Requested: 591, available: 0
2026-07-28T19:16:19.239-04:00 Order failure | productId=1301 | userId=2821 | quantity=265 | status=FAILED | reason=Insufficient quantity for product id: 1301. Requested: 265, available: 0
2026-07-28T19:16:19.244-04:00 Order failure | productId=1301 | userId=2822 | quantity=685 | status=FAILED | reason=Insufficient quantity for product id: 1301. Requested: 685, available: 0
2026-07-28T19:16:19.250-04:00 Order failure | productId=1301 | userId=2823 | quantity=588 | status=FAILED | reason=Insufficient quantity for product id: 1301. Requested: 588, available: 0
2026-07-28T19:16:19.255-04:00 Order failure | productId=11234 | userId=2824 | quantity=150 | status=FAILED | reason=Insufficient quantity for product id: 11234. Requested: 150, available: 0
2026-07-28T19:16:19.260-04:00 Order failure | productId=11234 | userId=2825 | quantity=119 | status=FAILED | reason=Insufficient quantity for product id: 11234. Requested: 119, available: 0
2026-07-28T19:16:19.265-04:00 Order failure | productId=1301 | userId=2826 | quantity=117 | status=FAILED | reason=Insufficient quantity for product id: 1301. Requested: 117, available: 0
2026-07-28T19:16:19.270-04:00 Order failure | productId=11234 | userId=2827 | quantity=652 | status=FAILED | reason=Insufficient quantity for product id: 11234. Requested: 652, available: 0
2026-07-28T19:16:19.275-04:00 Order failure | productId=11234 | userId=2828 | quantity=401 | status=FAILED | reason=Insufficient quantity for product id: 11234. Requested: 401, available: 0
2026-07-28T19:16:19.280-04:00 Order failure | productId=1301 | userId=2829 | quantity=437 | status=FAILED | reason=Insufficient quantity for product id: 1301. Requested: 437, available: 0
2026-07-28T19:16:19.284-04:00 Order failure | productId=11234 | userId=2830 | quantity=627 | status=FAILED | reason=Insufficient quantity for product id: 11234. Requested: 627, available: 0
2026-07-28T19:16:19.290-04:00 Order failure | productId=1301 | userId=2831 | quantity=1 | status=FAILED | reason=Insufficient quantity for product id: 1301. Requested: 1, available: 0
2026-07-28T19:16:19.294-04:00 Order failure | productId=1301 | userId=2832 | quantity=744 | status=FAILED | reason=Insufficient quantity for product id: 1301. Requested: 744, available: 0
2026-07-28T19:16:19.300-04:00 Order failure | productId=11234 | userId=2833 | quantity=303 | status=FAILED | reason=Insufficient quantity for product id: 11234. Requested: 303, available: 0
2026-07-28T19:16:19.304-04:00 Order failure | productId=1301 | userId=2834 | quantity=840 | status=FAILED | reason=Insufficient quantity for product id: 1301. Requested: 840, available: 0
2026-07-28T19:16:19.311-04:00 Order failure | productId=11234 | userId=2835 | quantity=801 | status=FAILED | reason=Insufficient quantity for product id: 11234. Requested: 801, available: 0
2026-07-28T19:16:19.316-04:00 Order failure | productId=11234 | userId=2836 | quantity=167 | status=FAILED | reason=Insufficient quantity for product id: 11234. Requested: 167, available: 0
2026-07-28T19:16:19.320-04:00 Order failure | productId=11234 | userId=2837 | quantity=158 | status=FAILED | reason=Insufficient quantity for product id: 11234. Requested: 158, available: 0
2026-07-28T19:16:19.325-04:00 Order failure | productId=1301 | userId=2838 | quantity=277 | status=FAILED | reason=Insufficient quantity for product id: 1301. Requested: 277, available: 0
2026-07-28T19:16:19.331-04:00 Order failure | productId=11234 | userId=2839 | quantity=386 | status=FAILED | reason=Insufficient quantity for product id: 11234. Requested: 386, available: 0
2026-07-28T19:16:19.335-04:00 Order failure | productId=11234 | userId=2840 | quantity=289 | status=FAILED | reason=Insufficient quantity for product id: 11234. Requested: 289, available: 0
2026-07-28T19:16:19.340-04:00 Order failure | productId=1301 | userId=2841 | quantity=464 | status=FAILED | reason=Insufficient quantity for product id: 1301. Requested: 464, available: 0
2026-07-28T19:16:19.346-04:00 Order failure | productId=1301 | userId=2842 | quantity=683 | status=FAILED | reason=Insufficient quantity for product id: 1301. Requested: 683, available: 0
2026-07-28T19:16:19.350-04:00 Order failure | productId=11234 | userId=2843 | quantity=57 | status=FAILED | reason=Insufficient quantity for product id: 11234. Requested: 57, available: 0
2026-07-28T19:16:19.355-04:00 Order failure | productId=1301 | userId=2844 | quantity=774 | status=FAILED | reason=Insufficient quantity for product id: 1301. Requested: 774, available: 0
2026-07-28T19:16:19.360-04:00 Order failure | productId=1301 | userId=2845 | quantity=854 | status=FAILED | reason=Insufficient quantity for product id: 1301. Requested: 854, available: 0
2026-07-28T19:16:19.366-04:00 Order failure | productId=11234 | userId=2846 | quantity=758 | status=FAILED | reason=Insufficient quantity for product id: 11234. Requested: 758, available: 0
2026-07-28T19:16:19.371-04:00 Order failure | productId=11234 | userId=2847 | quantity=190 | status=FAILED | reason=Insufficient quantity for product id: 11234. Requested: 190, available: 0
2026-07-28T19:16:19.375-04:00 Order failure | productId=11234 | userId=2848 | quantity=246 | status=FAILED | reason=Insufficient quantity for product id: 11234. Requested: 246, available: 0
2026-07-28T19:16:19.380-04:00 Order failure | productId=1301 | userId=2849 | quantity=301 | status=FAILED | reason=Insufficient quantity for product id: 1301. Requested: 301, available: 0
2026-07-28T19:16:19.385-04:00 Order failure | productId=11234 | userId=2850 | quantity=307 | status=FAILED | reason=Insufficient quantity for product id: 11234. Requested: 307, available: 0
2026-07-28T19:16:19.390-04:00 Order failure | productId=1301 | userId=2851 | quantity=228 | status=FAILED | reason=Insufficient quantity for product id: 1301. Requested: 228, available: 0
2026-07-28T19:16:19.395-04:00 Order failure | productId=1301 | userId=2852 | quantity=249 | status=FAILED | reason=Insufficient quantity for product id: 1301. Requested: 249, available: 0
2026-07-28T19:16:19.400-04:00 Order failure | productId=1301 | userId=2853 | quantity=923 | status=FAILED | reason=Insufficient quantity for product id: 1301. Requested: 923, available: 0
2026-07-28T19:16:19.405-04:00 Order failure | productId=1301 | userId=2854 | quantity=783 | status=FAILED | reason=Insufficient quantity for product id: 1301. Requested: 783, available: 0
2026-07-28T19:16:19.411-04:00 Order failure | productId=11234 | userId=2855 | quantity=781 | status=FAILED | reason=Insufficient quantity for product id: 11234. Requested: 781, available: 0
2026-07-28T19:16:19.414-04:00 Order failure | productId=1301 | userId=2856 | quantity=842 | status=FAILED | reason=Insufficient quantity for product id: 1301. Requested: 842, available: 0
2026-07-28T19:16:19.419-04:00 Order failure | productId=1301 | userId=2857 | quantity=162 | status=FAILED | reason=Insufficient quantity for product id: 1301. Requested: 162, available: 0
2026-07-28T19:16:19.424-04:00 Order failure | productId=1301 | userId=2858 | quantity=446 | status=FAILED | reason=Insufficient quantity for product id: 1301. Requested: 446, available: 0
2026-07-28T19:16:19.430-04:00 Order failure | productId=11234 | userId=2859 | quantity=803 | status=FAILED | reason=Insufficient quantity for product id: 11234. Requested: 803, available: 0
2026-07-28T19:16:19.435-04:00 Order failure | productId=1301 | userId=2860 | quantity=493 | status=FAILED | reason=Insufficient quantity for product id: 1301. Requested: 493, available: 0
2026-07-28T19:16:19.439-04:00 Order failure | productId=11234 | userId=2861 | quantity=865 | status=FAILED | reason=Insufficient quantity for product id: 11234. Requested: 865, available: 0
2026-07-28T19:16:19.445-04:00 Order failure | productId=1301 | userId=2862 | quantity=192 | status=FAILED | reason=Insufficient quantity for product id: 1301. Requested: 192, available: 0
2026-07-28T19:16:19.451-04:00 Order failure | productId=11234 | userId=2863 | quantity=751 | status=FAILED | reason=Insufficient quantity for product id: 11234. Requested: 751, available: 0
2026-07-28T19:16:19.454-04:00 Order failure | productId=11234 | userId=2864 | quantity=49 | status=FAILED | reason=Insufficient quantity for product id: 11234. Requested: 49, available: 0
2026-07-28T19:16:19.460-04:00 Order failure | productId=1301 | userId=2865 | quantity=302 | status=FAILED | reason=Insufficient quantity for product id: 1301. Requested: 302, available: 0
2026-07-28T19:16:19.465-04:00 Order failure | productId=1301 | userId=2866 | quantity=53 | status=FAILED | reason=Insufficient quantity for product id: 1301. Requested: 53, available: 0
2026-07-28T19:16:19.469-04:00 Order failure | productId=1301 | userId=2867 | quantity=484 | status=FAILED | reason=Insufficient quantity for product id: 1301. Requested: 484, available: 0
2026-07-28T19:16:19.476-04:00 Order failure | productId=1301 | userId=2868 | quantity=56 | status=FAILED | reason=Insufficient quantity for product id: 1301. Requested: 56, available: 0
2026-07-28T19:16:19.480-04:00 Order failure | productId=11234 | userId=2869 | quantity=334 | status=FAILED | reason=Insufficient quantity for product id: 11234. Requested: 334, available: 0
2026-07-28T19:16:19.485-04:00 Order failure | productId=1301 | userId=2870 | quantity=645 | status=FAILED | reason=Insufficient quantity for product id: 1301. Requested: 645, available: 0
2026-07-28T19:16:19.490-04:00 Order failure | productId=11234 | userId=2871 | quantity=382 | status=FAILED | reason=Insufficient quantity for product id: 11234. Requested: 382, available: 0
2026-07-28T19:16:19.495-04:00 Order failure | productId=11234 | userId=2872 | quantity=722 | status=FAILED | reason=Insufficient quantity for product id: 11234. Requested: 722, available: 0
2026-07-28T19:16:19.500-04:00 Order failure | productId=1301 | userId=2873 | quantity=286 | status=FAILED | reason=Insufficient quantity for product id: 1301. Requested: 286, available: 0
2026-07-28T19:16:19.504-04:00 Order failure | productId=11234 | userId=2874 | quantity=514 | status=FAILED | reason=Insufficient quantity for product id: 11234. Requested: 514, available: 0
2026-07-28T19:16:19.510-04:00 Order failure | productId=11234 | userId=2875 | quantity=179 | status=FAILED | reason=Insufficient quantity for product id: 11234. Requested: 179, available: 0
2026-07-28T19:16:19.514-04:00 Order failure | productId=1301 | userId=2876 | quantity=594 | status=FAILED | reason=Insufficient quantity for product id: 1301. Requested: 594, available: 0
2026-07-28T19:16:19.520-04:00 Order failure | productId=1301 | userId=2877 | quantity=180 | status=FAILED | reason=Insufficient quantity for product id: 1301. Requested: 180, available: 0
2026-07-28T19:16:19.525-04:00 Order failure | productId=11234 | userId=2878 | quantity=656 | status=FAILED | reason=Insufficient quantity for product id: 11234. Requested: 656, available: 0
2026-07-28T19:16:19.529-04:00 Order failure | productId=1301 | userId=2879 | quantity=641 | status=FAILED | reason=Insufficient quantity for product id: 1301. Requested: 641, available: 0
2026-07-28T19:16:19.535-04:00 Order failure | productId=1301 | userId=2880 | quantity=304 | status=FAILED | reason=Insufficient quantity for product id: 1301. Requested: 304, available: 0
2026-07-28T19:16:19.540-04:00 Order failure | productId=1301 | userId=2881 | quantity=173 | status=FAILED | reason=Insufficient quantity for product id: 1301. Requested: 173, available: 0
2026-07-28T19:16:19.545-04:00 Order failure | productId=11234 | userId=2882 | quantity=760 | status=FAILED | reason=Insufficient quantity for product id: 11234. Requested: 760, available: 0
2026-07-28T19:16:19.550-04:00 Order failure | productId=11234 | userId=2883 | quantity=103 | status=FAILED | reason=Insufficient quantity for product id: 11234. Requested: 103, available: 0
2026-07-28T19:16:19.555-04:00 Order failure | productId=1301 | userId=2884 | quantity=700 | status=FAILED | reason=Insufficient quantity for product id: 1301. Requested: 700, available: 0
2026-07-28T19:16:19.560-04:00 Order failure | productId=11234 | userId=2885 | quantity=332 | status=FAILED | reason=Insufficient quantity for product id: 11234. Requested: 332, available: 0
2026-07-28T19:16:19.567-04:00 Order failure | productId=1301 | userId=2886 | quantity=918 | status=FAILED | reason=Insufficient quantity for product id: 1301. Requested: 918, available: 0
2026-07-28T19:16:19.568-04:00 Order failure | productId=11234 | userId=2887 | quantity=594 | status=FAILED | reason=Insufficient quantity for product id: 11234. Requested: 594, available: 0
2026-07-28T19:16:19.575-04:00 Order failure | productId=11234 | userId=2888 | quantity=222 | status=FAILED | reason=Insufficient quantity for product id: 11234. Requested: 222, available: 0
2026-07-28T19:16:19.580-04:00 Order failure | productId=1301 | userId=2889 | quantity=800 | status=FAILED | reason=Insufficient quantity for product id: 1301. Requested: 800, available: 0
2026-07-28T19:16:19.585-04:00 Order failure | productId=11234 | userId=2890 | quantity=532 | status=FAILED | reason=Insufficient quantity for product id: 11234. Requested: 532, available: 0
2026-07-28T19:16:19.589-04:00 Order failure | productId=1301 | userId=2891 | quantity=919 | status=FAILED | reason=Insufficient quantity for product id: 1301. Requested: 919, available: 0
2026-07-28T19:16:19.595-04:00 Order failure | productId=11234 | userId=2892 | quantity=285 | status=FAILED | reason=Insufficient quantity for product id: 11234. Requested: 285, available: 0
2026-07-28T19:16:19.600-04:00 Order failure | productId=1301 | userId=2893 | quantity=988 | status=FAILED | reason=Insufficient quantity for product id: 1301. Requested: 988, available: 0
2026-07-28T19:16:19.605-04:00 Order failure | productId=11234 | userId=2894 | quantity=693 | status=FAILED | reason=Insufficient quantity for product id: 11234. Requested: 693, available: 0
2026-07-28T19:16:19.610-04:00 Order failure | productId=1301 | userId=2895 | quantity=103 | status=FAILED | reason=Insufficient quantity for product id: 1301. Requested: 103, available: 0
2026-07-28T19:16:19.614-04:00 Order failure | productId=1301 | userId=2896 | quantity=598 | status=FAILED | reason=Insufficient quantity for product id: 1301. Requested: 598, available: 0
2026-07-28T19:16:19.619-04:00 Order failure | productId=1301 | userId=2897 | quantity=49 | status=FAILED | reason=Insufficient quantity for product id: 1301. Requested: 49, available: 0
2026-07-28T19:16:19.624-04:00 Order failure | productId=11234 | userId=2898 | quantity=571 | status=FAILED | reason=Insufficient quantity for product id: 11234. Requested: 571, available: 0
2026-07-28T19:16:19.629-04:00 Order failure | productId=1301 | userId=2899 | quantity=502 | status=FAILED | reason=Insufficient quantity for product id: 1301. Requested: 502, available: 0
2026-07-28T19:16:19.636-04:00 Order failure | productId=11234 | userId=2900 | quantity=819 | status=FAILED | reason=Insufficient quantity for product id: 11234. Requested: 819, available: 0
2026-07-28T19:16:19.639-04:00 Order failure | productId=11234 | userId=2901 | quantity=801 | status=FAILED | reason=Insufficient quantity for product id: 11234. Requested: 801, available: 0
2026-07-28T19:16:19.645-04:00 Order failure | productId=11234 | userId=2902 | quantity=77 | status=FAILED | reason=Insufficient quantity for product id: 11234. Requested: 77, available: 0
2026-07-28T19:16:19.651-04:00 Order failure | productId=1301 | userId=2903 | quantity=424 | status=FAILED | reason=Insufficient quantity for product id: 1301. Requested: 424, available: 0
2026-07-28T19:16:19.655-04:00 Order failure | productId=11234 | userId=2904 | quantity=495 | status=FAILED | reason=Insufficient quantity for product id: 11234. Requested: 495, available: 0
2026-07-28T19:16:19.660-04:00 Order failure | productId=11234 | userId=2905 | quantity=776 | status=FAILED | reason=Insufficient quantity for product id: 11234. Requested: 776, available: 0
2026-07-28T19:16:19.665-04:00 Order failure | productId=11234 | userId=2906 | quantity=387 | status=FAILED | reason=Insufficient quantity for product id: 11234. Requested: 387, available: 0
2026-07-28T19:16:19.670-04:00 Order failure | productId=1301 | userId=2907 | quantity=430 | status=FAILED | reason=Insufficient quantity for product id: 1301. Requested: 430, available: 0
2026-07-28T19:16:19.675-04:00 Order failure | productId=1301 | userId=2908 | quantity=483 | status=FAILED | reason=Insufficient quantity for product id: 1301. Requested: 483, available: 0
2026-07-28T19:16:19.680-04:00 Order failure | productId=11234 | userId=2909 | quantity=95 | status=FAILED | reason=Insufficient quantity for product id: 11234. Requested: 95, available: 0
2026-07-28T19:16:19.684-04:00 Order failure | productId=11234 | userId=2910 | quantity=748 | status=FAILED | reason=Insufficient quantity for product id: 11234. Requested: 748, available: 0
2026-07-28T19:16:19.690-04:00 Order failure | productId=11234 | userId=2911 | quantity=969 | status=FAILED | reason=Insufficient quantity for product id: 11234. Requested: 969, available: 0
2026-07-28T19:16:19.695-04:00 Order failure | productId=1301 | userId=2912 | quantity=475 | status=FAILED | reason=Insufficient quantity for product id: 1301. Requested: 475, available: 0
2026-07-28T19:16:19.700-04:00 Order failure | productId=1301 | userId=2913 | quantity=306 | status=FAILED | reason=Insufficient quantity for product id: 1301. Requested: 306, available: 0
2026-07-28T19:16:19.705-04:00 Order failure | productId=11234 | userId=2914 | quantity=726 | status=FAILED | reason=Insufficient quantity for product id: 11234. Requested: 726, available: 0
2026-07-28T19:16:19.710-04:00 Order failure | productId=1301 | userId=2915 | quantity=728 | status=FAILED | reason=Insufficient quantity for product id: 1301. Requested: 728, available: 0
2026-07-28T19:16:19.715-04:00 Order failure | productId=1301 | userId=2916 | quantity=524 | status=FAILED | reason=Insufficient quantity for product id: 1301. Requested: 524, available: 0
2026-07-28T19:16:19.720-04:00 Order failure | productId=1301 | userId=2917 | quantity=754 | status=FAILED | reason=Insufficient quantity for product id: 1301. Requested: 754, available: 0
2026-07-28T19:16:19.725-04:00 Order failure | productId=1301 | userId=2918 | quantity=443 | status=FAILED | reason=Insufficient quantity for product id: 1301. Requested: 443, available: 0
2026-07-28T19:16:19.732-04:00 Order failure | productId=11234 | userId=2919 | quantity=275 | status=FAILED | reason=Insufficient quantity for product id: 11234. Requested: 275, available: 0
2026-07-28T19:16:19.737-04:00 Order failure | productId=1301 | userId=2920 | quantity=160 | status=FAILED | reason=Insufficient quantity for product id: 1301. Requested: 160, available: 0
2026-07-28T19:16:19.743-04:00 Order failure | productId=11234 | userId=2921 | quantity=998 | status=FAILED | reason=Insufficient quantity for product id: 11234. Requested: 998, available: 0
2026-07-28T19:16:19.747-04:00 Order failure | productId=1301 | userId=2922 | quantity=263 | status=FAILED | reason=Insufficient quantity for product id: 1301. Requested: 263, available: 0
2026-07-28T19:16:19.752-04:00 Order failure | productId=1301 | userId=2923 | quantity=1 | status=FAILED | reason=Insufficient quantity for product id: 1301. Requested: 1, available: 0
2026-07-28T19:16:19.757-04:00 Order failure | productId=1301 | userId=2924 | quantity=300 | status=FAILED | reason=Insufficient quantity for product id: 1301. Requested: 300, available: 0
2026-07-28T19:16:19.760-04:00 Order failure | productId=1301 | userId=2925 | quantity=926 | status=FAILED | reason=Insufficient quantity for product id: 1301. Requested: 926, available: 0
2026-07-28T19:16:19.766-04:00 Order failure | productId=11234 | userId=2926 | quantity=503 | status=FAILED | reason=Insufficient quantity for product id: 11234. Requested: 503, available: 0
2026-07-28T19:16:19.771-04:00 Order failure | productId=11234 | userId=2927 | quantity=740 | status=FAILED | reason=Insufficient quantity for product id: 11234. Requested: 740, available: 0
2026-07-28T19:16:19.776-04:00 Order failure | productId=11234 | userId=2928 | quantity=975 | status=FAILED | reason=Insufficient quantity for product id: 11234. Requested: 975, available: 0
2026-07-28T19:16:19.781-04:00 Order failure | productId=11234 | userId=2929 | quantity=669 | status=FAILED | reason=Insufficient quantity for product id: 11234. Requested: 669, available: 0
2026-07-28T19:16:19.787-04:00 Order failure | productId=11234 | userId=2930 | quantity=570 | status=FAILED | reason=Insufficient quantity for product id: 11234. Requested: 570, available: 0
2026-07-28T19:16:19.791-04:00 Order failure | productId=1301 | userId=2931 | quantity=484 | status=FAILED | reason=Insufficient quantity for product id: 1301. Requested: 484, available: 0
2026-07-28T19:16:19.795-04:00 Order failure | productId=11234 | userId=2932 | quantity=91 | status=FAILED | reason=Insufficient quantity for product id: 11234. Requested: 91, available: 0
2026-07-28T19:16:19.801-04:00 Order failure | productId=11234 | userId=2933 | quantity=642 | status=FAILED | reason=Insufficient quantity for product id: 11234. Requested: 642, available: 0
2026-07-28T19:16:19.805-04:00 Order failure | productId=1301 | userId=2934 | quantity=909 | status=FAILED | reason=Insufficient quantity for product id: 1301. Requested: 909, available: 0
2026-07-28T19:16:19.810-04:00 Order failure | productId=11234 | userId=2935 | quantity=271 | status=FAILED | reason=Insufficient quantity for product id: 11234. Requested: 271, available: 0
2026-07-28T19:16:19.817-04:00 Order failure | productId=11234 | userId=2936 | quantity=522 | status=FAILED | reason=Insufficient quantity for product id: 11234. Requested: 522, available: 0
2026-07-28T19:16:19.819-04:00 Order failure | productId=11234 | userId=2937 | quantity=443 | status=FAILED | reason=Insufficient quantity for product id: 11234. Requested: 443, available: 0
2026-07-28T19:16:19.823-04:00 Order failure | productId=1301 | userId=2938 | quantity=296 | status=FAILED | reason=Insufficient quantity for product id: 1301. Requested: 296, available: 0
2026-07-28T19:16:19.830-04:00 Order failure | productId=11234 | userId=2939 | quantity=138 | status=FAILED | reason=Insufficient quantity for product id: 11234. Requested: 138, available: 0
2026-07-28T19:16:19.834-04:00 Order failure | productId=11234 | userId=2940 | quantity=905 | status=FAILED | reason=Insufficient quantity for product id: 11234. Requested: 905, available: 0
2026-07-28T19:16:19.840-04:00 Order failure | productId=11234 | userId=2941 | quantity=774 | status=FAILED | reason=Insufficient quantity for product id: 11234. Requested: 774, available: 0
2026-07-28T19:16:19.846-04:00 Order failure | productId=11234 | userId=2942 | quantity=773 | status=FAILED | reason=Insufficient quantity for product id: 11234. Requested: 773, available: 0
2026-07-28T19:16:19.850-04:00 Order failure | productId=1301 | userId=2943 | quantity=541 | status=FAILED | reason=Insufficient quantity for product id: 1301. Requested: 541, available: 0
2026-07-28T19:16:19.854-04:00 Order failure | productId=11234 | userId=2944 | quantity=656 | status=FAILED | reason=Insufficient quantity for product id: 11234. Requested: 656, available: 0
2026-07-28T19:16:19.859-04:00 Order failure | productId=1301 | userId=2945 | quantity=704 | status=FAILED | reason=Insufficient quantity for product id: 1301. Requested: 704, available: 0
2026-07-28T19:16:19.865-04:00 Order failure | productId=1301 | userId=2946 | quantity=585 | status=FAILED | reason=Insufficient quantity for product id: 1301. Requested: 585, available: 0
2026-07-28T19:16:19.871-04:00 Order failure | productId=1301 | userId=2947 | quantity=239 | status=FAILED | reason=Insufficient quantity for product id: 1301. Requested: 239, available: 0
2026-07-28T19:16:19.875-04:00 Order failure | productId=11234 | userId=2948 | quantity=751 | status=FAILED | reason=Insufficient quantity for product id: 11234. Requested: 751, available: 0
2026-07-28T19:16:19.880-04:00 Order failure | productId=11234 | userId=2949 | quantity=12 | status=FAILED | reason=Insufficient quantity for product id: 11234. Requested: 12, available: 0
2026-07-28T19:16:19.884-04:00 Order failure | productId=1301 | userId=2950 | quantity=912 | status=FAILED | reason=Insufficient quantity for product id: 1301. Requested: 912, available: 0
2026-07-28T19:16:19.891-04:00 Order failure | productId=1301 | userId=2951 | quantity=826 | status=FAILED | reason=Insufficient quantity for product id: 1301. Requested: 826, available: 0
2026-07-28T19:16:19.894-04:00 Order failure | productId=11234 | userId=2952 | quantity=673 | status=FAILED | reason=Insufficient quantity for product id: 11234. Requested: 673, available: 0
2026-07-28T19:16:19.901-04:00 Order failure | productId=11234 | userId=2953 | quantity=551 | status=FAILED | reason=Insufficient quantity for product id: 11234. Requested: 551, available: 0
2026-07-28T19:16:19.904-04:00 Order failure | productId=11234 | userId=2954 | quantity=88 | status=FAILED | reason=Insufficient quantity for product id: 11234. Requested: 88, available: 0
2026-07-28T19:16:19.909-04:00 Order failure | productId=11234 | userId=2955 | quantity=626 | status=FAILED | reason=Insufficient quantity for product id: 11234. Requested: 626, available: 0
2026-07-28T19:16:19.914-04:00 Order failure | productId=11234 | userId=2956 | quantity=735 | status=FAILED | reason=Insufficient quantity for product id: 11234. Requested: 735, available: 0
2026-07-28T19:16:19.920-04:00 Order failure | productId=1301 | userId=2957 | quantity=679 | status=FAILED | reason=Insufficient quantity for product id: 1301. Requested: 679, available: 0
2026-07-28T19:16:19.926-04:00 Order failure | productId=1301 | userId=2958 | quantity=651 | status=FAILED | reason=Insufficient quantity for product id: 1301. Requested: 651, available: 0
2026-07-28T19:16:19.930-04:00 Order failure | productId=1301 | userId=2959 | quantity=303 | status=FAILED | reason=Insufficient quantity for product id: 1301. Requested: 303, available: 0
2026-07-28T19:16:19.935-04:00 Order failure | productId=11234 | userId=2960 | quantity=353 | status=FAILED | reason=Insufficient quantity for product id: 11234. Requested: 353, available: 0
2026-07-28T19:16:19.939-04:00 Order failure | productId=11234 | userId=2961 | quantity=694 | status=FAILED | reason=Insufficient quantity for product id: 11234. Requested: 694, available: 0
2026-07-28T19:16:19.945-04:00 Order failure | productId=1301 | userId=2962 | quantity=723 | status=FAILED | reason=Insufficient quantity for product id: 1301. Requested: 723, available: 0
2026-07-28T19:16:19.950-04:00 Order failure | productId=11234 | userId=2963 | quantity=925 | status=FAILED | reason=Insufficient quantity for product id: 11234. Requested: 925, available: 0
2026-07-28T19:16:19.955-04:00 Order failure | productId=11234 | userId=2964 | quantity=802 | status=FAILED | reason=Insufficient quantity for product id: 11234. Requested: 802, available: 0
2026-07-28T19:16:19.960-04:00 Order failure | productId=1301 | userId=2965 | quantity=145 | status=FAILED | reason=Insufficient quantity for product id: 1301. Requested: 145, available: 0
2026-07-28T19:16:19.965-04:00 Order failure | productId=1301 | userId=2966 | quantity=230 | status=FAILED | reason=Insufficient quantity for product id: 1301. Requested: 230, available: 0
2026-07-28T19:16:19.969-04:00 Order failure | productId=1301 | userId=2967 | quantity=229 | status=FAILED | reason=Insufficient quantity for product id: 1301. Requested: 229, available: 0
2026-07-28T19:16:19.977-04:00 Order failure | productId=1301 | userId=2968 | quantity=784 | status=FAILED | reason=Insufficient quantity for product id: 1301. Requested: 784, available: 0
2026-07-28T19:16:19.981-04:00 Order failure | productId=1301 | userId=2969 | quantity=740 | status=FAILED | reason=Insufficient quantity for product id: 1301. Requested: 740, available: 0
2026-07-28T19:16:19.985-04:00 Order failure | productId=1301 | userId=2970 | quantity=268 | status=FAILED | reason=Insufficient quantity for product id: 1301. Requested: 268, available: 0
2026-07-28T19:16:19.991-04:00 Order failure | productId=11234 | userId=2971 | quantity=367 | status=FAILED | reason=Insufficient quantity for product id: 11234. Requested: 367, available: 0
2026-07-28T19:16:19.993-04:00 Order failure | productId=11234 | userId=2972 | quantity=855 | status=FAILED | reason=Insufficient quantity for product id: 11234. Requested: 855, available: 0
2026-07-28T19:16:20.000-04:00 Order failure | productId=11234 | userId=2973 | quantity=65 | status=FAILED | reason=Insufficient quantity for product id: 11234. Requested: 65, available: 0
2026-07-28T19:16:20.003-04:00 Order failure | productId=1301 | userId=2974 | quantity=248 | status=FAILED | reason=Insufficient quantity for product id: 1301. Requested: 248, available: 0
2026-07-28T19:16:20.010-04:00 Order failure | productId=11234 | userId=2975 | quantity=905 | status=FAILED | reason=Insufficient quantity for product id: 11234. Requested: 905, available: 0
2026-07-28T19:16:20.014-04:00 Order failure | productId=1301 | userId=2976 | quantity=77 | status=FAILED | reason=Insufficient quantity for product id: 1301. Requested: 77, available: 0
2026-07-28T19:16:20.021-04:00 Order failure | productId=1301 | userId=2977 | quantity=934 | status=FAILED | reason=Insufficient quantity for product id: 1301. Requested: 934, available: 0
2026-07-28T19:16:20.026-04:00 Order failure | productId=1301 | userId=2978 | quantity=336 | status=FAILED | reason=Insufficient quantity for product id: 1301. Requested: 336, available: 0
2026-07-28T19:16:20.030-04:00 Order failure | productId=11234 | userId=2979 | quantity=947 | status=FAILED | reason=Insufficient quantity for product id: 11234. Requested: 947, available: 0
2026-07-28T19:16:20.035-04:00 Order failure | productId=1301 | userId=2980 | quantity=438 | status=FAILED | reason=Insufficient quantity for product id: 1301. Requested: 438, available: 0
2026-07-28T19:16:20.040-04:00 Order failure | productId=1301 | userId=2981 | quantity=174 | status=FAILED | reason=Insufficient quantity for product id: 1301. Requested: 174, available: 0
2026-07-28T19:16:20.046-04:00 Order failure | productId=11234 | userId=2982 | quantity=767 | status=FAILED | reason=Insufficient quantity for product id: 11234. Requested: 767, available: 0
2026-07-28T19:16:20.050-04:00 Order failure | productId=1301 | userId=2983 | quantity=552 | status=FAILED | reason=Insufficient quantity for product id: 1301. Requested: 552, available: 0
2026-07-28T19:16:20.056-04:00 Order failure | productId=1301 | userId=2984 | quantity=779 | status=FAILED | reason=Insufficient quantity for product id: 1301. Requested: 779, available: 0
2026-07-28T19:16:20.061-04:00 Order failure | productId=1301 | userId=2985 | quantity=802 | status=FAILED | reason=Insufficient quantity for product id: 1301. Requested: 802, available: 0
2026-07-28T19:16:20.066-04:00 Order failure | productId=1301 | userId=2986 | quantity=604 | status=FAILED | reason=Insufficient quantity for product id: 1301. Requested: 604, available: 0
2026-07-28T19:16:20.069-04:00 Order failure | productId=11234 | userId=2987 | quantity=686 | status=FAILED | reason=Insufficient quantity for product id: 11234. Requested: 686, available: 0
2026-07-28T19:16:20.074-04:00 Order failure | productId=1301 | userId=2988 | quantity=717 | status=FAILED | reason=Insufficient quantity for product id: 1301. Requested: 717, available: 0
2026-07-28T19:16:20.080-04:00 Order failure | productId=11234 | userId=2989 | quantity=867 | status=FAILED | reason=Insufficient quantity for product id: 11234. Requested: 867, available: 0
2026-07-28T19:16:20.084-04:00 Order failure | productId=1301 | userId=2990 | quantity=634 | status=FAILED | reason=Insufficient quantity for product id: 1301. Requested: 634, available: 0
2026-07-28T19:16:20.090-04:00 Order failure | productId=1301 | userId=2991 | quantity=556 | status=FAILED | reason=Insufficient quantity for product id: 1301. Requested: 556, available: 0
2026-07-28T19:16:20.094-04:00 Order failure | productId=11234 | userId=2992 | quantity=929 | status=FAILED | reason=Insufficient quantity for product id: 11234. Requested: 929, available: 0
2026-07-28T19:16:20.099-04:00 Order failure | productId=11234 | userId=2993 | quantity=856 | status=FAILED | reason=Insufficient quantity for product id: 11234. Requested: 856, available: 0
2026-07-28T19:16:20.104-04:00 Order failure | productId=1301 | userId=2994 | quantity=426 | status=FAILED | reason=Insufficient quantity for product id: 1301. Requested: 426, available: 0
2026-07-28T19:16:20.109-04:00 Order failure | productId=1301 | userId=2995 | quantity=116 | status=FAILED | reason=Insufficient quantity for product id: 1301. Requested: 116, available: 0
2026-07-28T19:16:20.115-04:00 Order failure | productId=1301 | userId=2996 | quantity=186 | status=FAILED | reason=Insufficient quantity for product id: 1301. Requested: 186, available: 0
2026-07-28T19:16:20.119-04:00 Order failure | productId=11234 | userId=2997 | quantity=330 | status=FAILED | reason=Insufficient quantity for product id: 11234. Requested: 330, available: 0
2026-07-28T19:16:20.124-04:00 Order failure | productId=1301 | userId=2998 | quantity=840 | status=FAILED | reason=Insufficient quantity for product id: 1301. Requested: 840, available: 0
2026-07-28T19:16:20.130-04:00 Order failure | productId=1301 | userId=2999 | quantity=358 | status=FAILED | reason=Insufficient quantity for product id: 1301. Requested: 358, available: 0
2026-07-28T19:16:20.135-04:00 Order failure | productId=11234 | userId=3000 | quantity=145 | status=FAILED | reason=Insufficient quantity for product id: 11234. Requested: 145, available: 0
2026-07-28T19:16:20.139-04:00 Order failure | productId=11234 | userId=3001 | quantity=490 | status=FAILED | reason=Insufficient quantity for product id: 11234. Requested: 490, available: 0
2026-07-28T19:16:20.145-04:00 Order failure | productId=11234 | userId=3002 | quantity=257 | status=FAILED | reason=Insufficient quantity for product id: 11234. Requested: 257, available: 0
2026-07-28T19:16:20.150-04:00 Order failure | productId=1301 | userId=3003 | quantity=418 | status=FAILED | reason=Insufficient quantity for product id: 1301. Requested: 418, available: 0
2026-07-28T19:16:20.155-04:00 Order failure | productId=11234 | userId=3004 | quantity=944 | status=FAILED | reason=Insufficient quantity for product id: 11234. Requested: 944, available: 0
2026-07-28T19:16:20.163-04:00 Order failure | productId=11234 | userId=3005 | quantity=970 | status=FAILED | reason=Insufficient quantity for product id: 11234. Requested: 970, available: 0
2026-07-28T19:16:20.168-04:00 Order failure | productId=11234 | userId=3006 | quantity=975 | status=FAILED | reason=Insufficient quantity for product id: 11234. Requested: 975, available: 0
2026-07-28T19:16:20.173-04:00 Order failure | productId=1301 | userId=3007 | quantity=180 | status=FAILED | reason=Insufficient quantity for product id: 1301. Requested: 180, available: 0
2026-07-28T19:16:20.177-04:00 Order failure | productId=1301 | userId=3008 | quantity=725 | status=FAILED | reason=Insufficient quantity for product id: 1301. Requested: 725, available: 0
2026-07-28T19:16:20.183-04:00 Order failure | productId=1301 | userId=3009 | quantity=218 | status=FAILED | reason=Insufficient quantity for product id: 1301. Requested: 218, available: 0
2026-07-28T19:16:20.187-04:00 Order failure | productId=1301 | userId=3010 | quantity=743 | status=FAILED | reason=Insufficient quantity for product id: 1301. Requested: 743, available: 0
2026-07-28T19:16:20.193-04:00 Order failure | productId=11234 | userId=3011 | quantity=512 | status=FAILED | reason=Insufficient quantity for product id: 11234. Requested: 512, available: 0
2026-07-28T19:16:20.196-04:00 Order failure | productId=11234 | userId=3012 | quantity=112 | status=FAILED | reason=Insufficient quantity for product id: 11234. Requested: 112, available: 0
2026-07-28T19:16:20.203-04:00 Order failure | productId=11234 | userId=3013 | quantity=306 | status=FAILED | reason=Insufficient quantity for product id: 11234. Requested: 306, available: 0
2026-07-28T19:16:20.207-04:00 Order failure | productId=1301 | userId=3014 | quantity=323 | status=FAILED | reason=Insufficient quantity for product id: 1301. Requested: 323, available: 0
2026-07-28T19:16:20.212-04:00 Order failure | productId=1301 | userId=3015 | quantity=859 | status=FAILED | reason=Insufficient quantity for product id: 1301. Requested: 859, available: 0
2026-07-28T19:16:20.217-04:00 Order failure | productId=11234 | userId=3016 | quantity=400 | status=FAILED | reason=Insufficient quantity for product id: 11234. Requested: 400, available: 0
2026-07-28T19:16:20.222-04:00 Order failure | productId=11234 | userId=3017 | quantity=705 | status=FAILED | reason=Insufficient quantity for product id: 11234. Requested: 705, available: 0
2026-07-28T19:16:20.226-04:00 Order failure | productId=1301 | userId=3018 | quantity=958 | status=FAILED | reason=Insufficient quantity for product id: 1301. Requested: 958, available: 0
2026-07-28T19:16:20.230-04:00 Order failure | productId=1301 | userId=3019 | quantity=926 | status=FAILED | reason=Insufficient quantity for product id: 1301. Requested: 926, available: 0
2026-07-28T19:16:20.235-04:00 Order failure | productId=1301 | userId=3020 | quantity=660 | status=FAILED | reason=Insufficient quantity for product id: 1301. Requested: 660, available: 0
2026-07-28T19:16:20.239-04:00 Order failure | productId=1301 | userId=3021 | quantity=288 | status=FAILED | reason=Insufficient quantity for product id: 1301. Requested: 288, available: 0
2026-07-28T19:16:20.247-04:00 Order failure | productId=11234 | userId=3022 | quantity=657 | status=FAILED | reason=Insufficient quantity for product id: 11234. Requested: 657, available: 0
2026-07-28T19:16:20.251-04:00 Order failure | productId=11234 | userId=3023 | quantity=235 | status=FAILED | reason=Insufficient quantity for product id: 11234. Requested: 235, available: 0
2026-07-28T19:16:20.255-04:00 Order failure | productId=11234 | userId=3024 | quantity=466 | status=FAILED | reason=Insufficient quantity for product id: 11234. Requested: 466, available: 0
2026-07-28T19:16:20.261-04:00 Order failure | productId=1301 | userId=3025 | quantity=783 | status=FAILED | reason=Insufficient quantity for product id: 1301. Requested: 783, available: 0
2026-07-28T19:16:20.265-04:00 Order failure | productId=11234 | userId=3026 | quantity=65 | status=FAILED | reason=Insufficient quantity for product id: 11234. Requested: 65, available: 0
2026-07-28T19:16:20.271-04:00 Order failure | productId=11234 | userId=3027 | quantity=726 | status=FAILED | reason=Insufficient quantity for product id: 11234. Requested: 726, available: 0
2026-07-28T19:16:20.274-04:00 Order failure | productId=11234 | userId=3028 | quantity=961 | status=FAILED | reason=Insufficient quantity for product id: 11234. Requested: 961, available: 0
2026-07-28T19:16:20.281-04:00 Order failure | productId=11234 | userId=3029 | quantity=998 | status=FAILED | reason=Insufficient quantity for product id: 11234. Requested: 998, available: 0
2026-07-28T19:16:20.284-04:00 Order failure | productId=1301 | userId=3030 | quantity=693 | status=FAILED | reason=Insufficient quantity for product id: 1301. Requested: 693, available: 0
2026-07-28T19:16:20.290-04:00 Order failure | productId=1301 | userId=3031 | quantity=586 | status=FAILED | reason=Insufficient quantity for product id: 1301. Requested: 586, available: 0
2026-07-28T19:16:20.295-04:00 Order failure | productId=11234 | userId=3032 | quantity=660 | status=FAILED | reason=Insufficient quantity for product id: 11234. Requested: 660, available: 0
2026-07-28T19:16:20.301-04:00 Order failure | productId=1301 | userId=3033 | quantity=878 | status=FAILED | reason=Insufficient quantity for product id: 1301. Requested: 878, available: 0
2026-07-28T19:16:20.305-04:00 Order failure | productId=11234 | userId=3034 | quantity=78 | status=FAILED | reason=Insufficient quantity for product id: 11234. Requested: 78, available: 0
2026-07-28T19:16:20.310-04:00 Order failure | productId=11234 | userId=3035 | quantity=196 | status=FAILED | reason=Insufficient quantity for product id: 11234. Requested: 196, available: 0
2026-07-28T19:16:20.316-04:00 Order failure | productId=1301 | userId=3036 | quantity=909 | status=FAILED | reason=Insufficient quantity for product id: 1301. Requested: 909, available: 0
2026-07-28T19:16:20.320-04:00 Order failure | productId=11234 | userId=3037 | quantity=963 | status=FAILED | reason=Insufficient quantity for product id: 11234. Requested: 963, available: 0
2026-07-28T19:16:20.325-04:00 Order failure | productId=1301 | userId=3038 | quantity=747 | status=FAILED | reason=Insufficient quantity for product id: 1301. Requested: 747, available: 0
2026-07-28T19:16:20.331-04:00 Order failure | productId=11234 | userId=3039 | quantity=759 | status=FAILED | reason=Insufficient quantity for product id: 11234. Requested: 759, available: 0
2026-07-28T19:16:20.337-04:00 Order failure | productId=1301 | userId=3040 | quantity=670 | status=FAILED | reason=Insufficient quantity for product id: 1301. Requested: 670, available: 0
2026-07-28T19:16:20.342-04:00 Order failure | productId=11234 | userId=3041 | quantity=20 | status=FAILED | reason=Insufficient quantity for product id: 11234. Requested: 20, available: 0
2026-07-28T19:16:20.348-04:00 Order failure | productId=11234 | userId=3042 | quantity=633 | status=FAILED | reason=Insufficient quantity for product id: 11234. Requested: 633, available: 0
2026-07-28T19:16:20.351-04:00 Order failure | productId=1301 | userId=3043 | quantity=14 | status=FAILED | reason=Insufficient quantity for product id: 1301. Requested: 14, available: 0
2026-07-28T19:16:20.357-04:00 Order failure | productId=1301 | userId=3044 | quantity=97 | status=FAILED | reason=Insufficient quantity for product id: 1301. Requested: 97, available: 0
2026-07-28T19:16:20.362-04:00 Order failure | productId=11234 | userId=3045 | quantity=501 | status=FAILED | reason=Insufficient quantity for product id: 11234. Requested: 501, available: 0
2026-07-28T19:16:20.368-04:00 Order failure | productId=11234 | userId=3046 | quantity=705 | status=FAILED | reason=Insufficient quantity for product id: 11234. Requested: 705, available: 0
2026-07-28T19:16:20.372-04:00 Order failure | productId=1301 | userId=3047 | quantity=303 | status=FAILED | reason=Insufficient quantity for product id: 1301. Requested: 303, available: 0
2026-07-28T19:16:20.376-04:00 Order failure | productId=11234 | userId=3048 | quantity=729 | status=FAILED | reason=Insufficient quantity for product id: 11234. Requested: 729, available: 0
2026-07-28T19:16:20.382-04:00 Order failure | productId=11234 | userId=3049 | quantity=388 | status=FAILED | reason=Insufficient quantity for product id: 11234. Requested: 388, available: 0
2026-07-28T19:16:20.386-04:00 Order failure | productId=1301 | userId=3050 | quantity=796 | status=FAILED | reason=Insufficient quantity for product id: 1301. Requested: 796, available: 0
2026-07-28T19:16:20.390-04:00 Order failure | productId=1301 | userId=3051 | quantity=316 | status=FAILED | reason=Insufficient quantity for product id: 1301. Requested: 316, available: 0
2026-07-28T19:16:20.395-04:00 Order failure | productId=11234 | userId=3052 | quantity=561 | status=FAILED | reason=Insufficient quantity for product id: 11234. Requested: 561, available: 0
2026-07-28T19:16:20.400-04:00 Order failure | productId=11234 | userId=3053 | quantity=637 | status=FAILED | reason=Insufficient quantity for product id: 11234. Requested: 637, available: 0
2026-07-28T19:16:20.406-04:00 Order failure | productId=11234 | userId=3054 | quantity=629 | status=FAILED | reason=Insufficient quantity for product id: 11234. Requested: 629, available: 0
2026-07-28T19:16:20.410-04:00 Order failure | productId=11234 | userId=3055 | quantity=229 | status=FAILED | reason=Insufficient quantity for product id: 11234. Requested: 229, available: 0
2026-07-28T19:16:20.417-04:00 Order failure | productId=1301 | userId=3056 | quantity=341 | status=FAILED | reason=Insufficient quantity for product id: 1301. Requested: 341, available: 0
2026-07-28T19:16:20.421-04:00 Order failure | productId=11234 | userId=3057 | quantity=678 | status=FAILED | reason=Insufficient quantity for product id: 11234. Requested: 678, available: 0
2026-07-28T19:16:20.426-04:00 Order failure | productId=11234 | userId=3058 | quantity=8 | status=FAILED | reason=Insufficient quantity for product id: 11234. Requested: 8, available: 0
2026-07-28T19:16:20.431-04:00 Order failure | productId=1301 | userId=3059 | quantity=993 | status=FAILED | reason=Insufficient quantity for product id: 1301. Requested: 993, available: 0
2026-07-28T19:16:20.436-04:00 Order failure | productId=11234 | userId=3060 | quantity=330 | status=FAILED | reason=Insufficient quantity for product id: 11234. Requested: 330, available: 0
2026-07-28T19:16:20.440-04:00 Order failure | productId=11234 | userId=3061 | quantity=537 | status=FAILED | reason=Insufficient quantity for product id: 11234. Requested: 537, available: 0
2026-07-28T19:16:20.445-04:00 Order failure | productId=1301 | userId=3062 | quantity=971 | status=FAILED | reason=Insufficient quantity for product id: 1301. Requested: 971, available: 0
2026-07-28T19:16:20.451-04:00 Order failure | productId=11234 | userId=3063 | quantity=877 | status=FAILED | reason=Insufficient quantity for product id: 11234. Requested: 877, available: 0
2026-07-28T19:16:20.456-04:00 Order failure | productId=1301 | userId=3064 | quantity=907 | status=FAILED | reason=Insufficient quantity for product id: 1301. Requested: 907, available: 0
2026-07-28T19:16:20.463-04:00 Order failure | productId=1301 | userId=3065 | quantity=534 | status=FAILED | reason=Insufficient quantity for product id: 1301. Requested: 534, available: 0
2026-07-28T19:16:20.467-04:00 Order failure | productId=1301 | userId=3066 | quantity=9 | status=FAILED | reason=Insufficient quantity for product id: 1301. Requested: 9, available: 0
2026-07-28T19:16:20.472-04:00 Order failure | productId=11234 | userId=3067 | quantity=56 | status=FAILED | reason=Insufficient quantity for product id: 11234. Requested: 56, available: 0
2026-07-28T19:16:20.494-04:00 Order failure | productId=11234 | userId=3068 | quantity=451 | status=FAILED | reason=Insufficient quantity for product id: 11234. Requested: 451, available: 0
2026-07-28T19:16:20.496-04:00 Order failure | productId=1301 | userId=3069 | quantity=938 | status=FAILED | reason=Insufficient quantity for product id: 1301. Requested: 938, available: 0
2026-07-28T19:16:20.496-04:00 Order failure | productId=1301 | userId=3070 | quantity=109 | status=FAILED | reason=Insufficient quantity for product id: 1301. Requested: 109, available: 0
2026-07-28T19:16:20.500-04:00 Order failure | productId=1301 | userId=3073 | quantity=159 | status=FAILED | reason=Insufficient quantity for product id: 1301. Requested: 159, available: 0
2026-07-28T19:16:20.500-04:00 Order failure | productId=1301 | userId=3072 | quantity=229 | status=FAILED | reason=Insufficient quantity for product id: 1301. Requested: 229, available: 0
2026-07-28T19:16:20.500-04:00 Order failure | productId=1301 | userId=3071 | quantity=495 | status=FAILED | reason=Insufficient quantity for product id: 1301. Requested: 495, available: 0
2026-07-28T19:16:20.512-04:00 Order failure | productId=1301 | userId=3074 | quantity=286 | status=FAILED | reason=Insufficient quantity for product id: 1301. Requested: 286, available: 0
2026-07-28T19:16:20.513-04:00 Order failure | productId=1301 | userId=3075 | quantity=966 | status=FAILED | reason=Insufficient quantity for product id: 1301. Requested: 966, available: 0
2026-07-28T19:16:20.516-04:00 Order failure | productId=11234 | userId=3076 | quantity=128 | status=FAILED | reason=Insufficient quantity for product id: 11234. Requested: 128, available: 0
2026-07-28T19:16:20.520-04:00 Order failure | productId=11234 | userId=3077 | quantity=100 | status=FAILED | reason=Insufficient quantity for product id: 11234. Requested: 100, available: 0
2026-07-28T19:16:20.526-04:00 Order failure | productId=11234 | userId=3078 | quantity=736 | status=FAILED | reason=Insufficient quantity for product id: 11234. Requested: 736, available: 0
2026-07-28T19:16:20.531-04:00 Order failure | productId=1301 | userId=3079 | quantity=45 | status=FAILED | reason=Insufficient quantity for product id: 1301. Requested: 45, available: 0
2026-07-28T19:16:20.535-04:00 Order failure | productId=11234 | userId=3080 | quantity=49 | status=FAILED | reason=Insufficient quantity for product id: 11234. Requested: 49, available: 0
2026-07-28T19:16:20.542-04:00 Order failure | productId=1301 | userId=3081 | quantity=773 | status=FAILED | reason=Insufficient quantity for product id: 1301. Requested: 773, available: 0
2026-07-28T19:16:20.545-04:00 Order failure | productId=11234 | userId=3082 | quantity=288 | status=FAILED | reason=Insufficient quantity for product id: 11234. Requested: 288, available: 0
2026-07-28T19:16:20.551-04:00 Order failure | productId=11234 | userId=3083 | quantity=726 | status=FAILED | reason=Insufficient quantity for product id: 11234. Requested: 726, available: 0
2026-07-28T19:16:20.556-04:00 Order failure | productId=1301 | userId=3084 | quantity=425 | status=FAILED | reason=Insufficient quantity for product id: 1301. Requested: 425, available: 0
2026-07-28T19:16:20.560-04:00 Order failure | productId=11234 | userId=3085 | quantity=484 | status=FAILED | reason=Insufficient quantity for product id: 11234. Requested: 484, available: 0
2026-07-28T19:16:20.566-04:00 Order failure | productId=11234 | userId=3086 | quantity=512 | status=FAILED | reason=Insufficient quantity for product id: 11234. Requested: 512, available: 0
2026-07-28T19:16:20.571-04:00 Order failure | productId=11234 | userId=3087 | quantity=236 | status=FAILED | reason=Insufficient quantity for product id: 11234. Requested: 236, available: 0
2026-07-28T19:16:20.575-04:00 Order failure | productId=11234 | userId=3088 | quantity=125 | status=FAILED | reason=Insufficient quantity for product id: 11234. Requested: 125, available: 0
2026-07-28T19:16:20.581-04:00 Order failure | productId=1301 | userId=3089 | quantity=329 | status=FAILED | reason=Insufficient quantity for product id: 1301. Requested: 329, available: 0
2026-07-28T19:16:20.586-04:00 Order failure | productId=11234 | userId=3090 | quantity=949 | status=FAILED | reason=Insufficient quantity for product id: 11234. Requested: 949, available: 0
2026-07-28T19:16:20.591-04:00 Order failure | productId=11234 | userId=3091 | quantity=522 | status=FAILED | reason=Insufficient quantity for product id: 11234. Requested: 522, available: 0
2026-07-28T19:16:20.597-04:00 Order failure | productId=1301 | userId=3092 | quantity=153 | status=FAILED | reason=Insufficient quantity for product id: 1301. Requested: 153, available: 0
2026-07-28T19:16:20.601-04:00 Order failure | productId=1301 | userId=3093 | quantity=807 | status=FAILED | reason=Insufficient quantity for product id: 1301. Requested: 807, available: 0
2026-07-28T19:16:20.607-04:00 Order failure | productId=1301 | userId=3094 | quantity=164 | status=FAILED | reason=Insufficient quantity for product id: 1301. Requested: 164, available: 0
2026-07-28T19:16:20.610-04:00 Order failure | productId=11234 | userId=3095 | quantity=558 | status=FAILED | reason=Insufficient quantity for product id: 11234. Requested: 558, available: 0
2026-07-28T19:16:20.617-04:00 Order failure | productId=1301 | userId=3096 | quantity=817 | status=FAILED | reason=Insufficient quantity for product id: 1301. Requested: 817, available: 0
2026-07-28T19:16:20.620-04:00 Order failure | productId=11234 | userId=3097 | quantity=131 | status=FAILED | reason=Insufficient quantity for product id: 11234. Requested: 131, available: 0
2026-07-28T19:16:20.627-04:00 Order failure | productId=11234 | userId=3098 | quantity=654 | status=FAILED | reason=Insufficient quantity for product id: 11234. Requested: 654, available: 0
2026-07-28T19:16:20.632-04:00 Order failure | productId=11234 | userId=3099 | quantity=78 | status=FAILED | reason=Insufficient quantity for product id: 11234. Requested: 78, available: 0
2026-07-28T19:16:20.637-04:00 Order failure | productId=11234 | userId=3100 | quantity=171 | status=FAILED | reason=Insufficient quantity for product id: 11234. Requested: 171, available: 0
2026-07-28T19:16:20.640-04:00 Order failure | productId=11234 | userId=3101 | quantity=708 | status=FAILED | reason=Insufficient quantity for product id: 11234. Requested: 708, available: 0
2026-07-28T19:16:20.647-04:00 Order failure | productId=11234 | userId=3102 | quantity=681 | status=FAILED | reason=Insufficient quantity for product id: 11234. Requested: 681, available: 0
2026-07-28T19:16:20.650-04:00 Order failure | productId=11234 | userId=3103 | quantity=942 | status=FAILED | reason=Insufficient quantity for product id: 11234. Requested: 942, available: 0
2026-07-28T19:16:20.657-04:00 Order failure | productId=11234 | userId=3104 | quantity=175 | status=FAILED | reason=Insufficient quantity for product id: 11234. Requested: 175, available: 0
2026-07-28T19:16:20.660-04:00 Order failure | productId=11234 | userId=3105 | quantity=246 | status=FAILED | reason=Insufficient quantity for product id: 11234. Requested: 246, available: 0
2026-07-28T19:16:20.665-04:00 Order failure | productId=1301 | userId=3106 | quantity=510 | status=FAILED | reason=Insufficient quantity for product id: 1301. Requested: 510, available: 0
2026-07-28T19:16:20.671-04:00 Order failure | productId=1301 | userId=3107 | quantity=921 | status=FAILED | reason=Insufficient quantity for product id: 1301. Requested: 921, available: 0
2026-07-28T19:16:20.675-04:00 Order failure | productId=11234 | userId=3108 | quantity=725 | status=FAILED | reason=Insufficient quantity for product id: 11234. Requested: 725, available: 0
2026-07-28T19:16:20.682-04:00 Order failure | productId=1301 | userId=3109 | quantity=169 | status=FAILED | reason=Insufficient quantity for product id: 1301. Requested: 169, available: 0
2026-07-28T19:16:20.686-04:00 Order failure | productId=11234 | userId=3110 | quantity=710 | status=FAILED | reason=Insufficient quantity for product id: 11234. Requested: 710, available: 0
2026-07-28T19:16:20.691-04:00 Order failure | productId=11234 | userId=3111 | quantity=576 | status=FAILED | reason=Insufficient quantity for product id: 11234. Requested: 576, available: 0
2026-07-28T19:16:20.695-04:00 Order failure | productId=1301 | userId=3112 | quantity=863 | status=FAILED | reason=Insufficient quantity for product id: 1301. Requested: 863, available: 0
2026-07-28T19:16:20.701-04:00 Order failure | productId=1301 | userId=3113 | quantity=768 | status=FAILED | reason=Insufficient quantity for product id: 1301. Requested: 768, available: 0
2026-07-28T19:16:20.705-04:00 Order failure | productId=1301 | userId=3114 | quantity=429 | status=FAILED | reason=Insufficient quantity for product id: 1301. Requested: 429, available: 0
2026-07-28T19:16:20.711-04:00 Order failure | productId=11234 | userId=3115 | quantity=348 | status=FAILED | reason=Insufficient quantity for product id: 11234. Requested: 348, available: 0
2026-07-28T19:16:20.716-04:00 Order failure | productId=11234 | userId=3116 | quantity=586 | status=FAILED | reason=Insufficient quantity for product id: 11234. Requested: 586, available: 0
2026-07-28T19:16:20.720-04:00 Order failure | productId=1301 | userId=3117 | quantity=208 | status=FAILED | reason=Insufficient quantity for product id: 1301. Requested: 208, available: 0
2026-07-28T19:16:20.726-04:00 Order failure | productId=11234 | userId=3118 | quantity=881 | status=FAILED | reason=Insufficient quantity for product id: 11234. Requested: 881, available: 0
2026-07-28T19:16:20.732-04:00 Order failure | productId=1301 | userId=3119 | quantity=311 | status=FAILED | reason=Insufficient quantity for product id: 1301. Requested: 311, available: 0
2026-07-28T19:16:20.735-04:00 Order failure | productId=11234 | userId=3120 | quantity=461 | status=FAILED | reason=Insufficient quantity for product id: 11234. Requested: 461, available: 0
2026-07-28T19:16:20.742-04:00 Order failure | productId=1301 | userId=3121 | quantity=503 | status=FAILED | reason=Insufficient quantity for product id: 1301. Requested: 503, available: 0
2026-07-28T19:16:20.745-04:00 Order failure | productId=11234 | userId=3122 | quantity=473 | status=FAILED | reason=Insufficient quantity for product id: 11234. Requested: 473, available: 0
2026-07-28T19:16:20.750-04:00 Order failure | productId=11234 | userId=3123 | quantity=823 | status=FAILED | reason=Insufficient quantity for product id: 11234. Requested: 823, available: 0
2026-07-28T19:16:20.755-04:00 Order failure | productId=1301 | userId=3124 | quantity=476 | status=FAILED | reason=Insufficient quantity for product id: 1301. Requested: 476, available: 0
2026-07-28T19:16:20.760-04:00 Order failure | productId=1301 | userId=3125 | quantity=894 | status=FAILED | reason=Insufficient quantity for product id: 1301. Requested: 894, available: 0
2026-07-28T19:16:20.767-04:00 Order failure | productId=11234 | userId=3126 | quantity=782 | status=FAILED | reason=Insufficient quantity for product id: 11234. Requested: 782, available: 0
2026-07-28T19:16:20.770-04:00 Order failure | productId=1301 | userId=3127 | quantity=232 | status=FAILED | reason=Insufficient quantity for product id: 1301. Requested: 232, available: 0
2026-07-28T19:16:20.777-04:00 Order failure | productId=11234 | userId=3128 | quantity=557 | status=FAILED | reason=Insufficient quantity for product id: 11234. Requested: 557, available: 0
2026-07-28T19:16:20.780-04:00 Order failure | productId=11234 | userId=3129 | quantity=291 | status=FAILED | reason=Insufficient quantity for product id: 11234. Requested: 291, available: 0
2026-07-28T19:16:20.784-04:00 Order failure | productId=11234 | userId=3130 | quantity=887 | status=FAILED | reason=Insufficient quantity for product id: 11234. Requested: 887, available: 0
2026-07-28T19:16:20.793-04:00 Order failure | productId=11234 | userId=3131 | quantity=8 | status=FAILED | reason=Insufficient quantity for product id: 11234. Requested: 8, available: 0
2026-07-28T19:16:20.796-04:00 Order failure | productId=11234 | userId=3132 | quantity=860 | status=FAILED | reason=Insufficient quantity for product id: 11234. Requested: 860, available: 0
2026-07-28T19:16:20.800-04:00 Order failure | productId=11234 | userId=3133 | quantity=168 | status=FAILED | reason=Insufficient quantity for product id: 11234. Requested: 168, available: 0
2026-07-28T19:16:20.805-04:00 Order failure | productId=11234 | userId=3134 | quantity=244 | status=FAILED | reason=Insufficient quantity for product id: 11234. Requested: 244, available: 0
2026-07-28T19:16:20.810-04:00 Order failure | productId=11234 | userId=3135 | quantity=308 | status=FAILED | reason=Insufficient quantity for product id: 11234. Requested: 308, available: 0
2026-07-28T19:16:20.816-04:00 Order failure | productId=1301 | userId=3136 | quantity=883 | status=FAILED | reason=Insufficient quantity for product id: 1301. Requested: 883, available: 0
2026-07-28T19:16:20.821-04:00 Order failure | productId=11234 | userId=3137 | quantity=46 | status=FAILED | reason=Insufficient quantity for product id: 11234. Requested: 46, available: 0
2026-07-28T19:16:20.826-04:00 Order failure | productId=11234 | userId=3138 | quantity=489 | status=FAILED | reason=Insufficient quantity for product id: 11234. Requested: 489, available: 0
2026-07-28T19:16:20.830-04:00 Order failure | productId=1301 | userId=3139 | quantity=363 | status=FAILED | reason=Insufficient quantity for product id: 1301. Requested: 363, available: 0
2026-07-28T19:16:20.835-04:00 Order failure | productId=1301 | userId=3140 | quantity=93 | status=FAILED | reason=Insufficient quantity for product id: 1301. Requested: 93, available: 0
2026-07-28T19:16:20.841-04:00 Order failure | productId=11234 | userId=3141 | quantity=898 | status=FAILED | reason=Insufficient quantity for product id: 11234. Requested: 898, available: 0
2026-07-28T19:16:20.845-04:00 Order failure | productId=1301 | userId=3142 | quantity=201 | status=FAILED | reason=Insufficient quantity for product id: 1301. Requested: 201, available: 0
2026-07-28T19:16:20.851-04:00 Order failure | productId=1301 | userId=3143 | quantity=469 | status=FAILED | reason=Insufficient quantity for product id: 1301. Requested: 469, available: 0
2026-07-28T19:16:20.856-04:00 Order failure | productId=11234 | userId=3144 | quantity=733 | status=FAILED | reason=Insufficient quantity for product id: 11234. Requested: 733, available: 0
2026-07-28T19:16:20.860-04:00 Order failure | productId=1301 | userId=3145 | quantity=264 | status=FAILED | reason=Insufficient quantity for product id: 1301. Requested: 264, available: 0
2026-07-28T19:16:20.867-04:00 Order failure | productId=1301 | userId=3146 | quantity=994 | status=FAILED | reason=Insufficient quantity for product id: 1301. Requested: 994, available: 0
2026-07-28T19:16:20.870-04:00 Order failure | productId=1301 | userId=3147 | quantity=392 | status=FAILED | reason=Insufficient quantity for product id: 1301. Requested: 392, available: 0
2026-07-28T19:16:20.876-04:00 Order failure | productId=1301 | userId=3148 | quantity=653 | status=FAILED | reason=Insufficient quantity for product id: 1301. Requested: 653, available: 0
2026-07-28T19:16:20.881-04:00 Order failure | productId=11234 | userId=3149 | quantity=659 | status=FAILED | reason=Insufficient quantity for product id: 11234. Requested: 659, available: 0
2026-07-28T19:16:20.885-04:00 Order failure | productId=11234 | userId=3150 | quantity=695 | status=FAILED | reason=Insufficient quantity for product id: 11234. Requested: 695, available: 0
2026-07-28T19:16:20.890-04:00 Order failure | productId=11234 | userId=3151 | quantity=45 | status=FAILED | reason=Insufficient quantity for product id: 11234. Requested: 45, available: 0
2026-07-28T19:16:20.896-04:00 Order failure | productId=1301 | userId=3152 | quantity=106 | status=FAILED | reason=Insufficient quantity for product id: 1301. Requested: 106, available: 0
2026-07-28T19:16:20.900-04:00 Order failure | productId=1301 | userId=3153 | quantity=747 | status=FAILED | reason=Insufficient quantity for product id: 1301. Requested: 747, available: 0
2026-07-28T19:16:20.906-04:00 Order failure | productId=11234 | userId=3154 | quantity=39 | status=FAILED | reason=Insufficient quantity for product id: 11234. Requested: 39, available: 0
2026-07-28T19:16:20.912-04:00 Order failure | productId=11234 | userId=3155 | quantity=238 | status=FAILED | reason=Insufficient quantity for product id: 11234. Requested: 238, available: 0
2026-07-28T19:16:20.917-04:00 Order failure | productId=11234 | userId=3156 | quantity=865 | status=FAILED | reason=Insufficient quantity for product id: 11234. Requested: 865, available: 0
2026-07-28T19:16:20.920-04:00 Order failure | productId=11234 | userId=3157 | quantity=639 | status=FAILED | reason=Insufficient quantity for product id: 11234. Requested: 639, available: 0
2026-07-28T19:16:20.925-04:00 Order failure | productId=1301 | userId=3158 | quantity=167 | status=FAILED | reason=Insufficient quantity for product id: 1301. Requested: 167, available: 0
2026-07-28T19:16:20.930-04:00 Order failure | productId=1301 | userId=3159 | quantity=612 | status=FAILED | reason=Insufficient quantity for product id: 1301. Requested: 612, available: 0
2026-07-28T19:16:20.934-04:00 Order failure | productId=11234 | userId=3160 | quantity=8 | status=FAILED | reason=Insufficient quantity for product id: 11234. Requested: 8, available: 0
2026-07-28T19:16:20.940-04:00 Order failure | productId=1301 | userId=3161 | quantity=901 | status=FAILED | reason=Insufficient quantity for product id: 1301. Requested: 901, available: 0
2026-07-28T19:16:20.945-04:00 Order failure | productId=1301 | userId=3162 | quantity=272 | status=FAILED | reason=Insufficient quantity for product id: 1301. Requested: 272, available: 0
2026-07-28T19:16:20.951-04:00 Order failure | productId=11234 | userId=3163 | quantity=677 | status=FAILED | reason=Insufficient quantity for product id: 11234. Requested: 677, available: 0
2026-07-28T19:16:20.955-04:00 Order failure | productId=1301 | userId=3164 | quantity=246 | status=FAILED | reason=Insufficient quantity for product id: 1301. Requested: 246, available: 0
2026-07-28T19:16:20.959-04:00 Order failure | productId=1301 | userId=3165 | quantity=16 | status=FAILED | reason=Insufficient quantity for product id: 1301. Requested: 16, available: 0
2026-07-28T19:16:20.965-04:00 Order failure | productId=11234 | userId=3166 | quantity=926 | status=FAILED | reason=Insufficient quantity for product id: 11234. Requested: 926, available: 0
2026-07-28T19:16:20.971-04:00 Order failure | productId=1301 | userId=3167 | quantity=903 | status=FAILED | reason=Insufficient quantity for product id: 1301. Requested: 903, available: 0
2026-07-28T19:16:20.976-04:00 Order failure | productId=11234 | userId=3168 | quantity=226 | status=FAILED | reason=Insufficient quantity for product id: 11234. Requested: 226, available: 0
2026-07-28T19:16:20.979-04:00 Order failure | productId=1301 | userId=3169 | quantity=538 | status=FAILED | reason=Insufficient quantity for product id: 1301. Requested: 538, available: 0
2026-07-28T19:16:20.984-04:00 Order failure | productId=1301 | userId=3170 | quantity=436 | status=FAILED | reason=Insufficient quantity for product id: 1301. Requested: 436, available: 0
2026-07-28T19:16:20.991-04:00 Order failure | productId=11234 | userId=3171 | quantity=699 | status=FAILED | reason=Insufficient quantity for product id: 11234. Requested: 699, available: 0
2026-07-28T19:16:20.995-04:00 Order failure | productId=11234 | userId=3172 | quantity=850 | status=FAILED | reason=Insufficient quantity for product id: 11234. Requested: 850, available: 0
2026-07-28T19:16:21.001-04:00 Order failure | productId=1301 | userId=3173 | quantity=183 | status=FAILED | reason=Insufficient quantity for product id: 1301. Requested: 183, available: 0
2026-07-28T19:16:21.005-04:00 Order failure | productId=11234 | userId=3174 | quantity=266 | status=FAILED | reason=Insufficient quantity for product id: 11234. Requested: 266, available: 0
2026-07-28T19:16:21.011-04:00 Order failure | productId=11234 | userId=3175 | quantity=400 | status=FAILED | reason=Insufficient quantity for product id: 11234. Requested: 400, available: 0
2026-07-28T19:16:21.016-04:00 Order failure | productId=11234 | userId=3176 | quantity=436 | status=FAILED | reason=Insufficient quantity for product id: 11234. Requested: 436, available: 0
2026-07-28T19:16:21.021-04:00 Order failure | productId=1301 | userId=3177 | quantity=326 | status=FAILED | reason=Insufficient quantity for product id: 1301. Requested: 326, available: 0
2026-07-28T19:16:21.025-04:00 Order failure | productId=11234 | userId=3178 | quantity=249 | status=FAILED | reason=Insufficient quantity for product id: 11234. Requested: 249, available: 0
2026-07-28T19:16:21.030-04:00 Order failure | productId=11234 | userId=3179 | quantity=217 | status=FAILED | reason=Insufficient quantity for product id: 11234. Requested: 217, available: 0
2026-07-28T19:16:21.035-04:00 Order failure | productId=1301 | userId=3180 | quantity=807 | status=FAILED | reason=Insufficient quantity for product id: 1301. Requested: 807, available: 0
2026-07-28T19:16:21.039-04:00 Order failure | productId=1301 | userId=3181 | quantity=697 | status=FAILED | reason=Insufficient quantity for product id: 1301. Requested: 697, available: 0
2026-07-28T19:16:21.046-04:00 Order failure | productId=11234 | userId=3182 | quantity=360 | status=FAILED | reason=Insufficient quantity for product id: 11234. Requested: 360, available: 0
2026-07-28T19:16:21.051-04:00 Order failure | productId=11234 | userId=3183 | quantity=473 | status=FAILED | reason=Insufficient quantity for product id: 11234. Requested: 473, available: 0
2026-07-28T19:16:21.056-04:00 Order failure | productId=1301 | userId=3184 | quantity=331 | status=FAILED | reason=Insufficient quantity for product id: 1301. Requested: 331, available: 0
2026-07-28T19:16:21.059-04:00 Order failure | productId=1301 | userId=3185 | quantity=563 | status=FAILED | reason=Insufficient quantity for product id: 1301. Requested: 563, available: 0
2026-07-28T19:16:21.066-04:00 Order failure | productId=11234 | userId=3186 | quantity=285 | status=FAILED | reason=Insufficient quantity for product id: 11234. Requested: 285, available: 0
2026-07-28T19:16:21.070-04:00 Order failure | productId=11234 | userId=3187 | quantity=585 | status=FAILED | reason=Insufficient quantity for product id: 11234. Requested: 585, available: 0
2026-07-28T19:16:21.075-04:00 Order failure | productId=1301 | userId=3188 | quantity=886 | status=FAILED | reason=Insufficient quantity for product id: 1301. Requested: 886, available: 0
2026-07-28T19:16:21.080-04:00 Order failure | productId=1301 | userId=3189 | quantity=393 | status=FAILED | reason=Insufficient quantity for product id: 1301. Requested: 393, available: 0
2026-07-28T19:16:21.085-04:00 Order failure | productId=11234 | userId=3190 | quantity=931 | status=FAILED | reason=Insufficient quantity for product id: 11234. Requested: 931, available: 0
2026-07-28T19:16:21.091-04:00 Order failure | productId=1301 | userId=3191 | quantity=643 | status=FAILED | reason=Insufficient quantity for product id: 1301. Requested: 643, available: 0
2026-07-28T19:16:21.095-04:00 Order failure | productId=1301 | userId=3192 | quantity=475 | status=FAILED | reason=Insufficient quantity for product id: 1301. Requested: 475, available: 0
2026-07-28T19:16:21.099-04:00 Order failure | productId=1301 | userId=3193 | quantity=441 | status=FAILED | reason=Insufficient quantity for product id: 1301. Requested: 441, available: 0
2026-07-28T19:16:21.106-04:00 Order failure | productId=1301 | userId=3194 | quantity=665 | status=FAILED | reason=Insufficient quantity for product id: 1301. Requested: 665, available: 0
2026-07-28T19:16:21.111-04:00 Order failure | productId=1301 | userId=3195 | quantity=37 | status=FAILED | reason=Insufficient quantity for product id: 1301. Requested: 37, available: 0
2026-07-28T19:16:21.115-04:00 Order failure | productId=1301 | userId=3196 | quantity=75 | status=FAILED | reason=Insufficient quantity for product id: 1301. Requested: 75, available: 0
2026-07-28T19:16:21.120-04:00 Order failure | productId=1301 | userId=3197 | quantity=908 | status=FAILED | reason=Insufficient quantity for product id: 1301. Requested: 908, available: 0
2026-07-28T19:16:21.125-04:00 Order failure | productId=11234 | userId=3198 | quantity=586 | status=FAILED | reason=Insufficient quantity for product id: 11234. Requested: 586, available: 0
2026-07-28T19:16:21.131-04:00 Order failure | productId=1301 | userId=3199 | quantity=675 | status=FAILED | reason=Insufficient quantity for product id: 1301. Requested: 675, available: 0
2026-07-28T19:16:21.136-04:00 Order failure | productId=1301 | userId=3200 | quantity=41 | status=FAILED | reason=Insufficient quantity for product id: 1301. Requested: 41, available: 0
2026-07-28T19:16:21.141-04:00 Order failure | productId=1301 | userId=3201 | quantity=510 | status=FAILED | reason=Insufficient quantity for product id: 1301. Requested: 510, available: 0
2026-07-28T19:16:21.146-04:00 Order failure | productId=1301 | userId=3202 | quantity=739 | status=FAILED | reason=Insufficient quantity for product id: 1301. Requested: 739, available: 0
2026-07-28T19:16:21.151-04:00 Order failure | productId=1301 | userId=3203 | quantity=694 | status=FAILED | reason=Insufficient quantity for product id: 1301. Requested: 694, available: 0
2026-07-28T19:16:21.156-04:00 Order failure | productId=11234 | userId=3204 | quantity=131 | status=FAILED | reason=Insufficient quantity for product id: 11234. Requested: 131, available: 0
2026-07-28T19:16:21.161-04:00 Order failure | productId=11234 | userId=3205 | quantity=635 | status=FAILED | reason=Insufficient quantity for product id: 11234. Requested: 635, available: 0
2026-07-28T19:16:21.166-04:00 Order failure | productId=1301 | userId=3206 | quantity=520 | status=FAILED | reason=Insufficient quantity for product id: 1301. Requested: 520, available: 0
2026-07-28T19:16:21.171-04:00 Order failure | productId=11234 | userId=3207 | quantity=677 | status=FAILED | reason=Insufficient quantity for product id: 11234. Requested: 677, available: 0
2026-07-28T19:16:21.175-04:00 Order failure | productId=11234 | userId=3208 | quantity=531 | status=FAILED | reason=Insufficient quantity for product id: 11234. Requested: 531, available: 0
2026-07-28T19:16:21.180-04:00 Order failure | productId=11234 | userId=3209 | quantity=334 | status=FAILED | reason=Insufficient quantity for product id: 11234. Requested: 334, available: 0
2026-07-28T19:16:21.185-04:00 Order failure | productId=1301 | userId=3210 | quantity=930 | status=FAILED | reason=Insufficient quantity for product id: 1301. Requested: 930, available: 0
2026-07-28T19:16:21.191-04:00 Order failure | productId=1301 | userId=3211 | quantity=511 | status=FAILED | reason=Insufficient quantity for product id: 1301. Requested: 511, available: 0
2026-07-28T19:16:21.196-04:00 Order failure | productId=1301 | userId=3212 | quantity=234 | status=FAILED | reason=Insufficient quantity for product id: 1301. Requested: 234, available: 0
2026-07-28T19:16:21.200-04:00 Order failure | productId=11234 | userId=3213 | quantity=726 | status=FAILED | reason=Insufficient quantity for product id: 11234. Requested: 726, available: 0
2026-07-28T19:16:21.205-04:00 Order failure | productId=1301 | userId=3214 | quantity=961 | status=FAILED | reason=Insufficient quantity for product id: 1301. Requested: 961, available: 0
2026-07-28T19:16:21.210-04:00 Order failure | productId=11234 | userId=3215 | quantity=581 | status=FAILED | reason=Insufficient quantity for product id: 11234. Requested: 581, available: 0
2026-07-28T19:16:21.214-04:00 Order failure | productId=11234 | userId=3216 | quantity=714 | status=FAILED | reason=Insufficient quantity for product id: 11234. Requested: 714, available: 0
2026-07-28T19:16:21.221-04:00 Order failure | productId=11234 | userId=3217 | quantity=539 | status=FAILED | reason=Insufficient quantity for product id: 11234. Requested: 539, available: 0
2026-07-28T19:16:21.225-04:00 Order failure | productId=11234 | userId=3218 | quantity=629 | status=FAILED | reason=Insufficient quantity for product id: 11234. Requested: 629, available: 0
2026-07-28T19:16:21.232-04:00 Order failure | productId=11234 | userId=3219 | quantity=452 | status=FAILED | reason=Insufficient quantity for product id: 11234. Requested: 452, available: 0
2026-07-28T19:16:21.234-04:00 Order failure | productId=11234 | userId=3220 | quantity=849 | status=FAILED | reason=Insufficient quantity for product id: 11234. Requested: 849, available: 0
2026-07-28T19:16:21.240-04:00 Order failure | productId=1301 | userId=3221 | quantity=34 | status=FAILED | reason=Insufficient quantity for product id: 1301. Requested: 34, available: 0
2026-07-28T19:16:21.243-04:00 Order failure | productId=1301 | userId=3222 | quantity=21 | status=FAILED | reason=Insufficient quantity for product id: 1301. Requested: 21, available: 0
2026-07-28T19:16:21.250-04:00 Order failure | productId=1301 | userId=3223 | quantity=778 | status=FAILED | reason=Insufficient quantity for product id: 1301. Requested: 778, available: 0
2026-07-28T19:16:21.255-04:00 Order failure | productId=11234 | userId=3224 | quantity=711 | status=FAILED | reason=Insufficient quantity for product id: 11234. Requested: 711, available: 0
2026-07-28T19:16:21.260-04:00 Order failure | productId=11234 | userId=3225 | quantity=620 | status=FAILED | reason=Insufficient quantity for product id: 11234. Requested: 620, available: 0
2026-07-28T19:16:21.265-04:00 Order failure | productId=11234 | userId=3226 | quantity=269 | status=FAILED | reason=Insufficient quantity for product id: 11234. Requested: 269, available: 0
2026-07-28T19:16:21.269-04:00 Order failure | productId=1301 | userId=3227 | quantity=559 | status=FAILED | reason=Insufficient quantity for product id: 1301. Requested: 559, available: 0
2026-07-28T19:16:21.274-04:00 Order failure | productId=1301 | userId=3228 | quantity=776 | status=FAILED | reason=Insufficient quantity for product id: 1301. Requested: 776, available: 0
2026-07-28T19:16:21.284-04:00 Order failure | productId=1301 | userId=3229 | quantity=353 | status=FAILED | reason=Insufficient quantity for product id: 1301. Requested: 353, available: 0
2026-07-28T19:16:21.285-04:00 Order failure | productId=1301 | userId=3230 | quantity=928 | status=FAILED | reason=Insufficient quantity for product id: 1301. Requested: 928, available: 0
2026-07-28T19:16:21.291-04:00 Order failure | productId=11234 | userId=3231 | quantity=859 | status=FAILED | reason=Insufficient quantity for product id: 11234. Requested: 859, available: 0
2026-07-28T19:16:21.296-04:00 Order failure | productId=11234 | userId=3232 | quantity=765 | status=FAILED | reason=Insufficient quantity for product id: 11234. Requested: 765, available: 0
2026-07-28T19:16:21.301-04:00 Order failure | productId=11234 | userId=3233 | quantity=553 | status=FAILED | reason=Insufficient quantity for product id: 11234. Requested: 553, available: 0
2026-07-28T19:16:21.306-04:00 Order failure | productId=1301 | userId=3234 | quantity=96 | status=FAILED | reason=Insufficient quantity for product id: 1301. Requested: 96, available: 0
2026-07-28T19:16:21.311-04:00 Order failure | productId=1301 | userId=3235 | quantity=706 | status=FAILED | reason=Insufficient quantity for product id: 1301. Requested: 706, available: 0
2026-07-28T19:16:21.316-04:00 Order failure | productId=1301 | userId=3236 | quantity=766 | status=FAILED | reason=Insufficient quantity for product id: 1301. Requested: 766, available: 0
2026-07-28T19:16:21.339-04:00 Order failure | productId=1301 | userId=3239 | quantity=803 | status=FAILED | reason=Insufficient quantity for product id: 1301. Requested: 803, available: 0
2026-07-28T19:16:21.339-04:00 Order failure | productId=11234 | userId=3237 | quantity=421 | status=FAILED | reason=Insufficient quantity for product id: 11234. Requested: 421, available: 0
2026-07-28T19:16:21.339-04:00 Order failure | productId=11234 | userId=3238 | quantity=533 | status=FAILED | reason=Insufficient quantity for product id: 11234. Requested: 533, available: 0
2026-07-28T19:16:21.342-04:00 Order failure | productId=1301 | userId=3241 | quantity=885 | status=FAILED | reason=Insufficient quantity for product id: 1301. Requested: 885, available: 0
2026-07-28T19:16:21.342-04:00 Order failure | productId=1301 | userId=3240 | quantity=263 | status=FAILED | reason=Insufficient quantity for product id: 1301. Requested: 263, available: 0
2026-07-28T19:16:21.346-04:00 Order failure | productId=1301 | userId=3242 | quantity=346 | status=FAILED | reason=Insufficient quantity for product id: 1301. Requested: 346, available: 0
2026-07-28T19:16:21.351-04:00 Order failure | productId=11234 | userId=3243 | quantity=395 | status=FAILED | reason=Insufficient quantity for product id: 11234. Requested: 395, available: 0
2026-07-28T19:16:21.355-04:00 Order failure | productId=11234 | userId=3244 | quantity=485 | status=FAILED | reason=Insufficient quantity for product id: 11234. Requested: 485, available: 0
2026-07-28T19:16:21.361-04:00 Order failure | productId=1301 | userId=3245 | quantity=793 | status=FAILED | reason=Insufficient quantity for product id: 1301. Requested: 793, available: 0
2026-07-28T19:16:21.367-04:00 Order failure | productId=1301 | userId=3246 | quantity=71 | status=FAILED | reason=Insufficient quantity for product id: 1301. Requested: 71, available: 0
2026-07-28T19:16:21.370-04:00 Order failure | productId=1301 | userId=3247 | quantity=900 | status=FAILED | reason=Insufficient quantity for product id: 1301. Requested: 900, available: 0
2026-07-28T19:16:21.375-04:00 Order failure | productId=1301 | userId=3248 | quantity=541 | status=FAILED | reason=Insufficient quantity for product id: 1301. Requested: 541, available: 0
2026-07-28T19:16:21.381-04:00 Order failure | productId=1301 | userId=3249 | quantity=506 | status=FAILED | reason=Insufficient quantity for product id: 1301. Requested: 506, available: 0
2026-07-28T19:16:21.384-04:00 Order failure | productId=1301 | userId=3250 | quantity=148 | status=FAILED | reason=Insufficient quantity for product id: 1301. Requested: 148, available: 0
2026-07-28T19:16:21.392-04:00 Order failure | productId=1301 | userId=3251 | quantity=911 | status=FAILED | reason=Insufficient quantity for product id: 1301. Requested: 911, available: 0
2026-07-28T19:16:21.395-04:00 Order failure | productId=1301 | userId=3252 | quantity=121 | status=FAILED | reason=Insufficient quantity for product id: 1301. Requested: 121, available: 0
2026-07-28T19:16:21.401-04:00 Order failure | productId=11234 | userId=3253 | quantity=619 | status=FAILED | reason=Insufficient quantity for product id: 11234. Requested: 619, available: 0
2026-07-28T19:16:21.405-04:00 Order failure | productId=11234 | userId=3254 | quantity=542 | status=FAILED | reason=Insufficient quantity for product id: 11234. Requested: 542, available: 0
2026-07-28T19:16:21.412-04:00 Order failure | productId=1301 | userId=3255 | quantity=86 | status=FAILED | reason=Insufficient quantity for product id: 1301. Requested: 86, available: 0
2026-07-28T19:16:21.415-04:00 Order failure | productId=11234 | userId=3256 | quantity=922 | status=FAILED | reason=Insufficient quantity for product id: 11234. Requested: 922, available: 0
2026-07-28T19:16:21.419-04:00 Order failure | productId=1301 | userId=3257 | quantity=810 | status=FAILED | reason=Insufficient quantity for product id: 1301. Requested: 810, available: 0
2026-07-28T19:16:21.426-04:00 Order failure | productId=11234 | userId=3258 | quantity=142 | status=FAILED | reason=Insufficient quantity for product id: 11234. Requested: 142, available: 0
2026-07-28T19:16:21.431-04:00 Order failure | productId=1301 | userId=3259 | quantity=231 | status=FAILED | reason=Insufficient quantity for product id: 1301. Requested: 231, available: 0
2026-07-28T19:16:21.436-04:00 Order failure | productId=11234 | userId=3260 | quantity=686 | status=FAILED | reason=Insufficient quantity for product id: 11234. Requested: 686, available: 0
2026-07-28T19:16:21.441-04:00 Order failure | productId=11234 | userId=3261 | quantity=622 | status=FAILED | reason=Insufficient quantity for product id: 11234. Requested: 622, available: 0
2026-07-28T19:16:21.446-04:00 Order failure | productId=1301 | userId=3262 | quantity=818 | status=FAILED | reason=Insufficient quantity for product id: 1301. Requested: 818, available: 0
2026-07-28T19:16:21.451-04:00 Order failure | productId=11234 | userId=3263 | quantity=387 | status=FAILED | reason=Insufficient quantity for product id: 11234. Requested: 387, available: 0
2026-07-28T19:16:21.456-04:00 Order failure | productId=1301 | userId=3264 | quantity=402 | status=FAILED | reason=Insufficient quantity for product id: 1301. Requested: 402, available: 0
2026-07-28T19:16:21.463-04:00 Order failure | productId=11234 | userId=3265 | quantity=767 | status=FAILED | reason=Insufficient quantity for product id: 11234. Requested: 767, available: 0
2026-07-28T19:16:21.466-04:00 Order failure | productId=11234 | userId=3266 | quantity=74 | status=FAILED | reason=Insufficient quantity for product id: 11234. Requested: 74, available: 0
2026-07-28T19:16:21.472-04:00 Order failure | productId=11234 | userId=3267 | quantity=639 | status=FAILED | reason=Insufficient quantity for product id: 11234. Requested: 639, available: 0
2026-07-28T19:16:21.477-04:00 Order failure | productId=11234 | userId=3268 | quantity=807 | status=FAILED | reason=Insufficient quantity for product id: 11234. Requested: 807, available: 0
2026-07-28T19:16:21.480-04:00 Order failure | productId=11234 | userId=3269 | quantity=9 | status=FAILED | reason=Insufficient quantity for product id: 11234. Requested: 9, available: 0
2026-07-28T19:16:21.485-04:00 Order failure | productId=11234 | userId=3270 | quantity=924 | status=FAILED | reason=Insufficient quantity for product id: 11234. Requested: 924, available: 0
2026-07-28T19:16:21.490-04:00 Order failure | productId=1301 | userId=3271 | quantity=911 | status=FAILED | reason=Insufficient quantity for product id: 1301. Requested: 911, available: 0
2026-07-28T19:16:21.494-04:00 Order failure | productId=11234 | userId=3272 | quantity=974 | status=FAILED | reason=Insufficient quantity for product id: 11234. Requested: 974, available: 0
2026-07-28T19:16:21.499-04:00 Order failure | productId=1301 | userId=3273 | quantity=871 | status=FAILED | reason=Insufficient quantity for product id: 1301. Requested: 871, available: 0
2026-07-28T19:16:21.517-04:00 Order failure | productId=1301 | userId=3275 | quantity=300 | status=FAILED | reason=Insufficient quantity for product id: 1301. Requested: 300, available: 0
2026-07-28T19:16:21.517-04:00 Order failure | productId=11234 | userId=3276 | quantity=885 | status=FAILED | reason=Insufficient quantity for product id: 11234. Requested: 885, available: 0
2026-07-28T19:16:21.517-04:00 Order failure | productId=1301 | userId=3274 | quantity=889 | status=FAILED | reason=Insufficient quantity for product id: 1301. Requested: 889, available: 0
2026-07-28T19:16:21.520-04:00 Order failure | productId=11234 | userId=3277 | quantity=825 | status=FAILED | reason=Insufficient quantity for product id: 11234. Requested: 825, available: 0
2026-07-28T19:16:21.524-04:00 Order failure | productId=1301 | userId=3278 | quantity=488 | status=FAILED | reason=Insufficient quantity for product id: 1301. Requested: 488, available: 0
2026-07-28T19:16:21.530-04:00 Order failure | productId=11234 | userId=3279 | quantity=453 | status=FAILED | reason=Insufficient quantity for product id: 11234. Requested: 453, available: 0
2026-07-28T19:16:21.534-04:00 Order failure | productId=11234 | userId=3280 | quantity=141 | status=FAILED | reason=Insufficient quantity for product id: 11234. Requested: 141, available: 0
2026-07-28T19:16:21.539-04:00 Order failure | productId=11234 | userId=3281 | quantity=816 | status=FAILED | reason=Insufficient quantity for product id: 11234. Requested: 816, available: 0
2026-07-28T19:16:21.545-04:00 Order failure | productId=1301 | userId=3282 | quantity=532 | status=FAILED | reason=Insufficient quantity for product id: 1301. Requested: 532, available: 0
2026-07-28T19:16:21.551-04:00 Order failure | productId=1301 | userId=3283 | quantity=20 | status=FAILED | reason=Insufficient quantity for product id: 1301. Requested: 20, available: 0
2026-07-28T19:16:21.554-04:00 Order failure | productId=11234 | userId=3284 | quantity=362 | status=FAILED | reason=Insufficient quantity for product id: 11234. Requested: 362, available: 0
2026-07-28T19:16:21.562-04:00 Order failure | productId=11234 | userId=3285 | quantity=553 | status=FAILED | reason=Insufficient quantity for product id: 11234. Requested: 553, available: 0
2026-07-28T19:16:21.565-04:00 Order failure | productId=1301 | userId=3286 | quantity=591 | status=FAILED | reason=Insufficient quantity for product id: 1301. Requested: 591, available: 0
2026-07-28T19:16:21.568-04:00 Order failure | productId=11234 | userId=3287 | quantity=780 | status=FAILED | reason=Insufficient quantity for product id: 11234. Requested: 780, available: 0
2026-07-28T19:16:21.576-04:00 Order failure | productId=11234 | userId=3288 | quantity=106 | status=FAILED | reason=Insufficient quantity for product id: 11234. Requested: 106, available: 0
2026-07-28T19:16:21.581-04:00 Order failure | productId=1301 | userId=3289 | quantity=974 | status=FAILED | reason=Insufficient quantity for product id: 1301. Requested: 974, available: 0
2026-07-28T19:16:21.586-04:00 Order failure | productId=11234 | userId=3290 | quantity=126 | status=FAILED | reason=Insufficient quantity for product id: 11234. Requested: 126, available: 0
2026-07-28T19:16:21.590-04:00 Order failure | productId=1301 | userId=3291 | quantity=223 | status=FAILED | reason=Insufficient quantity for product id: 1301. Requested: 223, available: 0
2026-07-28T19:16:21.597-04:00 Order failure | productId=11234 | userId=3292 | quantity=574 | status=FAILED | reason=Insufficient quantity for product id: 11234. Requested: 574, available: 0
2026-07-28T19:16:21.600-04:00 Order failure | productId=1301 | userId=3293 | quantity=951 | status=FAILED | reason=Insufficient quantity for product id: 1301. Requested: 951, available: 0
2026-07-28T19:16:21.606-04:00 Order failure | productId=11234 | userId=3294 | quantity=334 | status=FAILED | reason=Insufficient quantity for product id: 11234. Requested: 334, available: 0
2026-07-28T19:16:21.610-04:00 Order failure | productId=1301 | userId=3295 | quantity=538 | status=FAILED | reason=Insufficient quantity for product id: 1301. Requested: 538, available: 0
2026-07-28T19:16:21.615-04:00 Order failure | productId=1301 | userId=3296 | quantity=977 | status=FAILED | reason=Insufficient quantity for product id: 1301. Requested: 977, available: 0
2026-07-28T19:16:21.620-04:00 Order failure | productId=11234 | userId=3297 | quantity=184 | status=FAILED | reason=Insufficient quantity for product id: 11234. Requested: 184, available: 0
2026-07-28T19:16:21.625-04:00 Order failure | productId=11234 | userId=3298 | quantity=626 | status=FAILED | reason=Insufficient quantity for product id: 11234. Requested: 626, available: 0
2026-07-28T19:16:21.631-04:00 Order failure | productId=1301 | userId=3299 | quantity=212 | status=FAILED | reason=Insufficient quantity for product id: 1301. Requested: 212, available: 0
2026-07-28T19:16:21.636-04:00 Order failure | productId=11234 | userId=3300 | quantity=238 | status=FAILED | reason=Insufficient quantity for product id: 11234. Requested: 238, available: 0
2026-07-28T19:16:21.640-04:00 Order failure | productId=11234 | userId=3301 | quantity=665 | status=FAILED | reason=Insufficient quantity for product id: 11234. Requested: 665, available: 0
2026-07-28T19:16:21.645-04:00 Order failure | productId=1301 | userId=3302 | quantity=992 | status=FAILED | reason=Insufficient quantity for product id: 1301. Requested: 992, available: 0
2026-07-28T19:16:21.650-04:00 Order failure | productId=1301 | userId=3303 | quantity=304 | status=FAILED | reason=Insufficient quantity for product id: 1301. Requested: 304, available: 0
2026-07-28T19:16:21.655-04:00 Order failure | productId=11234 | userId=3304 | quantity=960 | status=FAILED | reason=Insufficient quantity for product id: 11234. Requested: 960, available: 0
2026-07-28T19:16:21.660-04:00 Order failure | productId=11234 | userId=3305 | quantity=703 | status=FAILED | reason=Insufficient quantity for product id: 11234. Requested: 703, available: 0
2026-07-28T19:16:21.665-04:00 Order failure | productId=11234 | userId=3306 | quantity=847 | status=FAILED | reason=Insufficient quantity for product id: 11234. Requested: 847, available: 0
2026-07-28T19:16:21.671-04:00 Order failure | productId=1301 | userId=3307 | quantity=173 | status=FAILED | reason=Insufficient quantity for product id: 1301. Requested: 173, available: 0
2026-07-28T19:16:21.675-04:00 Order failure | productId=11234 | userId=3308 | quantity=878 | status=FAILED | reason=Insufficient quantity for product id: 11234. Requested: 878, available: 0
2026-07-28T19:16:21.680-04:00 Order failure | productId=11234 | userId=3309 | quantity=9 | status=FAILED | reason=Insufficient quantity for product id: 11234. Requested: 9, available: 0
2026-07-28T19:16:21.687-04:00 Order failure | productId=11234 | userId=3310 | quantity=556 | status=FAILED | reason=Insufficient quantity for product id: 11234. Requested: 556, available: 0
2026-07-28T19:16:21.690-04:00 Order failure | productId=1301 | userId=3311 | quantity=579 | status=FAILED | reason=Insufficient quantity for product id: 1301. Requested: 579, available: 0
2026-07-28T19:16:21.695-04:00 Order failure | productId=1301 | userId=3312 | quantity=266 | status=FAILED | reason=Insufficient quantity for product id: 1301. Requested: 266, available: 0
2026-07-28T19:16:21.698-04:00 Order failure | productId=11234 | userId=3313 | quantity=694 | status=FAILED | reason=Insufficient quantity for product id: 11234. Requested: 694, available: 0
2026-07-28T19:16:21.704-04:00 Order failure | productId=1301 | userId=3314 | quantity=273 | status=FAILED | reason=Insufficient quantity for product id: 1301. Requested: 273, available: 0
2026-07-28T19:16:21.712-04:00 Order failure | productId=1301 | userId=3315 | quantity=608 | status=FAILED | reason=Insufficient quantity for product id: 1301. Requested: 608, available: 0
2026-07-28T19:16:21.715-04:00 Order failure | productId=1301 | userId=3316 | quantity=804 | status=FAILED | reason=Insufficient quantity for product id: 1301. Requested: 804, available: 0
2026-07-28T19:16:21.719-04:00 Order failure | productId=1301 | userId=3317 | quantity=479 | status=FAILED | reason=Insufficient quantity for product id: 1301. Requested: 479, available: 0
2026-07-28T19:16:21.725-04:00 Order failure | productId=11234 | userId=3318 | quantity=884 | status=FAILED | reason=Insufficient quantity for product id: 11234. Requested: 884, available: 0
2026-07-28T19:16:21.730-04:00 Order failure | productId=11234 | userId=3319 | quantity=439 | status=FAILED | reason=Insufficient quantity for product id: 11234. Requested: 439, available: 0
2026-07-28T19:16:21.736-04:00 Order failure | productId=11234 | userId=3320 | quantity=872 | status=FAILED | reason=Insufficient quantity for product id: 11234. Requested: 872, available: 0
2026-07-28T19:16:21.742-04:00 Order failure | productId=1301 | userId=3321 | quantity=40 | status=FAILED | reason=Insufficient quantity for product id: 1301. Requested: 40, available: 0
2026-07-28T19:16:21.746-04:00 Order failure | productId=1301 | userId=3322 | quantity=410 | status=FAILED | reason=Insufficient quantity for product id: 1301. Requested: 410, available: 0
2026-07-28T19:16:21.750-04:00 Order failure | productId=1301 | userId=3323 | quantity=473 | status=FAILED | reason=Insufficient quantity for product id: 1301. Requested: 473, available: 0
2026-07-28T19:16:21.756-04:00 Order failure | productId=11234 | userId=3324 | quantity=836 | status=FAILED | reason=Insufficient quantity for product id: 11234. Requested: 836, available: 0
2026-07-28T19:16:21.761-04:00 Order failure | productId=11234 | userId=3325 | quantity=684 | status=FAILED | reason=Insufficient quantity for product id: 11234. Requested: 684, available: 0
2026-07-28T19:16:21.766-04:00 Order failure | productId=1301 | userId=3326 | quantity=272 | status=FAILED | reason=Insufficient quantity for product id: 1301. Requested: 272, available: 0
2026-07-28T19:16:21.770-04:00 Order failure | productId=11234 | userId=3327 | quantity=242 | status=FAILED | reason=Insufficient quantity for product id: 11234. Requested: 242, available: 0
2026-07-28T19:16:21.776-04:00 Order failure | productId=11234 | userId=3328 | quantity=665 | status=FAILED | reason=Insufficient quantity for product id: 11234. Requested: 665, available: 0
2026-07-28T19:16:21.780-04:00 Order failure | productId=11234 | userId=3329 | quantity=627 | status=FAILED | reason=Insufficient quantity for product id: 11234. Requested: 627, available: 0
2026-07-28T19:16:21.784-04:00 Order failure | productId=1301 | userId=3330 | quantity=619 | status=FAILED | reason=Insufficient quantity for product id: 1301. Requested: 619, available: 0
2026-07-28T19:16:21.789-04:00 Order failure | productId=11234 | userId=3331 | quantity=132 | status=FAILED | reason=Insufficient quantity for product id: 11234. Requested: 132, available: 0
2026-07-28T19:16:21.795-04:00 Order failure | productId=1301 | userId=3332 | quantity=824 | status=FAILED | reason=Insufficient quantity for product id: 1301. Requested: 824, available: 0
2026-07-28T19:16:21.802-04:00 Order failure | productId=11234 | userId=3333 | quantity=696 | status=FAILED | reason=Insufficient quantity for product id: 11234. Requested: 696, available: 0
2026-07-28T19:16:21.807-04:00 Order failure | productId=11234 | userId=3334 | quantity=783 | status=FAILED | reason=Insufficient quantity for product id: 11234. Requested: 783, available: 0
2026-07-28T19:16:21.812-04:00 Order failure | productId=1301 | userId=3335 | quantity=680 | status=FAILED | reason=Insufficient quantity for product id: 1301. Requested: 680, available: 0
2026-07-28T19:16:21.815-04:00 Order failure | productId=1301 | userId=3336 | quantity=103 | status=FAILED | reason=Insufficient quantity for product id: 1301. Requested: 103, available: 0
2026-07-28T19:16:21.824-04:00 Order failure | productId=11234 | userId=3337 | quantity=208 | status=FAILED | reason=Insufficient quantity for product id: 11234. Requested: 208, available: 0
2026-07-28T19:16:21.827-04:00 Order failure | productId=11234 | userId=3338 | quantity=990 | status=FAILED | reason=Insufficient quantity for product id: 11234. Requested: 990, available: 0
2026-07-28T19:16:21.833-04:00 Order failure | productId=11234 | userId=3339 | quantity=488 | status=FAILED | reason=Insufficient quantity for product id: 11234. Requested: 488, available: 0
2026-07-28T19:16:21.837-04:00 Order failure | productId=11234 | userId=3340 | quantity=242 | status=FAILED | reason=Insufficient quantity for product id: 11234. Requested: 242, available: 0
2026-07-28T19:16:21.841-04:00 Order failure | productId=1301 | userId=3341 | quantity=273 | status=FAILED | reason=Insufficient quantity for product id: 1301. Requested: 273, available: 0
2026-07-28T19:16:21.845-04:00 Order failure | productId=1301 | userId=3342 | quantity=784 | status=FAILED | reason=Insufficient quantity for product id: 1301. Requested: 784, available: 0
2026-07-28T19:16:21.852-04:00 Order failure | productId=1301 | userId=3343 | quantity=438 | status=FAILED | reason=Insufficient quantity for product id: 1301. Requested: 438, available: 0
2026-07-28T19:16:21.855-04:00 Order failure | productId=11234 | userId=3344 | quantity=884 | status=FAILED | reason=Insufficient quantity for product id: 11234. Requested: 884, available: 0
2026-07-28T19:16:21.861-04:00 Order failure | productId=1301 | userId=3345 | quantity=615 | status=FAILED | reason=Insufficient quantity for product id: 1301. Requested: 615, available: 0
2026-07-28T19:16:21.866-04:00 Order failure | productId=1301 | userId=3346 | quantity=738 | status=FAILED | reason=Insufficient quantity for product id: 1301. Requested: 738, available: 0
2026-07-28T19:16:21.871-04:00 Order failure | productId=11234 | userId=3347 | quantity=166 | status=FAILED | reason=Insufficient quantity for product id: 11234. Requested: 166, available: 0
2026-07-28T19:16:21.874-04:00 Order failure | productId=1301 | userId=3348 | quantity=8 | status=FAILED | reason=Insufficient quantity for product id: 1301. Requested: 8, available: 0
2026-07-28T19:16:21.881-04:00 Order failure | productId=1301 | userId=3349 | quantity=434 | status=FAILED | reason=Insufficient quantity for product id: 1301. Requested: 434, available: 0
2026-07-28T19:16:21.886-04:00 Order failure | productId=11234 | userId=3350 | quantity=454 | status=FAILED | reason=Insufficient quantity for product id: 11234. Requested: 454, available: 0
2026-07-28T19:16:21.891-04:00 Order failure | productId=1301 | userId=3351 | quantity=581 | status=FAILED | reason=Insufficient quantity for product id: 1301. Requested: 581, available: 0
2026-07-28T19:16:21.896-04:00 Order failure | productId=11234 | userId=3352 | quantity=100 | status=FAILED | reason=Insufficient quantity for product id: 11234. Requested: 100, available: 0
2026-07-28T19:16:21.901-04:00 Order failure | productId=11234 | userId=3353 | quantity=620 | status=FAILED | reason=Insufficient quantity for product id: 11234. Requested: 620, available: 0
2026-07-28T19:16:21.905-04:00 Order failure | productId=1301 | userId=3354 | quantity=739 | status=FAILED | reason=Insufficient quantity for product id: 1301. Requested: 739, available: 0
2026-07-28T19:16:21.910-04:00 Order failure | productId=1301 | userId=3355 | quantity=892 | status=FAILED | reason=Insufficient quantity for product id: 1301. Requested: 892, available: 0
2026-07-28T19:16:21.915-04:00 Order failure | productId=1301 | userId=3356 | quantity=278 | status=FAILED | reason=Insufficient quantity for product id: 1301. Requested: 278, available: 0
2026-07-28T19:16:21.921-04:00 Order failure | productId=11234 | userId=3357 | quantity=579 | status=FAILED | reason=Insufficient quantity for product id: 11234. Requested: 579, available: 0
2026-07-28T19:16:21.925-04:00 Order failure | productId=1301 | userId=3358 | quantity=571 | status=FAILED | reason=Insufficient quantity for product id: 1301. Requested: 571, available: 0
2026-07-28T19:16:21.930-04:00 Order failure | productId=1301 | userId=3359 | quantity=231 | status=FAILED | reason=Insufficient quantity for product id: 1301. Requested: 231, available: 0
2026-07-28T19:16:21.938-04:00 Order failure | productId=11234 | userId=3360 | quantity=302 | status=FAILED | reason=Insufficient quantity for product id: 11234. Requested: 302, available: 0
2026-07-28T19:16:21.942-04:00 Order failure | productId=1301 | userId=3361 | quantity=148 | status=FAILED | reason=Insufficient quantity for product id: 1301. Requested: 148, available: 0
2026-07-28T19:16:21.948-04:00 Order failure | productId=1301 | userId=3362 | quantity=578 | status=FAILED | reason=Insufficient quantity for product id: 1301. Requested: 578, available: 0
2026-07-28T19:16:21.951-04:00 Order failure | productId=1301 | userId=3363 | quantity=896 | status=FAILED | reason=Insufficient quantity for product id: 1301. Requested: 896, available: 0
2026-07-28T19:16:21.956-04:00 Order failure | productId=11234 | userId=3364 | quantity=556 | status=FAILED | reason=Insufficient quantity for product id: 11234. Requested: 556, available: 0
2026-07-28T19:16:21.961-04:00 Order failure | productId=1301 | userId=3365 | quantity=637 | status=FAILED | reason=Insufficient quantity for product id: 1301. Requested: 637, available: 0
2026-07-28T19:16:21.966-04:00 Order failure | productId=11234 | userId=3366 | quantity=142 | status=FAILED | reason=Insufficient quantity for product id: 11234. Requested: 142, available: 0
2026-07-28T19:16:21.970-04:00 Order failure | productId=11234 | userId=3367 | quantity=717 | status=FAILED | reason=Insufficient quantity for product id: 11234. Requested: 717, available: 0
2026-07-28T19:16:21.979-04:00 Order failure | productId=1301 | userId=3368 | quantity=354 | status=FAILED | reason=Insufficient quantity for product id: 1301. Requested: 354, available: 0
2026-07-28T19:16:21.982-04:00 Order failure | productId=11234 | userId=3369 | quantity=430 | status=FAILED | reason=Insufficient quantity for product id: 11234. Requested: 430, available: 0
2026-07-28T19:16:21.986-04:00 Order failure | productId=1301 | userId=3370 | quantity=509 | status=FAILED | reason=Insufficient quantity for product id: 1301. Requested: 509, available: 0
2026-07-28T19:16:21.991-04:00 Order failure | productId=1301 | userId=3371 | quantity=215 | status=FAILED | reason=Insufficient quantity for product id: 1301. Requested: 215, available: 0
2026-07-28T19:16:21.996-04:00 Order failure | productId=1301 | userId=3372 | quantity=887 | status=FAILED | reason=Insufficient quantity for product id: 1301. Requested: 887, available: 0
2026-07-28T19:16:22.001-04:00 Order failure | productId=1301 | userId=3373 | quantity=236 | status=FAILED | reason=Insufficient quantity for product id: 1301. Requested: 236, available: 0
2026-07-28T19:16:22.006-04:00 Order failure | productId=1301 | userId=3374 | quantity=483 | status=FAILED | reason=Insufficient quantity for product id: 1301. Requested: 483, available: 0
2026-07-28T19:16:22.012-04:00 Order failure | productId=1301 | userId=3375 | quantity=567 | status=FAILED | reason=Insufficient quantity for product id: 1301. Requested: 567, available: 0
2026-07-28T19:16:22.016-04:00 Order failure | productId=1301 | userId=3376 | quantity=851 | status=FAILED | reason=Insufficient quantity for product id: 1301. Requested: 851, available: 0
2026-07-28T19:16:22.021-04:00 Order failure | productId=1301 | userId=3377 | quantity=423 | status=FAILED | reason=Insufficient quantity for product id: 1301. Requested: 423, available: 0
2026-07-28T19:16:22.026-04:00 Order failure | productId=1301 | userId=3378 | quantity=558 | status=FAILED | reason=Insufficient quantity for product id: 1301. Requested: 558, available: 0
2026-07-28T19:16:22.031-04:00 Order failure | productId=1301 | userId=3379 | quantity=969 | status=FAILED | reason=Insufficient quantity for product id: 1301. Requested: 969, available: 0
2026-07-28T19:16:22.036-04:00 Order failure | productId=1301 | userId=3380 | quantity=17 | status=FAILED | reason=Insufficient quantity for product id: 1301. Requested: 17, available: 0
2026-07-28T19:16:22.041-04:00 Order failure | productId=1301 | userId=3381 | quantity=345 | status=FAILED | reason=Insufficient quantity for product id: 1301. Requested: 345, available: 0
2026-07-28T19:16:22.046-04:00 Order failure | productId=11234 | userId=3382 | quantity=349 | status=FAILED | reason=Insufficient quantity for product id: 11234. Requested: 349, available: 0
2026-07-28T19:16:22.055-04:00 Order failure | productId=11234 | userId=3383 | quantity=29 | status=FAILED | reason=Insufficient quantity for product id: 11234. Requested: 29, available: 0
2026-07-28T19:16:22.059-04:00 Order failure | productId=1301 | userId=3384 | quantity=644 | status=FAILED | reason=Insufficient quantity for product id: 1301. Requested: 644, available: 0
2026-07-28T19:16:22.062-04:00 Order failure | productId=1301 | userId=3385 | quantity=141 | status=FAILED | reason=Insufficient quantity for product id: 1301. Requested: 141, available: 0
2026-07-28T19:16:22.066-04:00 Order failure | productId=11234 | userId=3386 | quantity=199 | status=FAILED | reason=Insufficient quantity for product id: 11234. Requested: 199, available: 0
2026-07-28T19:16:22.069-04:00 Order failure | productId=11234 | userId=3387 | quantity=372 | status=FAILED | reason=Insufficient quantity for product id: 11234. Requested: 372, available: 0
2026-07-28T19:16:22.074-04:00 Order failure | productId=1301 | userId=3388 | quantity=896 | status=FAILED | reason=Insufficient quantity for product id: 1301. Requested: 896, available: 0
2026-07-28T19:16:22.080-04:00 Order failure | productId=1301 | userId=3389 | quantity=908 | status=FAILED | reason=Insufficient quantity for product id: 1301. Requested: 908, available: 0
2026-07-28T19:16:22.085-04:00 Order failure | productId=1301 | userId=3390 | quantity=318 | status=FAILED | reason=Insufficient quantity for product id: 1301. Requested: 318, available: 0
2026-07-28T19:16:22.091-04:00 Order failure | productId=1301 | userId=3391 | quantity=205 | status=FAILED | reason=Insufficient quantity for product id: 1301. Requested: 205, available: 0
2026-07-28T19:16:22.094-04:00 Order failure | productId=11234 | userId=3392 | quantity=256 | status=FAILED | reason=Insufficient quantity for product id: 11234. Requested: 256, available: 0
2026-07-28T19:16:22.101-04:00 Order failure | productId=11234 | userId=3393 | quantity=919 | status=FAILED | reason=Insufficient quantity for product id: 11234. Requested: 919, available: 0
2026-07-28T19:16:22.105-04:00 Order failure | productId=11234 | userId=3394 | quantity=451 | status=FAILED | reason=Insufficient quantity for product id: 11234. Requested: 451, available: 0
2026-07-28T19:16:22.113-04:00 Order failure | productId=1301 | userId=3395 | quantity=497 | status=FAILED | reason=Insufficient quantity for product id: 1301. Requested: 497, available: 0
2026-07-28T19:16:22.116-04:00 Order failure | productId=11234 | userId=3396 | quantity=299 | status=FAILED | reason=Insufficient quantity for product id: 11234. Requested: 299, available: 0
2026-07-28T19:16:22.120-04:00 Order failure | productId=11234 | userId=3397 | quantity=168 | status=FAILED | reason=Insufficient quantity for product id: 11234. Requested: 168, available: 0
2026-07-28T19:16:22.125-04:00 Order failure | productId=11234 | userId=3398 | quantity=445 | status=FAILED | reason=Insufficient quantity for product id: 11234. Requested: 445, available: 0
2026-07-28T19:16:22.130-04:00 Order failure | productId=11234 | userId=3399 | quantity=939 | status=FAILED | reason=Insufficient quantity for product id: 11234. Requested: 939, available: 0
2026-07-28T19:16:22.138-04:00 Order failure | productId=1301 | userId=3400 | quantity=993 | status=FAILED | reason=Insufficient quantity for product id: 1301. Requested: 993, available: 0
2026-07-28T19:16:22.141-04:00 Order failure | productId=11234 | userId=3401 | quantity=47 | status=FAILED | reason=Insufficient quantity for product id: 11234. Requested: 47, available: 0
2026-07-28T19:16:22.145-04:00 Order failure | productId=1301 | userId=3402 | quantity=681 | status=FAILED | reason=Insufficient quantity for product id: 1301. Requested: 681, available: 0
2026-07-28T19:16:22.151-04:00 Order failure | productId=11234 | userId=3403 | quantity=964 | status=FAILED | reason=Insufficient quantity for product id: 11234. Requested: 964, available: 0
2026-07-28T19:16:22.157-04:00 Order failure | productId=1301 | userId=3404 | quantity=825 | status=FAILED | reason=Insufficient quantity for product id: 1301. Requested: 825, available: 0
2026-07-28T19:16:22.162-04:00 Order failure | productId=1301 | userId=3405 | quantity=221 | status=FAILED | reason=Insufficient quantity for product id: 1301. Requested: 221, available: 0
2026-07-28T19:16:22.165-04:00 Order failure | productId=11234 | userId=3406 | quantity=519 | status=FAILED | reason=Insufficient quantity for product id: 11234. Requested: 519, available: 0
2026-07-28T19:16:22.173-04:00 Order failure | productId=1301 | userId=3407 | quantity=95 | status=FAILED | reason=Insufficient quantity for product id: 1301. Requested: 95, available: 0
2026-07-28T19:16:22.174-04:00 Order failure | productId=11234 | userId=3408 | quantity=6 | status=FAILED | reason=Insufficient quantity for product id: 11234. Requested: 6, available: 0
2026-07-28T19:16:22.182-04:00 Order failure | productId=1301 | userId=3409 | quantity=358 | status=FAILED | reason=Insufficient quantity for product id: 1301. Requested: 358, available: 0
2026-07-28T19:16:22.186-04:00 Order failure | productId=11234 | userId=3410 | quantity=633 | status=FAILED | reason=Insufficient quantity for product id: 11234. Requested: 633, available: 0
2026-07-28T19:16:22.192-04:00 Order failure | productId=1301 | userId=3411 | quantity=12 | status=FAILED | reason=Insufficient quantity for product id: 1301. Requested: 12, available: 0
2026-07-28T19:16:22.196-04:00 Order failure | productId=1301 | userId=3412 | quantity=801 | status=FAILED | reason=Insufficient quantity for product id: 1301. Requested: 801, available: 0
2026-07-28T19:16:22.200-04:00 Order failure | productId=1301 | userId=3413 | quantity=839 | status=FAILED | reason=Insufficient quantity for product id: 1301. Requested: 839, available: 0
2026-07-28T19:16:22.206-04:00 Order failure | productId=11234 | userId=3414 | quantity=533 | status=FAILED | reason=Insufficient quantity for product id: 11234. Requested: 533, available: 0
2026-07-28T19:16:22.210-04:00 Order failure | productId=1301 | userId=3415 | quantity=218 | status=FAILED | reason=Insufficient quantity for product id: 1301. Requested: 218, available: 0
2026-07-28T19:16:22.216-04:00 Order failure | productId=1301 | userId=3416 | quantity=26 | status=FAILED | reason=Insufficient quantity for product id: 1301. Requested: 26, available: 0
2026-07-28T19:16:22.220-04:00 Order failure | productId=1301 | userId=3417 | quantity=556 | status=FAILED | reason=Insufficient quantity for product id: 1301. Requested: 556, available: 0
2026-07-28T19:16:22.226-04:00 Order failure | productId=1301 | userId=3418 | quantity=284 | status=FAILED | reason=Insufficient quantity for product id: 1301. Requested: 284, available: 0
2026-07-28T19:16:22.231-04:00 Order failure | productId=11234 | userId=3419 | quantity=528 | status=FAILED | reason=Insufficient quantity for product id: 11234. Requested: 528, available: 0
2026-07-28T19:16:22.236-04:00 Order failure | productId=11234 | userId=3420 | quantity=383 | status=FAILED | reason=Insufficient quantity for product id: 11234. Requested: 383, available: 0
2026-07-28T19:16:22.240-04:00 Order failure | productId=11234 | userId=3421 | quantity=282 | status=FAILED | reason=Insufficient quantity for product id: 11234. Requested: 282, available: 0
2026-07-28T19:16:22.245-04:00 Order failure | productId=1301 | userId=3422 | quantity=589 | status=FAILED | reason=Insufficient quantity for product id: 1301. Requested: 589, available: 0
2026-07-28T19:16:22.250-04:00 Order failure | productId=1301 | userId=3423 | quantity=253 | status=FAILED | reason=Insufficient quantity for product id: 1301. Requested: 253, available: 0
2026-07-28T19:16:22.256-04:00 Order failure | productId=1301 | userId=3424 | quantity=894 | status=FAILED | reason=Insufficient quantity for product id: 1301. Requested: 894, available: 0
2026-07-28T19:16:22.261-04:00 Order failure | productId=11234 | userId=3425 | quantity=997 | status=FAILED | reason=Insufficient quantity for product id: 11234. Requested: 997, available: 0
2026-07-28T19:16:22.265-04:00 Order failure | productId=1301 | userId=3426 | quantity=743 | status=FAILED | reason=Insufficient quantity for product id: 1301. Requested: 743, available: 0
2026-07-28T19:16:22.271-04:00 Order failure | productId=11234 | userId=3427 | quantity=420 | status=FAILED | reason=Insufficient quantity for product id: 11234. Requested: 420, available: 0
2026-07-28T19:16:22.275-04:00 Order failure | productId=11234 | userId=3428 | quantity=493 | status=FAILED | reason=Insufficient quantity for product id: 11234. Requested: 493, available: 0
2026-07-28T19:16:22.281-04:00 Order failure | productId=1301 | userId=3429 | quantity=821 | status=FAILED | reason=Insufficient quantity for product id: 1301. Requested: 821, available: 0
2026-07-28T19:16:22.285-04:00 Order failure | productId=11234 | userId=3430 | quantity=251 | status=FAILED | reason=Insufficient quantity for product id: 11234. Requested: 251, available: 0
2026-07-28T19:16:22.291-04:00 Order failure | productId=1301 | userId=3431 | quantity=985 | status=FAILED | reason=Insufficient quantity for product id: 1301. Requested: 985, available: 0
2026-07-28T19:16:22.296-04:00 Order failure | productId=11234 | userId=3432 | quantity=709 | status=FAILED | reason=Insufficient quantity for product id: 11234. Requested: 709, available: 0
2026-07-28T19:16:22.300-04:00 Order failure | productId=1301 | userId=3433 | quantity=611 | status=FAILED | reason=Insufficient quantity for product id: 1301. Requested: 611, available: 0
2026-07-28T19:16:22.305-04:00 Order failure | productId=11234 | userId=3434 | quantity=698 | status=FAILED | reason=Insufficient quantity for product id: 11234. Requested: 698, available: 0
2026-07-28T19:16:22.311-04:00 Order failure | productId=1301 | userId=3435 | quantity=46 | status=FAILED | reason=Insufficient quantity for product id: 1301. Requested: 46, available: 0
2026-07-28T19:16:22.315-04:00 Order failure | productId=11234 | userId=3436 | quantity=935 | status=FAILED | reason=Insufficient quantity for product id: 11234. Requested: 935, available: 0
2026-07-28T19:16:22.320-04:00 Order failure | productId=1301 | userId=3437 | quantity=907 | status=FAILED | reason=Insufficient quantity for product id: 1301. Requested: 907, available: 0
2026-07-28T19:16:22.325-04:00 Order failure | productId=11234 | userId=3438 | quantity=807 | status=FAILED | reason=Insufficient quantity for product id: 11234. Requested: 807, available: 0
2026-07-28T19:16:22.330-04:00 Order failure | productId=1301 | userId=3439 | quantity=731 | status=FAILED | reason=Insufficient quantity for product id: 1301. Requested: 731, available: 0
2026-07-28T19:16:22.335-04:00 Order failure | productId=1301 | userId=3440 | quantity=833 | status=FAILED | reason=Insufficient quantity for product id: 1301. Requested: 833, available: 0
2026-07-28T19:16:22.341-04:00 Order failure | productId=1301 | userId=3441 | quantity=370 | status=FAILED | reason=Insufficient quantity for product id: 1301. Requested: 370, available: 0
2026-07-28T19:16:22.346-04:00 Order failure | productId=11234 | userId=3442 | quantity=702 | status=FAILED | reason=Insufficient quantity for product id: 11234. Requested: 702, available: 0
2026-07-28T19:16:22.351-04:00 Order failure | productId=11234 | userId=3443 | quantity=989 | status=FAILED | reason=Insufficient quantity for product id: 11234. Requested: 989, available: 0
2026-07-28T19:16:22.355-04:00 Order failure | productId=1301 | userId=3444 | quantity=353 | status=FAILED | reason=Insufficient quantity for product id: 1301. Requested: 353, available: 0
2026-07-28T19:16:22.362-04:00 Order failure | productId=11234 | userId=3445 | quantity=515 | status=FAILED | reason=Insufficient quantity for product id: 11234. Requested: 515, available: 0
2026-07-28T19:16:22.366-04:00 Order failure | productId=1301 | userId=3446 | quantity=924 | status=FAILED | reason=Insufficient quantity for product id: 1301. Requested: 924, available: 0
2026-07-28T19:16:22.371-04:00 Order failure | productId=1301 | userId=3447 | quantity=80 | status=FAILED | reason=Insufficient quantity for product id: 1301. Requested: 80, available: 0
2026-07-28T19:16:22.376-04:00 Order failure | productId=11234 | userId=3448 | quantity=954 | status=FAILED | reason=Insufficient quantity for product id: 11234. Requested: 954, available: 0
2026-07-28T19:16:22.381-04:00 Order failure | productId=11234 | userId=3449 | quantity=65 | status=FAILED | reason=Insufficient quantity for product id: 11234. Requested: 65, available: 0
2026-07-28T19:16:22.386-04:00 Order failure | productId=1301 | userId=3450 | quantity=681 | status=FAILED | reason=Insufficient quantity for product id: 1301. Requested: 681, available: 0
2026-07-28T19:16:22.392-04:00 Order failure | productId=11234 | userId=3451 | quantity=105 | status=FAILED | reason=Insufficient quantity for product id: 11234. Requested: 105, available: 0
2026-07-28T19:16:22.396-04:00 Order failure | productId=11234 | userId=3452 | quantity=943 | status=FAILED | reason=Insufficient quantity for product id: 11234. Requested: 943, available: 0
2026-07-28T19:16:22.401-04:00 Order failure | productId=11234 | userId=3453 | quantity=364 | status=FAILED | reason=Insufficient quantity for product id: 11234. Requested: 364, available: 0
2026-07-28T19:16:22.406-04:00 Order failure | productId=1301 | userId=3454 | quantity=815 | status=FAILED | reason=Insufficient quantity for product id: 1301. Requested: 815, available: 0
2026-07-28T19:16:22.412-04:00 Order failure | productId=1301 | userId=3455 | quantity=413 | status=FAILED | reason=Insufficient quantity for product id: 1301. Requested: 413, available: 0
2026-07-28T19:16:22.417-04:00 Order failure | productId=1301 | userId=3456 | quantity=499 | status=FAILED | reason=Insufficient quantity for product id: 1301. Requested: 499, available: 0
2026-07-28T19:16:22.421-04:00 Order failure | productId=11234 | userId=3457 | quantity=948 | status=FAILED | reason=Insufficient quantity for product id: 11234. Requested: 948, available: 0
2026-07-28T19:16:22.425-04:00 Order failure | productId=11234 | userId=3458 | quantity=139 | status=FAILED | reason=Insufficient quantity for product id: 11234. Requested: 139, available: 0
2026-07-28T19:16:22.431-04:00 Order failure | productId=1301 | userId=3459 | quantity=286 | status=FAILED | reason=Insufficient quantity for product id: 1301. Requested: 286, available: 0
2026-07-28T19:16:22.436-04:00 Order failure | productId=1301 | userId=3460 | quantity=16 | status=FAILED | reason=Insufficient quantity for product id: 1301. Requested: 16, available: 0
2026-07-28T19:16:22.442-04:00 Order failure | productId=11234 | userId=3461 | quantity=10 | status=FAILED | reason=Insufficient quantity for product id: 11234. Requested: 10, available: 0
2026-07-28T19:16:22.445-04:00 Order failure | productId=1301 | userId=3462 | quantity=625 | status=FAILED | reason=Insufficient quantity for product id: 1301. Requested: 625, available: 0
2026-07-28T19:16:22.451-04:00 Order failure | productId=1301 | userId=3463 | quantity=910 | status=FAILED | reason=Insufficient quantity for product id: 1301. Requested: 910, available: 0
2026-07-28T19:16:22.454-04:00 Order failure | productId=1301 | userId=3464 | quantity=739 | status=FAILED | reason=Insufficient quantity for product id: 1301. Requested: 739, available: 0
2026-07-28T19:16:22.460-04:00 Order failure | productId=1301 | userId=3465 | quantity=783 | status=FAILED | reason=Insufficient quantity for product id: 1301. Requested: 783, available: 0
2026-07-28T19:16:22.465-04:00 Order failure | productId=1301 | userId=3466 | quantity=34 | status=FAILED | reason=Insufficient quantity for product id: 1301. Requested: 34, available: 0
2026-07-28T19:16:22.470-04:00 Order failure | productId=11234 | userId=3467 | quantity=719 | status=FAILED | reason=Insufficient quantity for product id: 11234. Requested: 719, available: 0
2026-07-28T19:16:22.474-04:00 Order failure | productId=11234 | userId=3468 | quantity=942 | status=FAILED | reason=Insufficient quantity for product id: 11234. Requested: 942, available: 0
2026-07-28T19:16:22.479-04:00 Order failure | productId=1301 | userId=3469 | quantity=479 | status=FAILED | reason=Insufficient quantity for product id: 1301. Requested: 479, available: 0
2026-07-28T19:16:22.484-04:00 Order failure | productId=1301 | userId=3470 | quantity=838 | status=FAILED | reason=Insufficient quantity for product id: 1301. Requested: 838, available: 0
2026-07-28T19:16:22.488-04:00 Order failure | productId=11234 | userId=3471 | quantity=815 | status=FAILED | reason=Insufficient quantity for product id: 11234. Requested: 815, available: 0
2026-07-28T19:16:22.494-04:00 Order failure | productId=1301 | userId=3472 | quantity=509 | status=FAILED | reason=Insufficient quantity for product id: 1301. Requested: 509, available: 0
2026-07-28T19:16:22.500-04:00 Order failure | productId=11234 | userId=3473 | quantity=837 | status=FAILED | reason=Insufficient quantity for product id: 11234. Requested: 837, available: 0
2026-07-28T19:16:22.505-04:00 Order failure | productId=1301 | userId=3474 | quantity=160 | status=FAILED | reason=Insufficient quantity for product id: 1301. Requested: 160, available: 0
2026-07-28T19:16:22.509-04:00 Order failure | productId=11234 | userId=3475 | quantity=922 | status=FAILED | reason=Insufficient quantity for product id: 11234. Requested: 922, available: 0
2026-07-28T19:16:22.514-04:00 Order failure | productId=11234 | userId=3476 | quantity=429 | status=FAILED | reason=Insufficient quantity for product id: 11234. Requested: 429, available: 0
2026-07-28T19:16:22.520-04:00 Order failure | productId=1301 | userId=3477 | quantity=70 | status=FAILED | reason=Insufficient quantity for product id: 1301. Requested: 70, available: 0
2026-07-28T19:16:22.523-04:00 Order failure | productId=1301 | userId=3478 | quantity=617 | status=FAILED | reason=Insufficient quantity for product id: 1301. Requested: 617, available: 0
2026-07-28T19:16:22.530-04:00 Order failure | productId=11234 | userId=3479 | quantity=688 | status=FAILED | reason=Insufficient quantity for product id: 11234. Requested: 688, available: 0
2026-07-28T19:16:22.535-04:00 Order failure | productId=1301 | userId=3480 | quantity=701 | status=FAILED | reason=Insufficient quantity for product id: 1301. Requested: 701, available: 0
2026-07-28T19:16:22.539-04:00 Order failure | productId=1301 | userId=3481 | quantity=647 | status=FAILED | reason=Insufficient quantity for product id: 1301. Requested: 647, available: 0
2026-07-28T19:16:22.544-04:00 Order failure | productId=11234 | userId=3482 | quantity=831 | status=FAILED | reason=Insufficient quantity for product id: 11234. Requested: 831, available: 0
2026-07-28T19:16:22.551-04:00 Order failure | productId=1301 | userId=3483 | quantity=886 | status=FAILED | reason=Insufficient quantity for product id: 1301. Requested: 886, available: 0
2026-07-28T19:16:22.554-04:00 Order failure | productId=11234 | userId=3484 | quantity=541 | status=FAILED | reason=Insufficient quantity for product id: 11234. Requested: 541, available: 0
2026-07-28T19:16:22.560-04:00 Order failure | productId=11234 | userId=3485 | quantity=424 | status=FAILED | reason=Insufficient quantity for product id: 11234. Requested: 424, available: 0
2026-07-28T19:16:22.564-04:00 Order failure | productId=1301 | userId=3486 | quantity=940 | status=FAILED | reason=Insufficient quantity for product id: 1301. Requested: 940, available: 0
2026-07-28T19:16:22.570-04:00 Order failure | productId=11234 | userId=3487 | quantity=279 | status=FAILED | reason=Insufficient quantity for product id: 11234. Requested: 279, available: 0
2026-07-28T19:16:22.576-04:00 Order failure | productId=1301 | userId=3488 | quantity=979 | status=FAILED | reason=Insufficient quantity for product id: 1301. Requested: 979, available: 0
2026-07-28T19:16:22.579-04:00 Order failure | productId=1301 | userId=3489 | quantity=674 | status=FAILED | reason=Insufficient quantity for product id: 1301. Requested: 674, available: 0
2026-07-28T19:16:22.585-04:00 Order failure | productId=1301 | userId=3490 | quantity=132 | status=FAILED | reason=Insufficient quantity for product id: 1301. Requested: 132, available: 0
2026-07-28T19:16:22.593-04:00 Order failure | productId=1301 | userId=3491 | quantity=695 | status=FAILED | reason=Insufficient quantity for product id: 1301. Requested: 695, available: 0
2026-07-28T19:16:22.594-04:00 Order failure | productId=1301 | userId=3492 | quantity=612 | status=FAILED | reason=Insufficient quantity for product id: 1301. Requested: 612, available: 0
2026-07-28T19:16:22.600-04:00 Order failure | productId=1301 | userId=3493 | quantity=741 | status=FAILED | reason=Insufficient quantity for product id: 1301. Requested: 741, available: 0
2026-07-28T19:16:22.603-04:00 Order failure | productId=1301 | userId=3494 | quantity=266 | status=FAILED | reason=Insufficient quantity for product id: 1301. Requested: 266, available: 0
2026-07-28T19:16:22.610-04:00 Order failure | productId=1301 | userId=3495 | quantity=932 | status=FAILED | reason=Insufficient quantity for product id: 1301. Requested: 932, available: 0
2026-07-28T19:16:22.614-04:00 Order failure | productId=1301 | userId=3496 | quantity=621 | status=FAILED | reason=Insufficient quantity for product id: 1301. Requested: 621, available: 0
2026-07-28T19:16:22.619-04:00 Order failure | productId=1301 | userId=3497 | quantity=846 | status=FAILED | reason=Insufficient quantity for product id: 1301. Requested: 846, available: 0
2026-07-28T19:16:22.624-04:00 Order failure | productId=1301 | userId=3498 | quantity=180 | status=FAILED | reason=Insufficient quantity for product id: 1301. Requested: 180, available: 0
2026-07-28T19:16:22.629-04:00 Order failure | productId=11234 | userId=3499 | quantity=254 | status=FAILED | reason=Insufficient quantity for product id: 11234. Requested: 254, available: 0
2026-07-28T19:16:22.635-04:00 Order failure | productId=1301 | userId=3500 | quantity=189 | status=FAILED | reason=Insufficient quantity for product id: 1301. Requested: 189, available: 0
2026-07-28T19:16:22.639-04:00 Order failure | productId=1301 | userId=3501 | quantity=734 | status=FAILED | reason=Insufficient quantity for product id: 1301. Requested: 734, available: 0
2026-07-28T19:16:22.644-04:00 Order failure | productId=11234 | userId=3502 | quantity=34 | status=FAILED | reason=Insufficient quantity for product id: 11234. Requested: 34, available: 0
2026-07-28T19:16:22.651-04:00 Order failure | productId=1301 | userId=3503 | quantity=974 | status=FAILED | reason=Insufficient quantity for product id: 1301. Requested: 974, available: 0
2026-07-28T19:16:22.654-04:00 Order failure | productId=11234 | userId=3504 | quantity=61 | status=FAILED | reason=Insufficient quantity for product id: 11234. Requested: 61, available: 0
2026-07-28T19:16:22.659-04:00 Order failure | productId=11234 | userId=3505 | quantity=725 | status=FAILED | reason=Insufficient quantity for product id: 11234. Requested: 725, available: 0
2026-07-28T19:16:22.666-04:00 Order failure | productId=1301 | userId=3506 | quantity=465 | status=FAILED | reason=Insufficient quantity for product id: 1301. Requested: 465, available: 0
2026-07-28T19:16:22.669-04:00 Order failure | productId=11234 | userId=3507 | quantity=213 | status=FAILED | reason=Insufficient quantity for product id: 11234. Requested: 213, available: 0
2026-07-28T19:16:22.675-04:00 Order failure | productId=11234 | userId=3508 | quantity=202 | status=FAILED | reason=Insufficient quantity for product id: 11234. Requested: 202, available: 0
2026-07-28T19:16:22.679-04:00 Order failure | productId=1301 | userId=3509 | quantity=857 | status=FAILED | reason=Insufficient quantity for product id: 1301. Requested: 857, available: 0
2026-07-28T19:16:22.685-04:00 Order failure | productId=11234 | userId=3510 | quantity=476 | status=FAILED | reason=Insufficient quantity for product id: 11234. Requested: 476, available: 0
2026-07-28T19:16:22.689-04:00 Order failure | productId=11234 | userId=3511 | quantity=748 | status=FAILED | reason=Insufficient quantity for product id: 11234. Requested: 748, available: 0
2026-07-28T19:16:22.694-04:00 Order failure | productId=1301 | userId=3512 | quantity=734 | status=FAILED | reason=Insufficient quantity for product id: 1301. Requested: 734, available: 0
2026-07-28T19:16:22.701-04:00 Order failure | productId=11234 | userId=3513 | quantity=972 | status=FAILED | reason=Insufficient quantity for product id: 11234. Requested: 972, available: 0
2026-07-28T19:16:22.704-04:00 Order failure | productId=11234 | userId=3514 | quantity=352 | status=FAILED | reason=Insufficient quantity for product id: 11234. Requested: 352, available: 0
2026-07-28T19:16:22.710-04:00 Order failure | productId=1301 | userId=3515 | quantity=172 | status=FAILED | reason=Insufficient quantity for product id: 1301. Requested: 172, available: 0
2026-07-28T19:16:22.714-04:00 Order failure | productId=1301 | userId=3516 | quantity=998 | status=FAILED | reason=Insufficient quantity for product id: 1301. Requested: 998, available: 0
2026-07-28T19:16:22.719-04:00 Order failure | productId=1301 | userId=3517 | quantity=69 | status=FAILED | reason=Insufficient quantity for product id: 1301. Requested: 69, available: 0
2026-07-28T19:16:22.725-04:00 Order failure | productId=1301 | userId=3518 | quantity=464 | status=FAILED | reason=Insufficient quantity for product id: 1301. Requested: 464, available: 0
2026-07-28T19:16:22.731-04:00 Order failure | productId=11234 | userId=3519 | quantity=270 | status=FAILED | reason=Insufficient quantity for product id: 11234. Requested: 270, available: 0
2026-07-28T19:16:22.737-04:00 Order failure | productId=11234 | userId=3520 | quantity=797 | status=FAILED | reason=Insufficient quantity for product id: 11234. Requested: 797, available: 0
2026-07-28T19:16:22.740-04:00 Order failure | productId=1301 | userId=3521 | quantity=56 | status=FAILED | reason=Insufficient quantity for product id: 1301. Requested: 56, available: 0
2026-07-28T19:16:22.746-04:00 Order failure | productId=1301 | userId=3522 | quantity=67 | status=FAILED | reason=Insufficient quantity for product id: 1301. Requested: 67, available: 0
2026-07-28T19:16:22.751-04:00 Order failure | productId=11234 | userId=3523 | quantity=840 | status=FAILED | reason=Insufficient quantity for product id: 11234. Requested: 840, available: 0
2026-07-28T19:16:22.756-04:00 Order failure | productId=11234 | userId=3524 | quantity=672 | status=FAILED | reason=Insufficient quantity for product id: 11234. Requested: 672, available: 0
2026-07-28T19:16:22.762-04:00 Order failure | productId=11234 | userId=3525 | quantity=833 | status=FAILED | reason=Insufficient quantity for product id: 11234. Requested: 833, available: 0
2026-07-28T19:16:22.766-04:00 Order failure | productId=1301 | userId=3526 | quantity=541 | status=FAILED | reason=Insufficient quantity for product id: 1301. Requested: 541, available: 0
2026-07-28T19:16:22.770-04:00 Order failure | productId=1301 | userId=3527 | quantity=877 | status=FAILED | reason=Insufficient quantity for product id: 1301. Requested: 877, available: 0
2026-07-28T19:16:22.775-04:00 Order failure | productId=1301 | userId=3528 | quantity=308 | status=FAILED | reason=Insufficient quantity for product id: 1301. Requested: 308, available: 0
2026-07-28T19:16:22.788-04:00 Order failure | productId=11234 | userId=3529 | quantity=888 | status=FAILED | reason=Insufficient quantity for product id: 11234. Requested: 888, available: 0
2026-07-28T19:16:22.793-04:00 Order failure | productId=11234 | userId=3530 | quantity=871 | status=FAILED | reason=Insufficient quantity for product id: 11234. Requested: 871, available: 0
2026-07-28T19:16:22.794-04:00 Order failure | productId=1301 | userId=3531 | quantity=432 | status=FAILED | reason=Insufficient quantity for product id: 1301. Requested: 432, available: 0
2026-07-28T19:16:22.800-04:00 Order failure | productId=1301 | userId=3532 | quantity=383 | status=FAILED | reason=Insufficient quantity for product id: 1301. Requested: 383, available: 0
2026-07-28T19:16:22.803-04:00 Order failure | productId=1301 | userId=3533 | quantity=362 | status=FAILED | reason=Insufficient quantity for product id: 1301. Requested: 362, available: 0
2026-07-28T19:16:22.809-04:00 Order failure | productId=11234 | userId=3534 | quantity=456 | status=FAILED | reason=Insufficient quantity for product id: 11234. Requested: 456, available: 0
2026-07-28T19:16:22.817-04:00 Order failure | productId=11234 | userId=3535 | quantity=997 | status=FAILED | reason=Insufficient quantity for product id: 11234. Requested: 997, available: 0
2026-07-28T19:16:22.822-04:00 Order failure | productId=11234 | userId=3537 | quantity=141 | status=FAILED | reason=Insufficient quantity for product id: 11234. Requested: 141, available: 0
2026-07-28T19:16:22.822-04:00 Order failure | productId=1301 | userId=3536 | quantity=223 | status=FAILED | reason=Insufficient quantity for product id: 1301. Requested: 223, available: 0
2026-07-28T19:16:22.831-04:00 Order failure | productId=11234 | userId=3538 | quantity=175 | status=FAILED | reason=Insufficient quantity for product id: 11234. Requested: 175, available: 0
2026-07-28T19:16:22.834-04:00 Order failure | productId=11234 | userId=3539 | quantity=918 | status=FAILED | reason=Insufficient quantity for product id: 11234. Requested: 918, available: 0
2026-07-28T19:16:22.838-04:00 Order failure | productId=1301 | userId=3540 | quantity=764 | status=FAILED | reason=Insufficient quantity for product id: 1301. Requested: 764, available: 0
2026-07-28T19:16:22.841-04:00 Order failure | productId=11234 | userId=3541 | quantity=203 | status=FAILED | reason=Insufficient quantity for product id: 11234. Requested: 203, available: 0
2026-07-28T19:16:22.845-04:00 Order failure | productId=1301 | userId=3542 | quantity=783 | status=FAILED | reason=Insufficient quantity for product id: 1301. Requested: 783, available: 0
2026-07-28T19:16:22.853-04:00 Order failure | productId=11234 | userId=3543 | quantity=561 | status=FAILED | reason=Insufficient quantity for product id: 11234. Requested: 561, available: 0
2026-07-28T19:16:22.857-04:00 Order failure | productId=1301 | userId=3544 | quantity=287 | status=FAILED | reason=Insufficient quantity for product id: 1301. Requested: 287, available: 0
2026-07-28T19:16:22.859-04:00 Order failure | productId=1301 | userId=3545 | quantity=200 | status=FAILED | reason=Insufficient quantity for product id: 1301. Requested: 200, available: 0
2026-07-28T19:16:22.865-04:00 Order failure | productId=1301 | userId=3546 | quantity=862 | status=FAILED | reason=Insufficient quantity for product id: 1301. Requested: 862, available: 0
2026-07-28T19:16:22.869-04:00 Order failure | productId=1301 | userId=3547 | quantity=926 | status=FAILED | reason=Insufficient quantity for product id: 1301. Requested: 926, available: 0
2026-07-28T19:16:22.874-04:00 Order failure | productId=1301 | userId=3548 | quantity=72 | status=FAILED | reason=Insufficient quantity for product id: 1301. Requested: 72, available: 0
2026-07-28T19:16:22.879-04:00 Order failure | productId=11234 | userId=3549 | quantity=479 | status=FAILED | reason=Insufficient quantity for product id: 11234. Requested: 479, available: 0
2026-07-28T19:16:22.885-04:00 Order failure | productId=1301 | userId=3550 | quantity=447 | status=FAILED | reason=Insufficient quantity for product id: 1301. Requested: 447, available: 0
2026-07-28T19:16:22.889-04:00 Order failure | productId=1301 | userId=3551 | quantity=868 | status=FAILED | reason=Insufficient quantity for product id: 1301. Requested: 868, available: 0
2026-07-28T19:16:22.895-04:00 Order failure | productId=1301 | userId=3552 | quantity=411 | status=FAILED | reason=Insufficient quantity for product id: 1301. Requested: 411, available: 0
2026-07-28T19:16:22.900-04:00 Order failure | productId=11234 | userId=3553 | quantity=597 | status=FAILED | reason=Insufficient quantity for product id: 11234. Requested: 597, available: 0
2026-07-28T19:16:22.904-04:00 Order failure | productId=11234 | userId=3554 | quantity=177 | status=FAILED | reason=Insufficient quantity for product id: 11234. Requested: 177, available: 0
2026-07-28T19:16:22.908-04:00 Order failure | productId=1301 | userId=3555 | quantity=581 | status=FAILED | reason=Insufficient quantity for product id: 1301. Requested: 581, available: 0
2026-07-28T19:16:22.914-04:00 Order failure | productId=11234 | userId=3556 | quantity=512 | status=FAILED | reason=Insufficient quantity for product id: 11234. Requested: 512, available: 0
2026-07-28T19:16:22.919-04:00 Order failure | productId=1301 | userId=3557 | quantity=415 | status=FAILED | reason=Insufficient quantity for product id: 1301. Requested: 415, available: 0
2026-07-28T19:16:22.925-04:00 Order failure | productId=1301 | userId=3558 | quantity=35 | status=FAILED | reason=Insufficient quantity for product id: 1301. Requested: 35, available: 0
2026-07-28T19:16:22.928-04:00 Order failure | productId=11234 | userId=3559 | quantity=911 | status=FAILED | reason=Insufficient quantity for product id: 11234. Requested: 911, available: 0
2026-07-28T19:16:22.935-04:00 Order failure | productId=1301 | userId=3560 | quantity=752 | status=FAILED | reason=Insufficient quantity for product id: 1301. Requested: 752, available: 0
2026-07-28T19:16:22.939-04:00 Order failure | productId=11234 | userId=3561 | quantity=737 | status=FAILED | reason=Insufficient quantity for product id: 11234. Requested: 737, available: 0
2026-07-28T19:16:22.944-04:00 Order failure | productId=1301 | userId=3562 | quantity=310 | status=FAILED | reason=Insufficient quantity for product id: 1301. Requested: 310, available: 0
2026-07-28T19:16:22.949-04:00 Order failure | productId=1301 | userId=3563 | quantity=284 | status=FAILED | reason=Insufficient quantity for product id: 1301. Requested: 284, available: 0
2026-07-28T19:16:22.954-04:00 Order failure | productId=11234 | userId=3564 | quantity=371 | status=FAILED | reason=Insufficient quantity for product id: 11234. Requested: 371, available: 0
2026-07-28T19:16:22.960-04:00 Order failure | productId=1301 | userId=3565 | quantity=288 | status=FAILED | reason=Insufficient quantity for product id: 1301. Requested: 288, available: 0
2026-07-28T19:16:22.966-04:00 Order failure | productId=11234 | userId=3566 | quantity=368 | status=FAILED | reason=Insufficient quantity for product id: 11234. Requested: 368, available: 0
2026-07-28T19:16:22.970-04:00 Order failure | productId=11234 | userId=3567 | quantity=238 | status=FAILED | reason=Insufficient quantity for product id: 11234. Requested: 238, available: 0
2026-07-28T19:16:22.975-04:00 Order failure | productId=11234 | userId=3568 | quantity=395 | status=FAILED | reason=Insufficient quantity for product id: 11234. Requested: 395, available: 0
2026-07-28T19:16:22.980-04:00 Order failure | productId=1301 | userId=3569 | quantity=285 | status=FAILED | reason=Insufficient quantity for product id: 1301. Requested: 285, available: 0
2026-07-28T19:16:22.985-04:00 Order failure | productId=1301 | userId=3570 | quantity=980 | status=FAILED | reason=Insufficient quantity for product id: 1301. Requested: 980, available: 0
2026-07-28T19:16:22.989-04:00 Order failure | productId=11234 | userId=3571 | quantity=42 | status=FAILED | reason=Insufficient quantity for product id: 11234. Requested: 42, available: 0
2026-07-28T19:16:22.995-04:00 Order failure | productId=11234 | userId=3572 | quantity=581 | status=FAILED | reason=Insufficient quantity for product id: 11234. Requested: 581, available: 0
2026-07-28T19:16:23.000-04:00 Order failure | productId=11234 | userId=3573 | quantity=726 | status=FAILED | reason=Insufficient quantity for product id: 11234. Requested: 726, available: 0
2026-07-28T19:16:23.005-04:00 Order failure | productId=1301 | userId=3574 | quantity=322 | status=FAILED | reason=Insufficient quantity for product id: 1301. Requested: 322, available: 0
2026-07-28T19:16:23.009-04:00 Order failure | productId=1301 | userId=3575 | quantity=768 | status=FAILED | reason=Insufficient quantity for product id: 1301. Requested: 768, available: 0
2026-07-28T19:16:23.015-04:00 Order failure | productId=11234 | userId=3576 | quantity=908 | status=FAILED | reason=Insufficient quantity for product id: 11234. Requested: 908, available: 0
2026-07-28T19:16:23.020-04:00 Order failure | productId=1301 | userId=3577 | quantity=846 | status=FAILED | reason=Insufficient quantity for product id: 1301. Requested: 846, available: 0
2026-07-28T19:16:23.025-04:00 Order failure | productId=11234 | userId=3578 | quantity=905 | status=FAILED | reason=Insufficient quantity for product id: 11234. Requested: 905, available: 0
2026-07-28T19:16:23.029-04:00 Order failure | productId=11234 | userId=3579 | quantity=757 | status=FAILED | reason=Insufficient quantity for product id: 11234. Requested: 757, available: 0
2026-07-28T19:16:23.035-04:00 Order failure | productId=11234 | userId=3580 | quantity=743 | status=FAILED | reason=Insufficient quantity for product id: 11234. Requested: 743, available: 0
2026-07-28T19:16:23.040-04:00 Order failure | productId=1301 | userId=3581 | quantity=26 | status=FAILED | reason=Insufficient quantity for product id: 1301. Requested: 26, available: 0
2026-07-28T19:16:23.045-04:00 Order failure | productId=11234 | userId=3582 | quantity=504 | status=FAILED | reason=Insufficient quantity for product id: 11234. Requested: 504, available: 0
2026-07-28T19:16:23.049-04:00 Order failure | productId=11234 | userId=3583 | quantity=437 | status=FAILED | reason=Insufficient quantity for product id: 11234. Requested: 437, available: 0
2026-07-28T19:16:23.054-04:00 Order failure | productId=11234 | userId=3584 | quantity=140 | status=FAILED | reason=Insufficient quantity for product id: 11234. Requested: 140, available: 0
2026-07-28T19:16:23.060-04:00 Order failure | productId=11234 | userId=3585 | quantity=170 | status=FAILED | reason=Insufficient quantity for product id: 11234. Requested: 170, available: 0
2026-07-28T19:16:23.065-04:00 Order failure | productId=11234 | userId=3586 | quantity=885 | status=FAILED | reason=Insufficient quantity for product id: 11234. Requested: 885, available: 0
2026-07-28T19:16:23.070-04:00 Order failure | productId=1301 | userId=3587 | quantity=748 | status=FAILED | reason=Insufficient quantity for product id: 1301. Requested: 748, available: 0
2026-07-28T19:16:23.075-04:00 Order failure | productId=11234 | userId=3588 | quantity=512 | status=FAILED | reason=Insufficient quantity for product id: 11234. Requested: 512, available: 0
2026-07-28T19:16:23.081-04:00 Order failure | productId=11234 | userId=3589 | quantity=595 | status=FAILED | reason=Insufficient quantity for product id: 11234. Requested: 595, available: 0
2026-07-28T19:16:23.085-04:00 Order failure | productId=11234 | userId=3590 | quantity=535 | status=FAILED | reason=Insufficient quantity for product id: 11234. Requested: 535, available: 0
2026-07-28T19:16:23.090-04:00 Order failure | productId=11234 | userId=3591 | quantity=868 | status=FAILED | reason=Insufficient quantity for product id: 11234. Requested: 868, available: 0
2026-07-28T19:16:23.096-04:00 Order failure | productId=11234 | userId=3592 | quantity=396 | status=FAILED | reason=Insufficient quantity for product id: 11234. Requested: 396, available: 0
2026-07-28T19:16:23.101-04:00 Order failure | productId=1301 | userId=3593 | quantity=452 | status=FAILED | reason=Insufficient quantity for product id: 1301. Requested: 452, available: 0
2026-07-28T19:16:23.105-04:00 Order failure | productId=1301 | userId=3594 | quantity=518 | status=FAILED | reason=Insufficient quantity for product id: 1301. Requested: 518, available: 0
2026-07-28T19:16:23.110-04:00 Order failure | productId=11234 | userId=3595 | quantity=910 | status=FAILED | reason=Insufficient quantity for product id: 11234. Requested: 910, available: 0
2026-07-28T19:16:23.116-04:00 Order failure | productId=11234 | userId=3596 | quantity=623 | status=FAILED | reason=Insufficient quantity for product id: 11234. Requested: 623, available: 0
2026-07-28T19:16:23.119-04:00 Order failure | productId=11234 | userId=3597 | quantity=731 | status=FAILED | reason=Insufficient quantity for product id: 11234. Requested: 731, available: 0
2026-07-28T19:16:23.125-04:00 Order failure | productId=11234 | userId=3598 | quantity=573 | status=FAILED | reason=Insufficient quantity for product id: 11234. Requested: 573, available: 0
2026-07-28T19:16:23.131-04:00 Order failure | productId=11234 | userId=3599 | quantity=625 | status=FAILED | reason=Insufficient quantity for product id: 11234. Requested: 625, available: 0
2026-07-28T19:16:23.135-04:00 Order failure | productId=1301 | userId=3600 | quantity=733 | status=FAILED | reason=Insufficient quantity for product id: 1301. Requested: 733, available: 0
2026-07-28T19:16:23.140-04:00 Order failure | productId=1301 | userId=3601 | quantity=19 | status=FAILED | reason=Insufficient quantity for product id: 1301. Requested: 19, available: 0
2026-07-28T19:16:23.144-04:00 Order failure | productId=11234 | userId=3602 | quantity=101 | status=FAILED | reason=Insufficient quantity for product id: 11234. Requested: 101, available: 0
2026-07-28T19:16:23.150-04:00 Order failure | productId=11234 | userId=3603 | quantity=462 | status=FAILED | reason=Insufficient quantity for product id: 11234. Requested: 462, available: 0
2026-07-28T19:16:23.154-04:00 Order failure | productId=1301 | userId=3604 | quantity=915 | status=FAILED | reason=Insufficient quantity for product id: 1301. Requested: 915, available: 0
2026-07-28T19:16:23.160-04:00 Order failure | productId=1301 | userId=3605 | quantity=799 | status=FAILED | reason=Insufficient quantity for product id: 1301. Requested: 799, available: 0
2026-07-28T19:16:23.165-04:00 Order failure | productId=11234 | userId=3606 | quantity=822 | status=FAILED | reason=Insufficient quantity for product id: 11234. Requested: 822, available: 0
2026-07-28T19:16:23.169-04:00 Order failure | productId=1301 | userId=3607 | quantity=491 | status=FAILED | reason=Insufficient quantity for product id: 1301. Requested: 491, available: 0
2026-07-28T19:16:23.174-04:00 Order failure | productId=11234 | userId=3608 | quantity=190 | status=FAILED | reason=Insufficient quantity for product id: 11234. Requested: 190, available: 0
2026-07-28T19:16:23.181-04:00 Order failure | productId=1301 | userId=3609 | quantity=215 | status=FAILED | reason=Insufficient quantity for product id: 1301. Requested: 215, available: 0
2026-07-28T19:16:23.184-04:00 Order failure | productId=1301 | userId=3610 | quantity=579 | status=FAILED | reason=Insufficient quantity for product id: 1301. Requested: 579, available: 0
2026-07-28T19:16:23.189-04:00 Order failure | productId=11234 | userId=3611 | quantity=969 | status=FAILED | reason=Insufficient quantity for product id: 11234. Requested: 969, available: 0
2026-07-28T19:16:23.194-04:00 Order failure | productId=1301 | userId=3612 | quantity=288 | status=FAILED | reason=Insufficient quantity for product id: 1301. Requested: 288, available: 0
2026-07-28T19:16:23.200-04:00 Order failure | productId=11234 | userId=3613 | quantity=939 | status=FAILED | reason=Insufficient quantity for product id: 11234. Requested: 939, available: 0
2026-07-28T19:16:23.206-04:00 Order failure | productId=1301 | userId=3614 | quantity=276 | status=FAILED | reason=Insufficient quantity for product id: 1301. Requested: 276, available: 0
2026-07-28T19:16:23.210-04:00 Order failure | productId=11234 | userId=3615 | quantity=651 | status=FAILED | reason=Insufficient quantity for product id: 11234. Requested: 651, available: 0
2026-07-28T19:16:23.214-04:00 Order failure | productId=11234 | userId=3616 | quantity=667 | status=FAILED | reason=Insufficient quantity for product id: 11234. Requested: 667, available: 0
2026-07-28T19:16:23.220-04:00 Order failure | productId=11234 | userId=3617 | quantity=999 | status=FAILED | reason=Insufficient quantity for product id: 11234. Requested: 999, available: 0
2026-07-28T19:16:23.225-04:00 Order failure | productId=11234 | userId=3618 | quantity=928 | status=FAILED | reason=Insufficient quantity for product id: 11234. Requested: 928, available: 0
2026-07-28T19:16:23.231-04:00 Order failure | productId=11234 | userId=3619 | quantity=465 | status=FAILED | reason=Insufficient quantity for product id: 11234. Requested: 465, available: 0
2026-07-28T19:16:23.234-04:00 Order failure | productId=1301 | userId=3620 | quantity=864 | status=FAILED | reason=Insufficient quantity for product id: 1301. Requested: 864, available: 0
2026-07-28T19:16:23.241-04:00 Order failure | productId=1301 | userId=3621 | quantity=992 | status=FAILED | reason=Insufficient quantity for product id: 1301. Requested: 992, available: 0
2026-07-28T19:16:23.247-04:00 Order failure | productId=11234 | userId=3622 | quantity=378 | status=FAILED | reason=Insufficient quantity for product id: 11234. Requested: 378, available: 0
2026-07-28T19:16:23.249-04:00 Order failure | productId=1301 | userId=3623 | quantity=995 | status=FAILED | reason=Insufficient quantity for product id: 1301. Requested: 995, available: 0
2026-07-28T19:16:23.255-04:00 Order failure | productId=11234 | userId=3624 | quantity=522 | status=FAILED | reason=Insufficient quantity for product id: 11234. Requested: 522, available: 0
2026-07-28T19:16:23.260-04:00 Order failure | productId=1301 | userId=3625 | quantity=488 | status=FAILED | reason=Insufficient quantity for product id: 1301. Requested: 488, available: 0
2026-07-28T19:16:23.264-04:00 Order failure | productId=11234 | userId=3626 | quantity=386 | status=FAILED | reason=Insufficient quantity for product id: 11234. Requested: 386, available: 0
2026-07-28T19:16:23.271-04:00 Order failure | productId=1301 | userId=3627 | quantity=831 | status=FAILED | reason=Insufficient quantity for product id: 1301. Requested: 831, available: 0
2026-07-28T19:16:23.278-04:00 Order failure | productId=11234 | userId=3628 | quantity=813 | status=FAILED | reason=Insufficient quantity for product id: 11234. Requested: 813, available: 0
2026-07-28T19:16:23.281-04:00 Order failure | productId=1301 | userId=3629 | quantity=689 | status=FAILED | reason=Insufficient quantity for product id: 1301. Requested: 689, available: 0
2026-07-28T19:16:23.285-04:00 Order failure | productId=11234 | userId=3630 | quantity=118 | status=FAILED | reason=Insufficient quantity for product id: 11234. Requested: 118, available: 0
2026-07-28T19:16:23.289-04:00 Order failure | productId=1301 | userId=3631 | quantity=226 | status=FAILED | reason=Insufficient quantity for product id: 1301. Requested: 226, available: 0
2026-07-28T19:16:23.297-04:00 Order failure | productId=1301 | userId=3632 | quantity=772 | status=FAILED | reason=Insufficient quantity for product id: 1301. Requested: 772, available: 0
2026-07-28T19:16:23.302-04:00 Order failure | productId=11234 | userId=3633 | quantity=268 | status=FAILED | reason=Insufficient quantity for product id: 11234. Requested: 268, available: 0
2026-07-28T19:16:23.306-04:00 Order failure | productId=11234 | userId=3634 | quantity=266 | status=FAILED | reason=Insufficient quantity for product id: 11234. Requested: 266, available: 0
2026-07-28T19:16:23.311-04:00 Order failure | productId=11234 | userId=3635 | quantity=844 | status=FAILED | reason=Insufficient quantity for product id: 11234. Requested: 844, available: 0
2026-07-28T19:16:23.318-04:00 Order failure | productId=11234 | userId=3636 | quantity=14 | status=FAILED | reason=Insufficient quantity for product id: 11234. Requested: 14, available: 0
2026-07-28T19:16:23.320-04:00 Order failure | productId=1301 | userId=3637 | quantity=885 | status=FAILED | reason=Insufficient quantity for product id: 1301. Requested: 885, available: 0
2026-07-28T19:16:23.326-04:00 Order failure | productId=1301 | userId=3638 | quantity=463 | status=FAILED | reason=Insufficient quantity for product id: 1301. Requested: 463, available: 0
2026-07-28T19:16:23.330-04:00 Order failure | productId=1301 | userId=3639 | quantity=388 | status=FAILED | reason=Insufficient quantity for product id: 1301. Requested: 388, available: 0
2026-07-28T19:16:23.335-04:00 Order failure | productId=11234 | userId=3640 | quantity=372 | status=FAILED | reason=Insufficient quantity for product id: 11234. Requested: 372, available: 0
2026-07-28T19:16:23.340-04:00 Order failure | productId=11234 | userId=3641 | quantity=447 | status=FAILED | reason=Insufficient quantity for product id: 11234. Requested: 447, available: 0
2026-07-28T19:16:23.346-04:00 Order failure | productId=11234 | userId=3642 | quantity=981 | status=FAILED | reason=Insufficient quantity for product id: 11234. Requested: 981, available: 0
2026-07-28T19:16:23.350-04:00 Order failure | productId=1301 | userId=3643 | quantity=546 | status=FAILED | reason=Insufficient quantity for product id: 1301. Requested: 546, available: 0
2026-07-28T19:16:23.354-04:00 Order failure | productId=1301 | userId=3644 | quantity=556 | status=FAILED | reason=Insufficient quantity for product id: 1301. Requested: 556, available: 0
2026-07-28T19:16:23.361-04:00 Order failure | productId=11234 | userId=3645 | quantity=183 | status=FAILED | reason=Insufficient quantity for product id: 11234. Requested: 183, available: 0
2026-07-28T19:16:23.366-04:00 Order failure | productId=1301 | userId=3646 | quantity=374 | status=FAILED | reason=Insufficient quantity for product id: 1301. Requested: 374, available: 0
2026-07-28T19:16:23.370-04:00 Order failure | productId=1301 | userId=3647 | quantity=251 | status=FAILED | reason=Insufficient quantity for product id: 1301. Requested: 251, available: 0
2026-07-28T19:16:23.375-04:00 Order failure | productId=1301 | userId=3648 | quantity=244 | status=FAILED | reason=Insufficient quantity for product id: 1301. Requested: 244, available: 0
2026-07-28T19:16:23.383-04:00 Order failure | productId=1301 | userId=3649 | quantity=741 | status=FAILED | reason=Insufficient quantity for product id: 1301. Requested: 741, available: 0
2026-07-28T19:16:23.387-04:00 Order failure | productId=11234 | userId=3650 | quantity=320 | status=FAILED | reason=Insufficient quantity for product id: 11234. Requested: 320, available: 0
2026-07-28T19:16:23.395-04:00 Order failure | productId=1301 | userId=3651 | quantity=714 | status=FAILED | reason=Insufficient quantity for product id: 1301. Requested: 714, available: 0
2026-07-28T19:16:23.402-04:00 Order failure | productId=1301 | userId=3652 | quantity=557 | status=FAILED | reason=Insufficient quantity for product id: 1301. Requested: 557, available: 0
2026-07-28T19:16:23.404-04:00 Order failure | productId=1301 | userId=3653 | quantity=580 | status=FAILED | reason=Insufficient quantity for product id: 1301. Requested: 580, available: 0
2026-07-28T19:16:23.407-04:00 Order failure | productId=1301 | userId=3654 | quantity=855 | status=FAILED | reason=Insufficient quantity for product id: 1301. Requested: 855, available: 0
2026-07-28T19:16:23.414-04:00 Order failure | productId=11234 | userId=3655 | quantity=336 | status=FAILED | reason=Insufficient quantity for product id: 11234. Requested: 336, available: 0
2026-07-28T19:16:23.418-04:00 Order failure | productId=1301 | userId=3656 | quantity=392 | status=FAILED | reason=Insufficient quantity for product id: 1301. Requested: 392, available: 0
2026-07-28T19:16:23.423-04:00 Order failure | productId=11234 | userId=3657 | quantity=649 | status=FAILED | reason=Insufficient quantity for product id: 11234. Requested: 649, available: 0
2026-07-28T19:16:23.429-04:00 Order failure | productId=1301 | userId=3658 | quantity=986 | status=FAILED | reason=Insufficient quantity for product id: 1301. Requested: 986, available: 0
2026-07-28T19:16:23.434-04:00 Order failure | productId=11234 | userId=3659 | quantity=796 | status=FAILED | reason=Insufficient quantity for product id: 11234. Requested: 796, available: 0
2026-07-28T19:16:23.437-04:00 Order failure | productId=11234 | userId=3660 | quantity=247 | status=FAILED | reason=Insufficient quantity for product id: 11234. Requested: 247, available: 0
2026-07-28T19:16:23.443-04:00 Order failure | productId=1301 | userId=3661 | quantity=991 | status=FAILED | reason=Insufficient quantity for product id: 1301. Requested: 991, available: 0
2026-07-28T19:16:23.448-04:00 Order failure | productId=11234 | userId=3662 | quantity=839 | status=FAILED | reason=Insufficient quantity for product id: 11234. Requested: 839, available: 0
2026-07-28T19:16:23.451-04:00 Order failure | productId=1301 | userId=3663 | quantity=974 | status=FAILED | reason=Insufficient quantity for product id: 1301. Requested: 974, available: 0
2026-07-28T19:16:23.455-04:00 Order failure | productId=1301 | userId=3664 | quantity=424 | status=FAILED | reason=Insufficient quantity for product id: 1301. Requested: 424, available: 0
2026-07-28T19:16:23.460-04:00 Order failure | productId=11234 | userId=3665 | quantity=611 | status=FAILED | reason=Insufficient quantity for product id: 11234. Requested: 611, available: 0
2026-07-28T19:16:23.465-04:00 Order failure | productId=11234 | userId=3666 | quantity=178 | status=FAILED | reason=Insufficient quantity for product id: 11234. Requested: 178, available: 0
2026-07-28T19:16:23.470-04:00 Order failure | productId=1301 | userId=3667 | quantity=118 | status=FAILED | reason=Insufficient quantity for product id: 1301. Requested: 118, available: 0
2026-07-28T19:16:23.476-04:00 Order failure | productId=1301 | userId=3668 | quantity=474 | status=FAILED | reason=Insufficient quantity for product id: 1301. Requested: 474, available: 0
2026-07-28T19:16:23.481-04:00 Order failure | productId=11234 | userId=3669 | quantity=598 | status=FAILED | reason=Insufficient quantity for product id: 11234. Requested: 598, available: 0
2026-07-28T19:16:23.487-04:00 Order failure | productId=1301 | userId=3670 | quantity=589 | status=FAILED | reason=Insufficient quantity for product id: 1301. Requested: 589, available: 0
2026-07-28T19:16:23.492-04:00 Order failure | productId=1301 | userId=3671 | quantity=106 | status=FAILED | reason=Insufficient quantity for product id: 1301. Requested: 106, available: 0
2026-07-28T19:16:23.496-04:00 Order failure | productId=1301 | userId=3672 | quantity=797 | status=FAILED | reason=Insufficient quantity for product id: 1301. Requested: 797, available: 0
2026-07-28T19:16:23.502-04:00 Order failure | productId=11234 | userId=3673 | quantity=858 | status=FAILED | reason=Insufficient quantity for product id: 11234. Requested: 858, available: 0
2026-07-28T19:16:23.505-04:00 Order failure | productId=11234 | userId=3674 | quantity=533 | status=FAILED | reason=Insufficient quantity for product id: 11234. Requested: 533, available: 0
2026-07-28T19:16:23.509-04:00 Order failure | productId=11234 | userId=3675 | quantity=114 | status=FAILED | reason=Insufficient quantity for product id: 11234. Requested: 114, available: 0
2026-07-28T19:16:23.514-04:00 Order failure | productId=1301 | userId=3676 | quantity=907 | status=FAILED | reason=Insufficient quantity for product id: 1301. Requested: 907, available: 0
2026-07-28T19:16:23.519-04:00 Order failure | productId=11234 | userId=3677 | quantity=799 | status=FAILED | reason=Insufficient quantity for product id: 11234. Requested: 799, available: 0
2026-07-28T19:16:23.524-04:00 Order failure | productId=1301 | userId=3678 | quantity=605 | status=FAILED | reason=Insufficient quantity for product id: 1301. Requested: 605, available: 0
2026-07-28T19:16:23.532-04:00 Order failure | productId=11234 | userId=3679 | quantity=135 | status=FAILED | reason=Insufficient quantity for product id: 11234. Requested: 135, available: 0
2026-07-28T19:16:23.536-04:00 Order failure | productId=1301 | userId=3680 | quantity=97 | status=FAILED | reason=Insufficient quantity for product id: 1301. Requested: 97, available: 0
2026-07-28T19:16:23.540-04:00 Order failure | productId=1301 | userId=3681 | quantity=17 | status=FAILED | reason=Insufficient quantity for product id: 1301. Requested: 17, available: 0
2026-07-28T19:16:23.546-04:00 Order failure | productId=1301 | userId=3682 | quantity=671 | status=FAILED | reason=Insufficient quantity for product id: 1301. Requested: 671, available: 0
2026-07-28T19:16:23.551-04:00 Order failure | productId=11234 | userId=3683 | quantity=209 | status=FAILED | reason=Insufficient quantity for product id: 11234. Requested: 209, available: 0
2026-07-28T19:16:23.555-04:00 Order failure | productId=11234 | userId=3684 | quantity=493 | status=FAILED | reason=Insufficient quantity for product id: 11234. Requested: 493, available: 0
2026-07-28T19:16:23.561-04:00 Order failure | productId=1301 | userId=3685 | quantity=445 | status=FAILED | reason=Insufficient quantity for product id: 1301. Requested: 445, available: 0
2026-07-28T19:16:23.567-04:00 Order failure | productId=1301 | userId=3686 | quantity=171 | status=FAILED | reason=Insufficient quantity for product id: 1301. Requested: 171, available: 0
2026-07-28T19:16:23.571-04:00 Order failure | productId=11234 | userId=3687 | quantity=210 | status=FAILED | reason=Insufficient quantity for product id: 11234. Requested: 210, available: 0
2026-07-28T19:16:23.575-04:00 Order failure | productId=11234 | userId=3688 | quantity=993 | status=FAILED | reason=Insufficient quantity for product id: 11234. Requested: 993, available: 0
2026-07-28T19:16:23.580-04:00 Order failure | productId=1301 | userId=3689 | quantity=469 | status=FAILED | reason=Insufficient quantity for product id: 1301. Requested: 469, available: 0
2026-07-28T19:16:23.584-04:00 Order failure | productId=1301 | userId=3690 | quantity=558 | status=FAILED | reason=Insufficient quantity for product id: 1301. Requested: 558, available: 0
2026-07-28T19:16:23.591-04:00 Order failure | productId=1301 | userId=3691 | quantity=354 | status=FAILED | reason=Insufficient quantity for product id: 1301. Requested: 354, available: 0
2026-07-28T19:16:23.597-04:00 Order failure | productId=11234 | userId=3692 | quantity=548 | status=FAILED | reason=Insufficient quantity for product id: 11234. Requested: 548, available: 0
2026-07-28T19:16:23.601-04:00 Order failure | productId=1301 | userId=3693 | quantity=813 | status=FAILED | reason=Insufficient quantity for product id: 1301. Requested: 813, available: 0
2026-07-28T19:16:23.605-04:00 Order failure | productId=11234 | userId=3694 | quantity=102 | status=FAILED | reason=Insufficient quantity for product id: 11234. Requested: 102, available: 0
2026-07-28T19:16:23.609-04:00 Order failure | productId=11234 | userId=3695 | quantity=757 | status=FAILED | reason=Insufficient quantity for product id: 11234. Requested: 757, available: 0
2026-07-28T19:16:23.614-04:00 Order failure | productId=1301 | userId=3696 | quantity=12 | status=FAILED | reason=Insufficient quantity for product id: 1301. Requested: 12, available: 0
2026-07-28T19:16:23.621-04:00 Order failure | productId=11234 | userId=3697 | quantity=943 | status=FAILED | reason=Insufficient quantity for product id: 11234. Requested: 943, available: 0
2026-07-28T19:16:23.624-04:00 Order failure | productId=1301 | userId=3698 | quantity=593 | status=FAILED | reason=Insufficient quantity for product id: 1301. Requested: 593, available: 0
2026-07-28T19:16:23.630-04:00 Order failure | productId=1301 | userId=3699 | quantity=299 | status=FAILED | reason=Insufficient quantity for product id: 1301. Requested: 299, available: 0
2026-07-28T19:16:23.636-04:00 Order failure | productId=1301 | userId=3700 | quantity=13 | status=FAILED | reason=Insufficient quantity for product id: 1301. Requested: 13, available: 0
2026-07-28T19:16:23.640-04:00 Order failure | productId=1301 | userId=3701 | quantity=895 | status=FAILED | reason=Insufficient quantity for product id: 1301. Requested: 895, available: 0
2026-07-28T19:16:23.646-04:00 Order failure | productId=1301 | userId=3702 | quantity=491 | status=FAILED | reason=Insufficient quantity for product id: 1301. Requested: 491, available: 0
2026-07-28T19:16:23.649-04:00 Order failure | productId=1301 | userId=3703 | quantity=231 | status=FAILED | reason=Insufficient quantity for product id: 1301. Requested: 231, available: 0
2026-07-28T19:16:23.654-04:00 Order failure | productId=11234 | userId=3704 | quantity=537 | status=FAILED | reason=Insufficient quantity for product id: 11234. Requested: 537, available: 0
2026-07-28T19:16:23.660-04:00 Order failure | productId=1301 | userId=3705 | quantity=743 | status=FAILED | reason=Insufficient quantity for product id: 1301. Requested: 743, available: 0
2026-07-28T19:16:23.666-04:00 Order failure | productId=1301 | userId=3706 | quantity=579 | status=FAILED | reason=Insufficient quantity for product id: 1301. Requested: 579, available: 0
2026-07-28T19:16:23.669-04:00 Order failure | productId=1301 | userId=3707 | quantity=175 | status=FAILED | reason=Insufficient quantity for product id: 1301. Requested: 175, available: 0
2026-07-28T19:16:23.675-04:00 Order failure | productId=1301 | userId=3708 | quantity=874 | status=FAILED | reason=Insufficient quantity for product id: 1301. Requested: 874, available: 0
2026-07-28T19:16:23.682-04:00 Order failure | productId=11234 | userId=3709 | quantity=47 | status=FAILED | reason=Insufficient quantity for product id: 11234. Requested: 47, available: 0
2026-07-28T19:16:23.685-04:00 Order failure | productId=11234 | userId=3710 | quantity=805 | status=FAILED | reason=Insufficient quantity for product id: 11234. Requested: 805, available: 0
2026-07-28T19:16:23.689-04:00 Order failure | productId=1301 | userId=3711 | quantity=693 | status=FAILED | reason=Insufficient quantity for product id: 1301. Requested: 693, available: 0
2026-07-28T19:16:23.694-04:00 Order failure | productId=11234 | userId=3712 | quantity=794 | status=FAILED | reason=Insufficient quantity for product id: 11234. Requested: 794, available: 0
2026-07-28T19:16:23.700-04:00 Order failure | productId=11234 | userId=3713 | quantity=319 | status=FAILED | reason=Insufficient quantity for product id: 11234. Requested: 319, available: 0
2026-07-28T19:16:23.704-04:00 Order failure | productId=11234 | userId=3714 | quantity=412 | status=FAILED | reason=Insufficient quantity for product id: 11234. Requested: 412, available: 0
2026-07-28T19:16:23.711-04:00 Order failure | productId=11234 | userId=3715 | quantity=754 | status=FAILED | reason=Insufficient quantity for product id: 11234. Requested: 754, available: 0
2026-07-28T19:16:23.716-04:00 Order failure | productId=11234 | userId=3716 | quantity=942 | status=FAILED | reason=Insufficient quantity for product id: 11234. Requested: 942, available: 0
2026-07-28T19:16:23.720-04:00 Order failure | productId=1301 | userId=3717 | quantity=219 | status=FAILED | reason=Insufficient quantity for product id: 1301. Requested: 219, available: 0
2026-07-28T19:16:23.725-04:00 Order failure | productId=1301 | userId=3718 | quantity=195 | status=FAILED | reason=Insufficient quantity for product id: 1301. Requested: 195, available: 0
2026-07-28T19:16:23.729-04:00 Order failure | productId=11234 | userId=3719 | quantity=521 | status=FAILED | reason=Insufficient quantity for product id: 11234. Requested: 521, available: 0
2026-07-28T19:16:23.734-04:00 Order failure | productId=11234 | userId=3720 | quantity=765 | status=FAILED | reason=Insufficient quantity for product id: 11234. Requested: 765, available: 0
2026-07-28T19:16:23.739-04:00 Order failure | productId=1301 | userId=3721 | quantity=715 | status=FAILED | reason=Insufficient quantity for product id: 1301. Requested: 715, available: 0
2026-07-28T19:16:23.744-04:00 Order failure | productId=11234 | userId=3722 | quantity=585 | status=FAILED | reason=Insufficient quantity for product id: 11234. Requested: 585, available: 0
2026-07-28T19:16:23.750-04:00 Order failure | productId=11234 | userId=3723 | quantity=223 | status=FAILED | reason=Insufficient quantity for product id: 11234. Requested: 223, available: 0
2026-07-28T19:16:23.754-04:00 Order failure | productId=11234 | userId=3724 | quantity=300 | status=FAILED | reason=Insufficient quantity for product id: 11234. Requested: 300, available: 0
2026-07-28T19:16:23.760-04:00 Order failure | productId=11234 | userId=3725 | quantity=208 | status=FAILED | reason=Insufficient quantity for product id: 11234. Requested: 208, available: 0
2026-07-28T19:16:23.764-04:00 Order failure | productId=11234 | userId=3726 | quantity=492 | status=FAILED | reason=Insufficient quantity for product id: 11234. Requested: 492, available: 0
2026-07-28T19:16:23.770-04:00 Order failure | productId=1301 | userId=3727 | quantity=204 | status=FAILED | reason=Insufficient quantity for product id: 1301. Requested: 204, available: 0
2026-07-28T19:16:23.774-04:00 Order failure | productId=1301 | userId=3728 | quantity=917 | status=FAILED | reason=Insufficient quantity for product id: 1301. Requested: 917, available: 0
2026-07-28T19:16:23.779-04:00 Order failure | productId=11234 | userId=3729 | quantity=602 | status=FAILED | reason=Insufficient quantity for product id: 11234. Requested: 602, available: 0
2026-07-28T19:16:23.784-04:00 Order failure | productId=11234 | userId=3730 | quantity=131 | status=FAILED | reason=Insufficient quantity for product id: 11234. Requested: 131, available: 0
2026-07-28T19:16:23.789-04:00 Order failure | productId=11234 | userId=3731 | quantity=71 | status=FAILED | reason=Insufficient quantity for product id: 11234. Requested: 71, available: 0
2026-07-28T19:16:23.794-04:00 Order failure | productId=1301 | userId=3732 | quantity=156 | status=FAILED | reason=Insufficient quantity for product id: 1301. Requested: 156, available: 0
2026-07-28T19:16:23.800-04:00 Order failure | productId=11234 | userId=3733 | quantity=528 | status=FAILED | reason=Insufficient quantity for product id: 11234. Requested: 528, available: 0
2026-07-28T19:16:23.804-04:00 Order failure | productId=1301 | userId=3734 | quantity=810 | status=FAILED | reason=Insufficient quantity for product id: 1301. Requested: 810, available: 0
2026-07-28T19:16:23.810-04:00 Order failure | productId=1301 | userId=3735 | quantity=135 | status=FAILED | reason=Insufficient quantity for product id: 1301. Requested: 135, available: 0
2026-07-28T19:16:23.815-04:00 Order failure | productId=11234 | userId=3736 | quantity=349 | status=FAILED | reason=Insufficient quantity for product id: 11234. Requested: 349, available: 0
2026-07-28T19:16:23.819-04:00 Order failure | productId=1301 | userId=3737 | quantity=815 | status=FAILED | reason=Insufficient quantity for product id: 1301. Requested: 815, available: 0
2026-07-28T19:16:23.825-04:00 Order failure | productId=1301 | userId=3738 | quantity=233 | status=FAILED | reason=Insufficient quantity for product id: 1301. Requested: 233, available: 0
2026-07-28T19:16:23.830-04:00 Order failure | productId=1301 | userId=3739 | quantity=682 | status=FAILED | reason=Insufficient quantity for product id: 1301. Requested: 682, available: 0
2026-07-28T19:16:23.834-04:00 Order failure | productId=1301 | userId=3740 | quantity=987 | status=FAILED | reason=Insufficient quantity for product id: 1301. Requested: 987, available: 0
2026-07-28T19:16:23.840-04:00 Order failure | productId=11234 | userId=3741 | quantity=637 | status=FAILED | reason=Insufficient quantity for product id: 11234. Requested: 637, available: 0
2026-07-28T19:16:23.844-04:00 Order failure | productId=1301 | userId=3742 | quantity=201 | status=FAILED | reason=Insufficient quantity for product id: 1301. Requested: 201, available: 0
2026-07-28T19:16:23.849-04:00 Order failure | productId=1301 | userId=3743 | quantity=11 | status=FAILED | reason=Insufficient quantity for product id: 1301. Requested: 11, available: 0
2026-07-28T19:16:23.854-04:00 Order failure | productId=1301 | userId=3744 | quantity=753 | status=FAILED | reason=Insufficient quantity for product id: 1301. Requested: 753, available: 0
2026-07-28T19:16:23.859-04:00 Order failure | productId=11234 | userId=3745 | quantity=995 | status=FAILED | reason=Insufficient quantity for product id: 11234. Requested: 995, available: 0
2026-07-28T19:16:23.866-04:00 Order failure | productId=1301 | userId=3746 | quantity=749 | status=FAILED | reason=Insufficient quantity for product id: 1301. Requested: 749, available: 0
2026-07-28T19:16:23.870-04:00 Order failure | productId=1301 | userId=3747 | quantity=194 | status=FAILED | reason=Insufficient quantity for product id: 1301. Requested: 194, available: 0
2026-07-28T19:16:23.874-04:00 Order failure | productId=1301 | userId=3748 | quantity=640 | status=FAILED | reason=Insufficient quantity for product id: 1301. Requested: 640, available: 0
2026-07-28T19:16:23.879-04:00 Order failure | productId=1301 | userId=3749 | quantity=11 | status=FAILED | reason=Insufficient quantity for product id: 1301. Requested: 11, available: 0
2026-07-28T19:16:23.884-04:00 Order failure | productId=11234 | userId=3750 | quantity=840 | status=FAILED | reason=Insufficient quantity for product id: 11234. Requested: 840, available: 0
2026-07-28T19:16:23.889-04:00 Order failure | productId=11234 | userId=3751 | quantity=131 | status=FAILED | reason=Insufficient quantity for product id: 11234. Requested: 131, available: 0
2026-07-28T19:16:23.895-04:00 Order failure | productId=11234 | userId=3752 | quantity=976 | status=FAILED | reason=Insufficient quantity for product id: 11234. Requested: 976, available: 0
2026-07-28T19:16:23.901-04:00 Order failure | productId=1301 | userId=3753 | quantity=50 | status=FAILED | reason=Insufficient quantity for product id: 1301. Requested: 50, available: 0
2026-07-28T19:16:23.904-04:00 Order failure | productId=11234 | userId=3754 | quantity=776 | status=FAILED | reason=Insufficient quantity for product id: 11234. Requested: 776, available: 0
2026-07-28T19:16:23.909-04:00 Order failure | productId=1301 | userId=3755 | quantity=416 | status=FAILED | reason=Insufficient quantity for product id: 1301. Requested: 416, available: 0
2026-07-28T19:16:23.914-04:00 Order failure | productId=1301 | userId=3756 | quantity=828 | status=FAILED | reason=Insufficient quantity for product id: 1301. Requested: 828, available: 0
2026-07-28T19:16:23.919-04:00 Order failure | productId=1301 | userId=3757 | quantity=661 | status=FAILED | reason=Insufficient quantity for product id: 1301. Requested: 661, available: 0
2026-07-28T19:16:23.924-04:00 Order failure | productId=1301 | userId=3758 | quantity=179 | status=FAILED | reason=Insufficient quantity for product id: 1301. Requested: 179, available: 0
2026-07-28T19:16:23.929-04:00 Order failure | productId=11234 | userId=3759 | quantity=898 | status=FAILED | reason=Insufficient quantity for product id: 11234. Requested: 898, available: 0
2026-07-28T19:16:23.934-04:00 Order failure | productId=11234 | userId=3760 | quantity=734 | status=FAILED | reason=Insufficient quantity for product id: 11234. Requested: 734, available: 0
2026-07-28T19:16:23.939-04:00 Order failure | productId=11234 | userId=3761 | quantity=993 | status=FAILED | reason=Insufficient quantity for product id: 11234. Requested: 993, available: 0
2026-07-28T19:16:23.944-04:00 Order failure | productId=1301 | userId=3762 | quantity=291 | status=FAILED | reason=Insufficient quantity for product id: 1301. Requested: 291, available: 0
2026-07-28T19:16:23.949-04:00 Order failure | productId=11234 | userId=3763 | quantity=44 | status=FAILED | reason=Insufficient quantity for product id: 11234. Requested: 44, available: 0
2026-07-28T19:16:23.954-04:00 Order failure | productId=11234 | userId=3764 | quantity=795 | status=FAILED | reason=Insufficient quantity for product id: 11234. Requested: 795, available: 0
2026-07-28T19:16:23.959-04:00 Order failure | productId=11234 | userId=3765 | quantity=811 | status=FAILED | reason=Insufficient quantity for product id: 11234. Requested: 811, available: 0
2026-07-28T19:16:23.965-04:00 Order failure | productId=1301 | userId=3766 | quantity=542 | status=FAILED | reason=Insufficient quantity for product id: 1301. Requested: 542, available: 0
2026-07-28T19:16:23.968-04:00 Order failure | productId=1301 | userId=3767 | quantity=336 | status=FAILED | reason=Insufficient quantity for product id: 1301. Requested: 336, available: 0
2026-07-28T19:16:23.975-04:00 Order failure | productId=11234 | userId=3768 | quantity=418 | status=FAILED | reason=Insufficient quantity for product id: 11234. Requested: 418, available: 0
2026-07-28T19:16:23.979-04:00 Order failure | productId=1301 | userId=3769 | quantity=178 | status=FAILED | reason=Insufficient quantity for product id: 1301. Requested: 178, available: 0
2026-07-28T19:16:23.984-04:00 Order failure | productId=11234 | userId=3770 | quantity=17 | status=FAILED | reason=Insufficient quantity for product id: 11234. Requested: 17, available: 0
2026-07-28T19:16:23.992-04:00 Order failure | productId=11234 | userId=3771 | quantity=159 | status=FAILED | reason=Insufficient quantity for product id: 11234. Requested: 159, available: 0
2026-07-28T19:16:23.999-04:00 Order failure | productId=11234 | userId=3773 | quantity=595 | status=FAILED | reason=Insufficient quantity for product id: 11234. Requested: 595, available: 0
2026-07-28T19:16:23.999-04:00 Order failure | productId=11234 | userId=3772 | quantity=346 | status=FAILED | reason=Insufficient quantity for product id: 11234. Requested: 346, available: 0
2026-07-28T19:16:24.004-04:00 Order failure | productId=1301 | userId=3774 | quantity=953 | status=FAILED | reason=Insufficient quantity for product id: 1301. Requested: 953, available: 0
2026-07-28T19:16:24.010-04:00 Order failure | productId=1301 | userId=3775 | quantity=206 | status=FAILED | reason=Insufficient quantity for product id: 1301. Requested: 206, available: 0
2026-07-28T19:16:24.014-04:00 Order failure | productId=1301 | userId=3776 | quantity=186 | status=FAILED | reason=Insufficient quantity for product id: 1301. Requested: 186, available: 0
2026-07-28T19:16:24.020-04:00 Order failure | productId=11234 | userId=3777 | quantity=179 | status=FAILED | reason=Insufficient quantity for product id: 11234. Requested: 179, available: 0
2026-07-28T19:16:24.024-04:00 Order failure | productId=11234 | userId=3778 | quantity=321 | status=FAILED | reason=Insufficient quantity for product id: 11234. Requested: 321, available: 0
2026-07-28T19:16:24.029-04:00 Order failure | productId=1301 | userId=3779 | quantity=533 | status=FAILED | reason=Insufficient quantity for product id: 1301. Requested: 533, available: 0
2026-07-28T19:16:24.035-04:00 Order failure | productId=11234 | userId=3780 | quantity=897 | status=FAILED | reason=Insufficient quantity for product id: 11234. Requested: 897, available: 0
2026-07-28T19:16:24.040-04:00 Order failure | productId=1301 | userId=3781 | quantity=452 | status=FAILED | reason=Insufficient quantity for product id: 1301. Requested: 452, available: 0
2026-07-28T19:16:24.045-04:00 Order failure | productId=11234 | userId=3782 | quantity=715 | status=FAILED | reason=Insufficient quantity for product id: 11234. Requested: 715, available: 0
2026-07-28T19:16:24.052-04:00 Order failure | productId=1301 | userId=3783 | quantity=52 | status=FAILED | reason=Insufficient quantity for product id: 1301. Requested: 52, available: 0
2026-07-28T19:16:24.055-04:00 Order failure | productId=1301 | userId=3784 | quantity=186 | status=FAILED | reason=Insufficient quantity for product id: 1301. Requested: 186, available: 0
2026-07-28T19:16:24.061-04:00 Order failure | productId=1301 | userId=3785 | quantity=587 | status=FAILED | reason=Insufficient quantity for product id: 1301. Requested: 587, available: 0
2026-07-28T19:16:24.065-04:00 Order failure | productId=1301 | userId=3786 | quantity=520 | status=FAILED | reason=Insufficient quantity for product id: 1301. Requested: 520, available: 0
2026-07-28T19:16:24.070-04:00 Order failure | productId=1301 | userId=3787 | quantity=307 | status=FAILED | reason=Insufficient quantity for product id: 1301. Requested: 307, available: 0
2026-07-28T19:16:24.076-04:00 Order failure | productId=1301 | userId=3788 | quantity=820 | status=FAILED | reason=Insufficient quantity for product id: 1301. Requested: 820, available: 0
2026-07-28T19:16:24.081-04:00 Order failure | productId=1301 | userId=3789 | quantity=892 | status=FAILED | reason=Insufficient quantity for product id: 1301. Requested: 892, available: 0
2026-07-28T19:16:24.087-04:00 Order failure | productId=1301 | userId=3790 | quantity=562 | status=FAILED | reason=Insufficient quantity for product id: 1301. Requested: 562, available: 0
2026-07-28T19:16:24.091-04:00 Order failure | productId=1301 | userId=3791 | quantity=147 | status=FAILED | reason=Insufficient quantity for product id: 1301. Requested: 147, available: 0
2026-07-28T19:16:24.095-04:00 Order failure | productId=1301 | userId=3792 | quantity=423 | status=FAILED | reason=Insufficient quantity for product id: 1301. Requested: 423, available: 0
2026-07-28T19:16:24.101-04:00 Order failure | productId=1301 | userId=3793 | quantity=384 | status=FAILED | reason=Insufficient quantity for product id: 1301. Requested: 384, available: 0
2026-07-28T19:16:24.106-04:00 Order failure | productId=11234 | userId=3794 | quantity=755 | status=FAILED | reason=Insufficient quantity for product id: 11234. Requested: 755, available: 0
2026-07-28T19:16:24.109-04:00 Order failure | productId=1301 | userId=3795 | quantity=21 | status=FAILED | reason=Insufficient quantity for product id: 1301. Requested: 21, available: 0
2026-07-28T19:16:24.116-04:00 Order failure | productId=1301 | userId=3796 | quantity=448 | status=FAILED | reason=Insufficient quantity for product id: 1301. Requested: 448, available: 0
2026-07-28T19:16:24.121-04:00 Order failure | productId=1301 | userId=3797 | quantity=318 | status=FAILED | reason=Insufficient quantity for product id: 1301. Requested: 318, available: 0
2026-07-28T19:16:24.124-04:00 Order failure | productId=1301 | userId=3798 | quantity=337 | status=FAILED | reason=Insufficient quantity for product id: 1301. Requested: 337, available: 0
2026-07-28T19:16:24.130-04:00 Order failure | productId=11234 | userId=3799 | quantity=273 | status=FAILED | reason=Insufficient quantity for product id: 11234. Requested: 273, available: 0
2026-07-28T19:16:24.136-04:00 Order failure | productId=1301 | userId=3800 | quantity=54 | status=FAILED | reason=Insufficient quantity for product id: 1301. Requested: 54, available: 0
2026-07-28T19:16:24.142-04:00 Order failure | productId=11234 | userId=3801 | quantity=970 | status=FAILED | reason=Insufficient quantity for product id: 11234. Requested: 970, available: 0
2026-07-28T19:16:24.145-04:00 Order failure | productId=11234 | userId=3802 | quantity=699 | status=FAILED | reason=Insufficient quantity for product id: 11234. Requested: 699, available: 0
2026-07-28T19:16:24.151-04:00 Order failure | productId=1301 | userId=3803 | quantity=82 | status=FAILED | reason=Insufficient quantity for product id: 1301. Requested: 82, available: 0
2026-07-28T19:16:24.156-04:00 Order failure | productId=1301 | userId=3804 | quantity=186 | status=FAILED | reason=Insufficient quantity for product id: 1301. Requested: 186, available: 0
2026-07-28T19:16:24.160-04:00 Order failure | productId=11234 | userId=3805 | quantity=611 | status=FAILED | reason=Insufficient quantity for product id: 11234. Requested: 611, available: 0
2026-07-28T19:16:24.165-04:00 Order failure | productId=1301 | userId=3806 | quantity=30 | status=FAILED | reason=Insufficient quantity for product id: 1301. Requested: 30, available: 0
2026-07-28T19:16:24.170-04:00 Order failure | productId=11234 | userId=3807 | quantity=899 | status=FAILED | reason=Insufficient quantity for product id: 11234. Requested: 899, available: 0
2026-07-28T19:16:24.176-04:00 Order failure | productId=11234 | userId=3808 | quantity=217 | status=FAILED | reason=Insufficient quantity for product id: 11234. Requested: 217, available: 0
2026-07-28T19:16:24.180-04:00 Order failure | productId=1301 | userId=3809 | quantity=874 | status=FAILED | reason=Insufficient quantity for product id: 1301. Requested: 874, available: 0
2026-07-28T19:16:24.186-04:00 Order failure | productId=1301 | userId=3810 | quantity=139 | status=FAILED | reason=Insufficient quantity for product id: 1301. Requested: 139, available: 0
2026-07-28T19:16:24.190-04:00 Order failure | productId=11234 | userId=3811 | quantity=753 | status=FAILED | reason=Insufficient quantity for product id: 11234. Requested: 753, available: 0
2026-07-28T19:16:24.196-04:00 Order failure | productId=1301 | userId=3812 | quantity=427 | status=FAILED | reason=Insufficient quantity for product id: 1301. Requested: 427, available: 0
2026-07-28T19:16:24.199-04:00 Order failure | productId=11234 | userId=3813 | quantity=448 | status=FAILED | reason=Insufficient quantity for product id: 11234. Requested: 448, available: 0
2026-07-28T19:16:24.204-04:00 Order failure | productId=1301 | userId=3814 | quantity=417 | status=FAILED | reason=Insufficient quantity for product id: 1301. Requested: 417, available: 0
2026-07-28T19:16:24.209-04:00 Order failure | productId=1301 | userId=3815 | quantity=284 | status=FAILED | reason=Insufficient quantity for product id: 1301. Requested: 284, available: 0
2026-07-28T19:16:24.215-04:00 Order failure | productId=11234 | userId=3816 | quantity=967 | status=FAILED | reason=Insufficient quantity for product id: 11234. Requested: 967, available: 0
2026-07-28T19:16:24.220-04:00 Order failure | productId=11234 | userId=3817 | quantity=522 | status=FAILED | reason=Insufficient quantity for product id: 11234. Requested: 522, available: 0
2026-07-28T19:16:24.225-04:00 Order failure | productId=11234 | userId=3818 | quantity=977 | status=FAILED | reason=Insufficient quantity for product id: 11234. Requested: 977, available: 0
2026-07-28T19:16:24.231-04:00 Order failure | productId=11234 | userId=3819 | quantity=665 | status=FAILED | reason=Insufficient quantity for product id: 11234. Requested: 665, available: 0
2026-07-28T19:16:24.235-04:00 Order failure | productId=11234 | userId=3820 | quantity=810 | status=FAILED | reason=Insufficient quantity for product id: 11234. Requested: 810, available: 0
2026-07-28T19:16:24.239-04:00 Order failure | productId=1301 | userId=3821 | quantity=667 | status=FAILED | reason=Insufficient quantity for product id: 1301. Requested: 667, available: 0
2026-07-28T19:16:24.245-04:00 Order failure | productId=1301 | userId=3822 | quantity=357 | status=FAILED | reason=Insufficient quantity for product id: 1301. Requested: 357, available: 0
2026-07-28T19:16:24.249-04:00 Order failure | productId=11234 | userId=3823 | quantity=497 | status=FAILED | reason=Insufficient quantity for product id: 11234. Requested: 497, available: 0
2026-07-28T19:16:24.255-04:00 Order failure | productId=1301 | userId=3824 | quantity=171 | status=FAILED | reason=Insufficient quantity for product id: 1301. Requested: 171, available: 0
2026-07-28T19:16:24.259-04:00 Order failure | productId=11234 | userId=3825 | quantity=811 | status=FAILED | reason=Insufficient quantity for product id: 11234. Requested: 811, available: 0
2026-07-28T19:16:24.264-04:00 Order failure | productId=11234 | userId=3826 | quantity=475 | status=FAILED | reason=Insufficient quantity for product id: 11234. Requested: 475, available: 0
2026-07-28T19:16:24.269-04:00 Order failure | productId=11234 | userId=3827 | quantity=702 | status=FAILED | reason=Insufficient quantity for product id: 11234. Requested: 702, available: 0
2026-07-28T19:16:24.275-04:00 Order failure | productId=11234 | userId=3828 | quantity=639 | status=FAILED | reason=Insufficient quantity for product id: 11234. Requested: 639, available: 0
2026-07-28T19:16:24.279-04:00 Order failure | productId=1301 | userId=3829 | quantity=577 | status=FAILED | reason=Insufficient quantity for product id: 1301. Requested: 577, available: 0
2026-07-28T19:16:24.284-04:00 Order failure | productId=11234 | userId=3830 | quantity=821 | status=FAILED | reason=Insufficient quantity for product id: 11234. Requested: 821, available: 0
2026-07-28T19:16:24.290-04:00 Order failure | productId=11234 | userId=3831 | quantity=598 | status=FAILED | reason=Insufficient quantity for product id: 11234. Requested: 598, available: 0
2026-07-28T19:16:24.294-04:00 Order failure | productId=11234 | userId=3832 | quantity=407 | status=FAILED | reason=Insufficient quantity for product id: 11234. Requested: 407, available: 0
2026-07-28T19:16:24.300-04:00 Order failure | productId=11234 | userId=3833 | quantity=281 | status=FAILED | reason=Insufficient quantity for product id: 11234. Requested: 281, available: 0
2026-07-28T19:16:24.306-04:00 Order failure | productId=1301 | userId=3834 | quantity=13 | status=FAILED | reason=Insufficient quantity for product id: 1301. Requested: 13, available: 0
2026-07-28T19:16:24.310-04:00 Order failure | productId=1301 | userId=3835 | quantity=997 | status=FAILED | reason=Insufficient quantity for product id: 1301. Requested: 997, available: 0
2026-07-28T19:16:24.316-04:00 Order failure | productId=11234 | userId=3836 | quantity=88 | status=FAILED | reason=Insufficient quantity for product id: 11234. Requested: 88, available: 0
2026-07-28T19:16:24.321-04:00 Order failure | productId=11234 | userId=3837 | quantity=474 | status=FAILED | reason=Insufficient quantity for product id: 11234. Requested: 474, available: 0
2026-07-28T19:16:24.326-04:00 Order failure | productId=1301 | userId=3838 | quantity=300 | status=FAILED | reason=Insufficient quantity for product id: 1301. Requested: 300, available: 0
2026-07-28T19:16:24.332-04:00 Order failure | productId=1301 | userId=3839 | quantity=471 | status=FAILED | reason=Insufficient quantity for product id: 1301. Requested: 471, available: 0
2026-07-28T19:16:24.336-04:00 Order failure | productId=1301 | userId=3840 | quantity=195 | status=FAILED | reason=Insufficient quantity for product id: 1301. Requested: 195, available: 0
2026-07-28T19:16:24.342-04:00 Order failure | productId=11234 | userId=3841 | quantity=253 | status=FAILED | reason=Insufficient quantity for product id: 11234. Requested: 253, available: 0
2026-07-28T19:16:24.351-04:00 Order failure | productId=11234 | userId=3842 | quantity=479 | status=FAILED | reason=Insufficient quantity for product id: 11234. Requested: 479, available: 0
2026-07-28T19:16:24.362-04:00 Order failure | productId=11234 | userId=3843 | quantity=663 | status=FAILED | reason=Insufficient quantity for product id: 11234. Requested: 663, available: 0
2026-07-28T19:16:24.362-04:00 Order failure | productId=11234 | userId=3844 | quantity=233 | status=FAILED | reason=Insufficient quantity for product id: 11234. Requested: 233, available: 0
2026-07-28T19:16:24.364-04:00 Order failure | productId=11234 | userId=3845 | quantity=533 | status=FAILED | reason=Insufficient quantity for product id: 11234. Requested: 533, available: 0
2026-07-28T19:16:24.368-04:00 Order failure | productId=1301 | userId=3846 | quantity=266 | status=FAILED | reason=Insufficient quantity for product id: 1301. Requested: 266, available: 0
2026-07-28T19:16:24.372-04:00 Order failure | productId=11234 | userId=3847 | quantity=300 | status=FAILED | reason=Insufficient quantity for product id: 11234. Requested: 300, available: 0
2026-07-28T19:16:24.376-04:00 Order failure | productId=1301 | userId=3848 | quantity=194 | status=FAILED | reason=Insufficient quantity for product id: 1301. Requested: 194, available: 0
2026-07-28T19:16:24.381-04:00 Order failure | productId=11234 | userId=3849 | quantity=535 | status=FAILED | reason=Insufficient quantity for product id: 11234. Requested: 535, available: 0
2026-07-28T19:16:24.387-04:00 Order failure | productId=1301 | userId=3850 | quantity=718 | status=FAILED | reason=Insufficient quantity for product id: 1301. Requested: 718, available: 0
2026-07-28T19:16:24.392-04:00 Order failure | productId=1301 | userId=3851 | quantity=757 | status=FAILED | reason=Insufficient quantity for product id: 1301. Requested: 757, available: 0
2026-07-28T19:16:24.396-04:00 Order failure | productId=11234 | userId=3852 | quantity=814 | status=FAILED | reason=Insufficient quantity for product id: 11234. Requested: 814, available: 0
2026-07-28T19:16:24.401-04:00 Order failure | productId=1301 | userId=3853 | quantity=160 | status=FAILED | reason=Insufficient quantity for product id: 1301. Requested: 160, available: 0
2026-07-28T19:16:24.407-04:00 Order failure | productId=1301 | userId=3854 | quantity=110 | status=FAILED | reason=Insufficient quantity for product id: 1301. Requested: 110, available: 0
2026-07-28T19:16:24.410-04:00 Order failure | productId=1301 | userId=3855 | quantity=587 | status=FAILED | reason=Insufficient quantity for product id: 1301. Requested: 587, available: 0
2026-07-28T19:16:24.416-04:00 Order failure | productId=11234 | userId=3856 | quantity=907 | status=FAILED | reason=Insufficient quantity for product id: 11234. Requested: 907, available: 0
2026-07-28T19:16:24.421-04:00 Order failure | productId=1301 | userId=3857 | quantity=567 | status=FAILED | reason=Insufficient quantity for product id: 1301. Requested: 567, available: 0
2026-07-28T19:16:24.425-04:00 Order failure | productId=1301 | userId=3858 | quantity=594 | status=FAILED | reason=Insufficient quantity for product id: 1301. Requested: 594, available: 0
2026-07-28T19:16:24.431-04:00 Order failure | productId=11234 | userId=3859 | quantity=856 | status=FAILED | reason=Insufficient quantity for product id: 11234. Requested: 856, available: 0
2026-07-28T19:16:24.436-04:00 Order failure | productId=11234 | userId=3860 | quantity=385 | status=FAILED | reason=Insufficient quantity for product id: 11234. Requested: 385, available: 0
2026-07-28T19:16:24.441-04:00 Order failure | productId=1301 | userId=3861 | quantity=390 | status=FAILED | reason=Insufficient quantity for product id: 1301. Requested: 390, available: 0
2026-07-28T19:16:24.447-04:00 Order failure | productId=11234 | userId=3862 | quantity=372 | status=FAILED | reason=Insufficient quantity for product id: 11234. Requested: 372, available: 0
2026-07-28T19:16:24.450-04:00 Order failure | productId=1301 | userId=3863 | quantity=472 | status=FAILED | reason=Insufficient quantity for product id: 1301. Requested: 472, available: 0
2026-07-28T19:16:24.455-04:00 Order failure | productId=1301 | userId=3864 | quantity=973 | status=FAILED | reason=Insufficient quantity for product id: 1301. Requested: 973, available: 0
2026-07-28T19:16:24.462-04:00 Order failure | productId=1301 | userId=3865 | quantity=651 | status=FAILED | reason=Insufficient quantity for product id: 1301. Requested: 651, available: 0
2026-07-28T19:16:24.467-04:00 Order failure | productId=11234 | userId=3866 | quantity=155 | status=FAILED | reason=Insufficient quantity for product id: 11234. Requested: 155, available: 0
2026-07-28T19:16:24.471-04:00 Order failure | productId=11234 | userId=3867 | quantity=839 | status=FAILED | reason=Insufficient quantity for product id: 11234. Requested: 839, available: 0
2026-07-28T19:16:24.476-04:00 Order failure | productId=1301 | userId=3868 | quantity=43 | status=FAILED | reason=Insufficient quantity for product id: 1301. Requested: 43, available: 0
2026-07-28T19:16:24.482-04:00 Order failure | productId=1301 | userId=3869 | quantity=807 | status=FAILED | reason=Insufficient quantity for product id: 1301. Requested: 807, available: 0
2026-07-28T19:16:24.485-04:00 Order failure | productId=1301 | userId=3870 | quantity=278 | status=FAILED | reason=Insufficient quantity for product id: 1301. Requested: 278, available: 0
2026-07-28T19:16:24.490-04:00 Order failure | productId=11234 | userId=3871 | quantity=360 | status=FAILED | reason=Insufficient quantity for product id: 11234. Requested: 360, available: 0
2026-07-28T19:16:24.497-04:00 Order failure | productId=1301 | userId=3872 | quantity=629 | status=FAILED | reason=Insufficient quantity for product id: 1301. Requested: 629, available: 0
2026-07-28T19:16:24.500-04:00 Order failure | productId=11234 | userId=3873 | quantity=933 | status=FAILED | reason=Insufficient quantity for product id: 11234. Requested: 933, available: 0
2026-07-28T19:16:24.506-04:00 Order failure | productId=11234 | userId=3874 | quantity=247 | status=FAILED | reason=Insufficient quantity for product id: 11234. Requested: 247, available: 0
2026-07-28T19:16:24.511-04:00 Order failure | productId=11234 | userId=3875 | quantity=905 | status=FAILED | reason=Insufficient quantity for product id: 11234. Requested: 905, available: 0
2026-07-28T19:16:24.516-04:00 Order failure | productId=11234 | userId=3876 | quantity=502 | status=FAILED | reason=Insufficient quantity for product id: 11234. Requested: 502, available: 0
2026-07-28T19:16:24.521-04:00 Order failure | productId=11234 | userId=3877 | quantity=403 | status=FAILED | reason=Insufficient quantity for product id: 11234. Requested: 403, available: 0
2026-07-28T19:16:24.525-04:00 Order failure | productId=11234 | userId=3878 | quantity=26 | status=FAILED | reason=Insufficient quantity for product id: 11234. Requested: 26, available: 0
2026-07-28T19:16:24.531-04:00 Order failure | productId=1301 | userId=3879 | quantity=314 | status=FAILED | reason=Insufficient quantity for product id: 1301. Requested: 314, available: 0
2026-07-28T19:16:24.536-04:00 Order failure | productId=11234 | userId=3880 | quantity=345 | status=FAILED | reason=Insufficient quantity for product id: 11234. Requested: 345, available: 0
2026-07-28T19:16:24.540-04:00 Order failure | productId=1301 | userId=3881 | quantity=310 | status=FAILED | reason=Insufficient quantity for product id: 1301. Requested: 310, available: 0
2026-07-28T19:16:24.548-04:00 Order failure | productId=1301 | userId=3882 | quantity=686 | status=FAILED | reason=Insufficient quantity for product id: 1301. Requested: 686, available: 0
2026-07-28T19:16:24.550-04:00 Order failure | productId=11234 | userId=3883 | quantity=534 | status=FAILED | reason=Insufficient quantity for product id: 11234. Requested: 534, available: 0
2026-07-28T19:16:24.557-04:00 Order failure | productId=11234 | userId=3884 | quantity=171 | status=FAILED | reason=Insufficient quantity for product id: 11234. Requested: 171, available: 0
2026-07-28T19:16:24.560-04:00 Order failure | productId=1301 | userId=3885 | quantity=518 | status=FAILED | reason=Insufficient quantity for product id: 1301. Requested: 518, available: 0
2026-07-28T19:16:24.567-04:00 Order failure | productId=11234 | userId=3886 | quantity=761 | status=FAILED | reason=Insufficient quantity for product id: 11234. Requested: 761, available: 0
2026-07-28T19:16:24.571-04:00 Order failure | productId=1301 | userId=3887 | quantity=176 | status=FAILED | reason=Insufficient quantity for product id: 1301. Requested: 176, available: 0
2026-07-28T19:16:24.575-04:00 Order failure | productId=11234 | userId=3888 | quantity=934 | status=FAILED | reason=Insufficient quantity for product id: 11234. Requested: 934, available: 0
2026-07-28T19:16:24.580-04:00 Order failure | productId=11234 | userId=3889 | quantity=697 | status=FAILED | reason=Insufficient quantity for product id: 11234. Requested: 697, available: 0
2026-07-28T19:16:24.586-04:00 Order failure | productId=11234 | userId=3890 | quantity=820 | status=FAILED | reason=Insufficient quantity for product id: 11234. Requested: 820, available: 0
2026-07-28T19:16:24.590-04:00 Order failure | productId=1301 | userId=3891 | quantity=153 | status=FAILED | reason=Insufficient quantity for product id: 1301. Requested: 153, available: 0
2026-07-28T19:16:24.595-04:00 Order failure | productId=11234 | userId=3892 | quantity=204 | status=FAILED | reason=Insufficient quantity for product id: 11234. Requested: 204, available: 0
2026-07-28T19:16:24.601-04:00 Order failure | productId=1301 | userId=3893 | quantity=560 | status=FAILED | reason=Insufficient quantity for product id: 1301. Requested: 560, available: 0
2026-07-28T19:16:24.605-04:00 Order failure | productId=11234 | userId=3894 | quantity=527 | status=FAILED | reason=Insufficient quantity for product id: 11234. Requested: 527, available: 0
2026-07-28T19:16:24.610-04:00 Order failure | productId=1301 | userId=3895 | quantity=339 | status=FAILED | reason=Insufficient quantity for product id: 1301. Requested: 339, available: 0
2026-07-28T19:16:24.616-04:00 Order failure | productId=11234 | userId=3896 | quantity=763 | status=FAILED | reason=Insufficient quantity for product id: 11234. Requested: 763, available: 0
2026-07-28T19:16:24.621-04:00 Order failure | productId=11234 | userId=3897 | quantity=676 | status=FAILED | reason=Insufficient quantity for product id: 11234. Requested: 676, available: 0
2026-07-28T19:16:24.626-04:00 Order failure | productId=11234 | userId=3898 | quantity=667 | status=FAILED | reason=Insufficient quantity for product id: 11234. Requested: 667, available: 0
2026-07-28T19:16:24.630-04:00 Order failure | productId=1301 | userId=3899 | quantity=41 | status=FAILED | reason=Insufficient quantity for product id: 1301. Requested: 41, available: 0
2026-07-28T19:16:24.635-04:00 Order failure | productId=11234 | userId=3900 | quantity=807 | status=FAILED | reason=Insufficient quantity for product id: 11234. Requested: 807, available: 0
2026-07-28T19:16:24.642-04:00 Order failure | productId=11234 | userId=3901 | quantity=58 | status=FAILED | reason=Insufficient quantity for product id: 11234. Requested: 58, available: 0
2026-07-28T19:16:24.646-04:00 Order failure | productId=11234 | userId=3902 | quantity=358 | status=FAILED | reason=Insufficient quantity for product id: 11234. Requested: 358, available: 0
2026-07-28T19:16:24.651-04:00 Order failure | productId=11234 | userId=3903 | quantity=86 | status=FAILED | reason=Insufficient quantity for product id: 11234. Requested: 86, available: 0
2026-07-28T19:16:24.657-04:00 Order failure | productId=1301 | userId=3904 | quantity=789 | status=FAILED | reason=Insufficient quantity for product id: 1301. Requested: 789, available: 0
2026-07-28T19:16:24.659-04:00 Order failure | productId=1301 | userId=3905 | quantity=436 | status=FAILED | reason=Insufficient quantity for product id: 1301. Requested: 436, available: 0
2026-07-28T19:16:24.665-04:00 Order failure | productId=11234 | userId=3906 | quantity=889 | status=FAILED | reason=Insufficient quantity for product id: 11234. Requested: 889, available: 0
2026-07-28T19:16:24.671-04:00 Order failure | productId=11234 | userId=3907 | quantity=90 | status=FAILED | reason=Insufficient quantity for product id: 11234. Requested: 90, available: 0
2026-07-28T19:16:24.675-04:00 Order failure | productId=11234 | userId=3908 | quantity=427 | status=FAILED | reason=Insufficient quantity for product id: 11234. Requested: 427, available: 0
2026-07-28T19:16:24.690-04:00 Order failure | productId=11234 | userId=3909 | quantity=347 | status=FAILED | reason=Insufficient quantity for product id: 11234. Requested: 347, available: 0
2026-07-28T19:16:24.690-04:00 Order failure | productId=1301 | userId=3910 | quantity=67 | status=FAILED | reason=Insufficient quantity for product id: 1301. Requested: 67, available: 0
2026-07-28T19:16:24.691-04:00 Order failure | productId=11234 | userId=3911 | quantity=27 | status=FAILED | reason=Insufficient quantity for product id: 11234. Requested: 27, available: 0
2026-07-28T19:16:24.696-04:00 Order failure | productId=1301 | userId=3912 | quantity=867 | status=FAILED | reason=Insufficient quantity for product id: 1301. Requested: 867, available: 0
2026-07-28T19:16:24.700-04:00 Order failure | productId=1301 | userId=3913 | quantity=990 | status=FAILED | reason=Insufficient quantity for product id: 1301. Requested: 990, available: 0
2026-07-28T19:16:24.708-04:00 Order failure | productId=1301 | userId=3914 | quantity=152 | status=FAILED | reason=Insufficient quantity for product id: 1301. Requested: 152, available: 0
2026-07-28T19:16:24.711-04:00 Order failure | productId=11234 | userId=3915 | quantity=458 | status=FAILED | reason=Insufficient quantity for product id: 11234. Requested: 458, available: 0
2026-07-28T19:16:24.716-04:00 Order failure | productId=1301 | userId=3916 | quantity=838 | status=FAILED | reason=Insufficient quantity for product id: 1301. Requested: 838, available: 0
2026-07-28T19:16:24.720-04:00 Order failure | productId=1301 | userId=3917 | quantity=353 | status=FAILED | reason=Insufficient quantity for product id: 1301. Requested: 353, available: 0
2026-07-28T19:16:24.726-04:00 Order failure | productId=11234 | userId=3918 | quantity=833 | status=FAILED | reason=Insufficient quantity for product id: 11234. Requested: 833, available: 0
2026-07-28T19:16:24.730-04:00 Order failure | productId=11234 | userId=3919 | quantity=51 | status=FAILED | reason=Insufficient quantity for product id: 11234. Requested: 51, available: 0
2026-07-28T19:16:24.735-04:00 Order failure | productId=11234 | userId=3920 | quantity=120 | status=FAILED | reason=Insufficient quantity for product id: 11234. Requested: 120, available: 0
2026-07-28T19:16:24.740-04:00 Order failure | productId=1301 | userId=3921 | quantity=778 | status=FAILED | reason=Insufficient quantity for product id: 1301. Requested: 778, available: 0
2026-07-28T19:16:24.745-04:00 Order failure | productId=11234 | userId=3922 | quantity=68 | status=FAILED | reason=Insufficient quantity for product id: 11234. Requested: 68, available: 0
2026-07-28T19:16:24.751-04:00 Order failure | productId=1301 | userId=3923 | quantity=536 | status=FAILED | reason=Insufficient quantity for product id: 1301. Requested: 536, available: 0
2026-07-28T19:16:24.754-04:00 Order failure | productId=11234 | userId=3924 | quantity=18 | status=FAILED | reason=Insufficient quantity for product id: 11234. Requested: 18, available: 0
2026-07-28T19:16:24.760-04:00 Order failure | productId=11234 | userId=3925 | quantity=865 | status=FAILED | reason=Insufficient quantity for product id: 11234. Requested: 865, available: 0
2026-07-28T19:16:24.765-04:00 Order failure | productId=11234 | userId=3926 | quantity=694 | status=FAILED | reason=Insufficient quantity for product id: 11234. Requested: 694, available: 0
2026-07-28T19:16:24.771-04:00 Order failure | productId=11234 | userId=3927 | quantity=259 | status=FAILED | reason=Insufficient quantity for product id: 11234. Requested: 259, available: 0
2026-07-28T19:16:24.776-04:00 Order failure | productId=1301 | userId=3928 | quantity=245 | status=FAILED | reason=Insufficient quantity for product id: 1301. Requested: 245, available: 0
2026-07-28T19:16:24.781-04:00 Order failure | productId=1301 | userId=3929 | quantity=278 | status=FAILED | reason=Insufficient quantity for product id: 1301. Requested: 278, available: 0
2026-07-28T19:16:24.785-04:00 Order failure | productId=11234 | userId=3930 | quantity=71 | status=FAILED | reason=Insufficient quantity for product id: 11234. Requested: 71, available: 0
2026-07-28T19:16:24.790-04:00 Order failure | productId=11234 | userId=3931 | quantity=810 | status=FAILED | reason=Insufficient quantity for product id: 11234. Requested: 810, available: 0
2026-07-28T19:16:24.796-04:00 Order failure | productId=1301 | userId=3932 | quantity=659 | status=FAILED | reason=Insufficient quantity for product id: 1301. Requested: 659, available: 0
2026-07-28T19:16:24.800-04:00 Order failure | productId=1301 | userId=3933 | quantity=914 | status=FAILED | reason=Insufficient quantity for product id: 1301. Requested: 914, available: 0
2026-07-28T19:16:24.805-04:00 Order failure | productId=1301 | userId=3934 | quantity=182 | status=FAILED | reason=Insufficient quantity for product id: 1301. Requested: 182, available: 0
2026-07-28T19:16:24.811-04:00 Order failure | productId=11234 | userId=3935 | quantity=617 | status=FAILED | reason=Insufficient quantity for product id: 11234. Requested: 617, available: 0
2026-07-28T19:16:24.816-04:00 Order failure | productId=1301 | userId=3936 | quantity=769 | status=FAILED | reason=Insufficient quantity for product id: 1301. Requested: 769, available: 0
2026-07-28T19:16:24.820-04:00 Order failure | productId=1301 | userId=3937 | quantity=803 | status=FAILED | reason=Insufficient quantity for product id: 1301. Requested: 803, available: 0
2026-07-28T19:16:24.825-04:00 Order failure | productId=1301 | userId=3938 | quantity=343 | status=FAILED | reason=Insufficient quantity for product id: 1301. Requested: 343, available: 0
2026-07-28T19:16:24.831-04:00 Order failure | productId=1301 | userId=3939 | quantity=948 | status=FAILED | reason=Insufficient quantity for product id: 1301. Requested: 948, available: 0
2026-07-28T19:16:24.836-04:00 Order failure | productId=11234 | userId=3940 | quantity=454 | status=FAILED | reason=Insufficient quantity for product id: 11234. Requested: 454, available: 0
2026-07-28T19:16:24.841-04:00 Order failure | productId=11234 | userId=3941 | quantity=418 | status=FAILED | reason=Insufficient quantity for product id: 11234. Requested: 418, available: 0
2026-07-28T19:16:24.846-04:00 Order failure | productId=11234 | userId=3942 | quantity=291 | status=FAILED | reason=Insufficient quantity for product id: 11234. Requested: 291, available: 0
2026-07-28T19:16:24.850-04:00 Order failure | productId=11234 | userId=3943 | quantity=436 | status=FAILED | reason=Insufficient quantity for product id: 11234. Requested: 436, available: 0
2026-07-28T19:16:24.854-04:00 Order failure | productId=1301 | userId=3944 | quantity=636 | status=FAILED | reason=Insufficient quantity for product id: 1301. Requested: 636, available: 0
2026-07-28T19:16:24.859-04:00 Order failure | productId=11234 | userId=3945 | quantity=627 | status=FAILED | reason=Insufficient quantity for product id: 11234. Requested: 627, available: 0
2026-07-28T19:16:24.864-04:00 Order failure | productId=11234 | userId=3946 | quantity=712 | status=FAILED | reason=Insufficient quantity for product id: 11234. Requested: 712, available: 0
2026-07-28T19:16:24.870-04:00 Order failure | productId=1301 | userId=3947 | quantity=98 | status=FAILED | reason=Insufficient quantity for product id: 1301. Requested: 98, available: 0
2026-07-28T19:16:24.874-04:00 Order failure | productId=1301 | userId=3948 | quantity=134 | status=FAILED | reason=Insufficient quantity for product id: 1301. Requested: 134, available: 0
2026-07-28T19:16:24.880-04:00 Order failure | productId=11234 | userId=3949 | quantity=606 | status=FAILED | reason=Insufficient quantity for product id: 11234. Requested: 606, available: 0
2026-07-28T19:16:24.897-04:00 Order failure | productId=1301 | userId=3951 | quantity=826 | status=FAILED | reason=Insufficient quantity for product id: 1301. Requested: 826, available: 0
2026-07-28T19:16:24.897-04:00 Order failure | productId=1301 | userId=3950 | quantity=823 | status=FAILED | reason=Insufficient quantity for product id: 1301. Requested: 823, available: 0
2026-07-28T19:16:24.897-04:00 Order failure | productId=11234 | userId=3952 | quantity=411 | status=FAILED | reason=Insufficient quantity for product id: 11234. Requested: 411, available: 0
2026-07-28T19:16:24.900-04:00 Order failure | productId=1301 | userId=3953 | quantity=67 | status=FAILED | reason=Insufficient quantity for product id: 1301. Requested: 67, available: 0
2026-07-28T19:16:24.904-04:00 Order failure | productId=11234 | userId=3954 | quantity=66 | status=FAILED | reason=Insufficient quantity for product id: 11234. Requested: 66, available: 0
2026-07-28T19:16:24.909-04:00 Order failure | productId=11234 | userId=3955 | quantity=600 | status=FAILED | reason=Insufficient quantity for product id: 11234. Requested: 600, available: 0
2026-07-28T19:16:24.914-04:00 Order failure | productId=11234 | userId=3956 | quantity=171 | status=FAILED | reason=Insufficient quantity for product id: 11234. Requested: 171, available: 0
2026-07-28T19:16:24.922-04:00 Order failure | productId=1301 | userId=3957 | quantity=282 | status=FAILED | reason=Insufficient quantity for product id: 1301. Requested: 282, available: 0
2026-07-28T19:16:24.925-04:00 Order failure | productId=1301 | userId=3958 | quantity=655 | status=FAILED | reason=Insufficient quantity for product id: 1301. Requested: 655, available: 0
2026-07-28T19:16:24.930-04:00 Order failure | productId=11234 | userId=3959 | quantity=762 | status=FAILED | reason=Insufficient quantity for product id: 11234. Requested: 762, available: 0
2026-07-28T19:16:24.934-04:00 Order failure | productId=1301 | userId=3960 | quantity=404 | status=FAILED | reason=Insufficient quantity for product id: 1301. Requested: 404, available: 0
2026-07-28T19:16:24.940-04:00 Order failure | productId=1301 | userId=3961 | quantity=192 | status=FAILED | reason=Insufficient quantity for product id: 1301. Requested: 192, available: 0
2026-07-28T19:16:24.945-04:00 Order failure | productId=1301 | userId=3962 | quantity=470 | status=FAILED | reason=Insufficient quantity for product id: 1301. Requested: 470, available: 0
2026-07-28T19:16:24.949-04:00 Order failure | productId=1301 | userId=3963 | quantity=97 | status=FAILED | reason=Insufficient quantity for product id: 1301. Requested: 97, available: 0
2026-07-28T19:16:24.956-04:00 Order failure | productId=11234 | userId=3964 | quantity=885 | status=FAILED | reason=Insufficient quantity for product id: 11234. Requested: 885, available: 0
2026-07-28T19:16:24.959-04:00 Order failure | productId=11234 | userId=3965 | quantity=667 | status=FAILED | reason=Insufficient quantity for product id: 11234. Requested: 667, available: 0
2026-07-28T19:16:24.964-04:00 Order failure | productId=1301 | userId=3966 | quantity=946 | status=FAILED | reason=Insufficient quantity for product id: 1301. Requested: 946, available: 0
2026-07-28T19:16:24.969-04:00 Order failure | productId=11234 | userId=3967 | quantity=247 | status=FAILED | reason=Insufficient quantity for product id: 11234. Requested: 247, available: 0
2026-07-28T19:16:24.974-04:00 Order failure | productId=11234 | userId=3968 | quantity=223 | status=FAILED | reason=Insufficient quantity for product id: 11234. Requested: 223, available: 0
2026-07-28T19:16:24.980-04:00 Order failure | productId=1301 | userId=3969 | quantity=600 | status=FAILED | reason=Insufficient quantity for product id: 1301. Requested: 600, available: 0
2026-07-28T19:16:24.984-04:00 Order failure | productId=11234 | userId=3970 | quantity=225 | status=FAILED | reason=Insufficient quantity for product id: 11234. Requested: 225, available: 0
2026-07-28T19:16:24.990-04:00 Order failure | productId=11234 | userId=3971 | quantity=514 | status=FAILED | reason=Insufficient quantity for product id: 11234. Requested: 514, available: 0
2026-07-28T19:16:24.995-04:00 Order failure | productId=1301 | userId=3972 | quantity=118 | status=FAILED | reason=Insufficient quantity for product id: 1301. Requested: 118, available: 0
2026-07-28T19:16:25.001-04:00 Order failure | productId=11234 | userId=3973 | quantity=533 | status=FAILED | reason=Insufficient quantity for product id: 11234. Requested: 533, available: 0
2026-07-28T19:16:25.004-04:00 Order failure | productId=11234 | userId=3974 | quantity=785 | status=FAILED | reason=Insufficient quantity for product id: 11234. Requested: 785, available: 0
2026-07-28T19:16:25.010-04:00 Order failure | productId=1301 | userId=3975 | quantity=774 | status=FAILED | reason=Insufficient quantity for product id: 1301. Requested: 774, available: 0
2026-07-28T19:16:25.014-04:00 Order failure | productId=11234 | userId=3976 | quantity=406 | status=FAILED | reason=Insufficient quantity for product id: 11234. Requested: 406, available: 0
2026-07-28T19:16:25.021-04:00 Order failure | productId=1301 | userId=3977 | quantity=397 | status=FAILED | reason=Insufficient quantity for product id: 1301. Requested: 397, available: 0
2026-07-28T19:16:25.024-04:00 Order failure | productId=1301 | userId=3978 | quantity=585 | status=FAILED | reason=Insufficient quantity for product id: 1301. Requested: 585, available: 0
2026-07-28T19:16:25.030-04:00 Order failure | productId=11234 | userId=3979 | quantity=770 | status=FAILED | reason=Insufficient quantity for product id: 11234. Requested: 770, available: 0
2026-07-28T19:16:25.034-04:00 Order failure | productId=1301 | userId=3980 | quantity=902 | status=FAILED | reason=Insufficient quantity for product id: 1301. Requested: 902, available: 0
2026-07-28T19:16:25.039-04:00 Order failure | productId=11234 | userId=3981 | quantity=98 | status=FAILED | reason=Insufficient quantity for product id: 11234. Requested: 98, available: 0
2026-07-28T19:16:25.044-04:00 Order failure | productId=1301 | userId=3982 | quantity=759 | status=FAILED | reason=Insufficient quantity for product id: 1301. Requested: 759, available: 0
2026-07-28T19:16:25.052-04:00 Order failure | productId=1301 | userId=3983 | quantity=445 | status=FAILED | reason=Insufficient quantity for product id: 1301. Requested: 445, available: 0
2026-07-28T19:16:25.055-04:00 Order failure | productId=11234 | userId=3984 | quantity=527 | status=FAILED | reason=Insufficient quantity for product id: 11234. Requested: 527, available: 0
2026-07-28T19:16:25.060-04:00 Order failure | productId=11234 | userId=3985 | quantity=44 | status=FAILED | reason=Insufficient quantity for product id: 11234. Requested: 44, available: 0
2026-07-28T19:16:25.067-04:00 Order failure | productId=11234 | userId=3986 | quantity=388 | status=FAILED | reason=Insufficient quantity for product id: 11234. Requested: 388, available: 0
2026-07-28T19:16:25.072-04:00 Order failure | productId=11234 | userId=3987 | quantity=508 | status=FAILED | reason=Insufficient quantity for product id: 11234. Requested: 508, available: 0
2026-07-28T19:16:25.076-04:00 Order failure | productId=1301 | userId=3988 | quantity=17 | status=FAILED | reason=Insufficient quantity for product id: 1301. Requested: 17, available: 0
2026-07-28T19:16:25.080-04:00 Order failure | productId=11234 | userId=3989 | quantity=291 | status=FAILED | reason=Insufficient quantity for product id: 11234. Requested: 291, available: 0
2026-07-28T19:16:25.086-04:00 Order failure | productId=1301 | userId=3990 | quantity=48 | status=FAILED | reason=Insufficient quantity for product id: 1301. Requested: 48, available: 0
2026-07-28T19:16:25.090-04:00 Order failure | productId=11234 | userId=3991 | quantity=804 | status=FAILED | reason=Insufficient quantity for product id: 11234. Requested: 804, available: 0
2026-07-28T19:16:25.096-04:00 Order failure | productId=1301 | userId=3992 | quantity=477 | status=FAILED | reason=Insufficient quantity for product id: 1301. Requested: 477, available: 0
2026-07-28T19:16:25.100-04:00 Order failure | productId=1301 | userId=3993 | quantity=843 | status=FAILED | reason=Insufficient quantity for product id: 1301. Requested: 843, available: 0
2026-07-28T19:16:25.105-04:00 Order failure | productId=1301 | userId=3994 | quantity=338 | status=FAILED | reason=Insufficient quantity for product id: 1301. Requested: 338, available: 0
2026-07-28T19:16:25.111-04:00 Order failure | productId=11234 | userId=3995 | quantity=85 | status=FAILED | reason=Insufficient quantity for product id: 11234. Requested: 85, available: 0
2026-07-28T19:16:25.115-04:00 Order failure | productId=1301 | userId=3996 | quantity=911 | status=FAILED | reason=Insufficient quantity for product id: 1301. Requested: 911, available: 0
2026-07-28T19:16:25.121-04:00 Order failure | productId=11234 | userId=3997 | quantity=301 | status=FAILED | reason=Insufficient quantity for product id: 11234. Requested: 301, available: 0
2026-07-28T19:16:25.126-04:00 Order failure | productId=11234 | userId=3998 | quantity=789 | status=FAILED | reason=Insufficient quantity for product id: 11234. Requested: 789, available: 0
2026-07-28T19:16:25.135-04:00 Order failure | productId=1301 | userId=3999 | quantity=863 | status=FAILED | reason=Insufficient quantity for product id: 1301. Requested: 863, available: 0
2026-07-28T19:16:25.138-04:00 Order failure | productId=11234 | userId=4000 | quantity=656 | status=FAILED | reason=Insufficient quantity for product id: 11234. Requested: 656, available: 0
2026-07-28T19:16:25.142-04:00 Order failure | productId=1301 | userId=4001 | quantity=576 | status=FAILED | reason=Insufficient quantity for product id: 1301. Requested: 576, available: 0
2026-07-28T19:16:25.147-04:00 Order failure | productId=1301 | userId=4002 | quantity=664 | status=FAILED | reason=Insufficient quantity for product id: 1301. Requested: 664, available: 0
2026-07-28T19:16:25.152-04:00 Order failure | productId=1301 | userId=4003 | quantity=194 | status=FAILED | reason=Insufficient quantity for product id: 1301. Requested: 194, available: 0
2026-07-28T19:16:25.156-04:00 Order failure | productId=11234 | userId=4004 | quantity=99 | status=FAILED | reason=Insufficient quantity for product id: 11234. Requested: 99, available: 0
2026-07-28T19:16:25.163-04:00 Order failure | productId=11234 | userId=4005 | quantity=174 | status=FAILED | reason=Insufficient quantity for product id: 11234. Requested: 174, available: 0
2026-07-28T19:16:25.166-04:00 Order failure | productId=1301 | userId=4006 | quantity=833 | status=FAILED | reason=Insufficient quantity for product id: 1301. Requested: 833, available: 0
2026-07-28T19:16:25.171-04:00 Order failure | productId=1301 | userId=4007 | quantity=749 | status=FAILED | reason=Insufficient quantity for product id: 1301. Requested: 749, available: 0
2026-07-28T19:16:25.176-04:00 Order failure | productId=11234 | userId=4008 | quantity=131 | status=FAILED | reason=Insufficient quantity for product id: 11234. Requested: 131, available: 0
2026-07-28T19:16:25.181-04:00 Order failure | productId=1301 | userId=4009 | quantity=401 | status=FAILED | reason=Insufficient quantity for product id: 1301. Requested: 401, available: 0
2026-07-28T19:16:25.186-04:00 Order failure | productId=1301 | userId=4010 | quantity=732 | status=FAILED | reason=Insufficient quantity for product id: 1301. Requested: 732, available: 0
2026-07-28T19:16:25.191-04:00 Order failure | productId=1301 | userId=4011 | quantity=691 | status=FAILED | reason=Insufficient quantity for product id: 1301. Requested: 691, available: 0
2026-07-28T19:16:25.196-04:00 Order failure | productId=11234 | userId=4012 | quantity=936 | status=FAILED | reason=Insufficient quantity for product id: 11234. Requested: 936, available: 0
2026-07-28T19:16:25.201-04:00 Order failure | productId=11234 | userId=4013 | quantity=834 | status=FAILED | reason=Insufficient quantity for product id: 11234. Requested: 834, available: 0
2026-07-28T19:16:25.204-04:00 Order failure | productId=1301 | userId=4014 | quantity=937 | status=FAILED | reason=Insufficient quantity for product id: 1301. Requested: 937, available: 0
2026-07-28T19:16:25.209-04:00 Order failure | productId=11234 | userId=4015 | quantity=141 | status=FAILED | reason=Insufficient quantity for product id: 11234. Requested: 141, available: 0
2026-07-28T19:16:25.216-04:00 Order failure | productId=1301 | userId=4016 | quantity=597 | status=FAILED | reason=Insufficient quantity for product id: 1301. Requested: 597, available: 0
2026-07-28T19:16:25.218-04:00 Order failure | productId=1301 | userId=4017 | quantity=769 | status=FAILED | reason=Insufficient quantity for product id: 1301. Requested: 769, available: 0
2026-07-28T19:16:25.224-04:00 Order failure | productId=11234 | userId=4018 | quantity=131 | status=FAILED | reason=Insufficient quantity for product id: 11234. Requested: 131, available: 0
2026-07-28T19:16:25.230-04:00 Order failure | productId=1301 | userId=4019 | quantity=68 | status=FAILED | reason=Insufficient quantity for product id: 1301. Requested: 68, available: 0
2026-07-28T19:16:25.235-04:00 Order failure | productId=1301 | userId=4020 | quantity=52 | status=FAILED | reason=Insufficient quantity for product id: 1301. Requested: 52, available: 0
2026-07-28T19:16:25.239-04:00 Order failure | productId=1301 | userId=4021 | quantity=798 | status=FAILED | reason=Insufficient quantity for product id: 1301. Requested: 798, available: 0
2026-07-28T19:16:25.246-04:00 Order failure | productId=1301 | userId=4022 | quantity=689 | status=FAILED | reason=Insufficient quantity for product id: 1301. Requested: 689, available: 0
2026-07-28T19:16:25.250-04:00 Order failure | productId=11234 | userId=4023 | quantity=6 | status=FAILED | reason=Insufficient quantity for product id: 11234. Requested: 6, available: 0
2026-07-28T19:16:25.255-04:00 Order failure | productId=1301 | userId=4024 | quantity=456 | status=FAILED | reason=Insufficient quantity for product id: 1301. Requested: 456, available: 0
2026-07-28T19:16:25.259-04:00 Order failure | productId=1301 | userId=4025 | quantity=90 | status=FAILED | reason=Insufficient quantity for product id: 1301. Requested: 90, available: 0
2026-07-28T19:16:25.265-04:00 Order failure | productId=11234 | userId=4026 | quantity=31 | status=FAILED | reason=Insufficient quantity for product id: 11234. Requested: 31, available: 0
2026-07-28T19:16:25.272-04:00 Order failure | productId=11234 | userId=4027 | quantity=687 | status=FAILED | reason=Insufficient quantity for product id: 11234. Requested: 687, available: 0
2026-07-28T19:16:25.275-04:00 Order failure | productId=11234 | userId=4028 | quantity=795 | status=FAILED | reason=Insufficient quantity for product id: 11234. Requested: 795, available: 0
2026-07-28T19:16:25.280-04:00 Order failure | productId=11234 | userId=4029 | quantity=322 | status=FAILED | reason=Insufficient quantity for product id: 11234. Requested: 322, available: 0
2026-07-28T19:16:25.284-04:00 Order failure | productId=11234 | userId=4030 | quantity=196 | status=FAILED | reason=Insufficient quantity for product id: 11234. Requested: 196, available: 0
2026-07-28T19:16:25.290-04:00 Order failure | productId=1301 | userId=4031 | quantity=661 | status=FAILED | reason=Insufficient quantity for product id: 1301. Requested: 661, available: 0
2026-07-28T19:16:25.294-04:00 Order failure | productId=11234 | userId=4032 | quantity=476 | status=FAILED | reason=Insufficient quantity for product id: 11234. Requested: 476, available: 0
2026-07-28T19:16:25.299-04:00 Order failure | productId=1301 | userId=4033 | quantity=968 | status=FAILED | reason=Insufficient quantity for product id: 1301. Requested: 968, available: 0
2026-07-28T19:16:25.306-04:00 Order failure | productId=1301 | userId=4034 | quantity=386 | status=FAILED | reason=Insufficient quantity for product id: 1301. Requested: 386, available: 0
2026-07-28T19:16:25.309-04:00 Order failure | productId=1301 | userId=4035 | quantity=804 | status=FAILED | reason=Insufficient quantity for product id: 1301. Requested: 804, available: 0
2026-07-28T19:16:25.314-04:00 Order failure | productId=11234 | userId=4036 | quantity=896 | status=FAILED | reason=Insufficient quantity for product id: 11234. Requested: 896, available: 0
2026-07-28T19:16:25.319-04:00 Order failure | productId=1301 | userId=4037 | quantity=469 | status=FAILED | reason=Insufficient quantity for product id: 1301. Requested: 469, available: 0
2026-07-28T19:16:25.324-04:00 Order failure | productId=1301 | userId=4038 | quantity=188 | status=FAILED | reason=Insufficient quantity for product id: 1301. Requested: 188, available: 0
2026-07-28T19:16:25.329-04:00 Order failure | productId=1301 | userId=4039 | quantity=854 | status=FAILED | reason=Insufficient quantity for product id: 1301. Requested: 854, available: 0
2026-07-28T19:16:25.334-04:00 Order failure | productId=1301 | userId=4040 | quantity=856 | status=FAILED | reason=Insufficient quantity for product id: 1301. Requested: 856, available: 0
2026-07-28T19:16:25.339-04:00 Order failure | productId=1301 | userId=4041 | quantity=16 | status=FAILED | reason=Insufficient quantity for product id: 1301. Requested: 16, available: 0
2026-07-28T19:16:25.344-04:00 Order failure | productId=1301 | userId=4042 | quantity=626 | status=FAILED | reason=Insufficient quantity for product id: 1301. Requested: 626, available: 0
2026-07-28T19:16:25.349-04:00 Order failure | productId=1301 | userId=4043 | quantity=881 | status=FAILED | reason=Insufficient quantity for product id: 1301. Requested: 881, available: 0
2026-07-28T19:16:25.354-04:00 Order failure | productId=1301 | userId=4044 | quantity=841 | status=FAILED | reason=Insufficient quantity for product id: 1301. Requested: 841, available: 0
2026-07-28T19:16:25.359-04:00 Order failure | productId=1301 | userId=4045 | quantity=355 | status=FAILED | reason=Insufficient quantity for product id: 1301. Requested: 355, available: 0
2026-07-28T19:16:25.364-04:00 Order failure | productId=11234 | userId=4046 | quantity=462 | status=FAILED | reason=Insufficient quantity for product id: 11234. Requested: 462, available: 0
2026-07-28T19:16:25.369-04:00 Order failure | productId=1301 | userId=4047 | quantity=789 | status=FAILED | reason=Insufficient quantity for product id: 1301. Requested: 789, available: 0
2026-07-28T19:16:25.375-04:00 Order failure | productId=11234 | userId=4048 | quantity=70 | status=FAILED | reason=Insufficient quantity for product id: 11234. Requested: 70, available: 0
2026-07-28T19:16:25.378-04:00 Order failure | productId=11234 | userId=4049 | quantity=204 | status=FAILED | reason=Insufficient quantity for product id: 11234. Requested: 204, available: 0
2026-07-28T19:16:25.384-04:00 Order failure | productId=11234 | userId=4050 | quantity=313 | status=FAILED | reason=Insufficient quantity for product id: 11234. Requested: 313, available: 0
2026-07-28T19:16:25.389-04:00 Order failure | productId=11234 | userId=4051 | quantity=642 | status=FAILED | reason=Insufficient quantity for product id: 11234. Requested: 642, available: 0
2026-07-28T19:16:25.394-04:00 Order failure | productId=1301 | userId=4052 | quantity=704 | status=FAILED | reason=Insufficient quantity for product id: 1301. Requested: 704, available: 0
2026-07-28T19:16:25.399-04:00 Order failure | productId=11234 | userId=4053 | quantity=747 | status=FAILED | reason=Insufficient quantity for product id: 11234. Requested: 747, available: 0
2026-07-28T19:16:25.404-04:00 Order failure | productId=11234 | userId=4054 | quantity=374 | status=FAILED | reason=Insufficient quantity for product id: 11234. Requested: 374, available: 0
2026-07-28T19:16:25.410-04:00 Order failure | productId=1301 | userId=4055 | quantity=883 | status=FAILED | reason=Insufficient quantity for product id: 1301. Requested: 883, available: 0
2026-07-28T19:16:25.414-04:00 Order failure | productId=11234 | userId=4056 | quantity=157 | status=FAILED | reason=Insufficient quantity for product id: 11234. Requested: 157, available: 0
2026-07-28T19:16:25.419-04:00 Order failure | productId=1301 | userId=4057 | quantity=666 | status=FAILED | reason=Insufficient quantity for product id: 1301. Requested: 666, available: 0
2026-07-28T19:16:25.424-04:00 Order failure | productId=11234 | userId=4058 | quantity=553 | status=FAILED | reason=Insufficient quantity for product id: 11234. Requested: 553, available: 0
2026-07-28T19:16:25.430-04:00 Order failure | productId=1301 | userId=4059 | quantity=578 | status=FAILED | reason=Insufficient quantity for product id: 1301. Requested: 578, available: 0
2026-07-28T19:16:25.434-04:00 Order failure | productId=11234 | userId=4060 | quantity=432 | status=FAILED | reason=Insufficient quantity for product id: 11234. Requested: 432, available: 0
2026-07-28T19:16:25.439-04:00 Order failure | productId=11234 | userId=4061 | quantity=610 | status=FAILED | reason=Insufficient quantity for product id: 11234. Requested: 610, available: 0
2026-07-28T19:16:25.445-04:00 Order failure | productId=1301 | userId=4062 | quantity=137 | status=FAILED | reason=Insufficient quantity for product id: 1301. Requested: 137, available: 0
2026-07-28T19:16:25.450-04:00 Order failure | productId=1301 | userId=4063 | quantity=878 | status=FAILED | reason=Insufficient quantity for product id: 1301. Requested: 878, available: 0
2026-07-28T19:16:25.454-04:00 Order failure | productId=1301 | userId=4064 | quantity=799 | status=FAILED | reason=Insufficient quantity for product id: 1301. Requested: 799, available: 0
2026-07-28T19:16:25.459-04:00 Order failure | productId=1301 | userId=4065 | quantity=125 | status=FAILED | reason=Insufficient quantity for product id: 1301. Requested: 125, available: 0
2026-07-28T19:16:25.466-04:00 Order failure | productId=1301 | userId=4066 | quantity=288 | status=FAILED | reason=Insufficient quantity for product id: 1301. Requested: 288, available: 0
2026-07-28T19:16:25.469-04:00 Order failure | productId=11234 | userId=4067 | quantity=725 | status=FAILED | reason=Insufficient quantity for product id: 11234. Requested: 725, available: 0
2026-07-28T19:16:25.474-04:00 Order failure | productId=11234 | userId=4068 | quantity=56 | status=FAILED | reason=Insufficient quantity for product id: 11234. Requested: 56, available: 0
2026-07-28T19:16:25.478-04:00 Order failure | productId=11234 | userId=4069 | quantity=262 | status=FAILED | reason=Insufficient quantity for product id: 11234. Requested: 262, available: 0
2026-07-28T19:16:25.483-04:00 Order failure | productId=1301 | userId=4070 | quantity=31 | status=FAILED | reason=Insufficient quantity for product id: 1301. Requested: 31, available: 0
2026-07-28T19:16:25.488-04:00 Order failure | productId=1301 | userId=4071 | quantity=815 | status=FAILED | reason=Insufficient quantity for product id: 1301. Requested: 815, available: 0
2026-07-28T19:16:25.495-04:00 Order failure | productId=11234 | userId=4072 | quantity=824 | status=FAILED | reason=Insufficient quantity for product id: 11234. Requested: 824, available: 0
2026-07-28T19:16:25.501-04:00 Order failure | productId=1301 | userId=4073 | quantity=351 | status=FAILED | reason=Insufficient quantity for product id: 1301. Requested: 351, available: 0
2026-07-28T19:16:25.505-04:00 Order failure | productId=1301 | userId=4074 | quantity=622 | status=FAILED | reason=Insufficient quantity for product id: 1301. Requested: 622, available: 0
2026-07-28T19:16:25.508-04:00 Order failure | productId=1301 | userId=4075 | quantity=256 | status=FAILED | reason=Insufficient quantity for product id: 1301. Requested: 256, available: 0
2026-07-28T19:16:25.514-04:00 Order failure | productId=1301 | userId=4076 | quantity=173 | status=FAILED | reason=Insufficient quantity for product id: 1301. Requested: 173, available: 0
2026-07-28T19:16:25.520-04:00 Order failure | productId=1301 | userId=4077 | quantity=490 | status=FAILED | reason=Insufficient quantity for product id: 1301. Requested: 490, available: 0
2026-07-28T19:16:25.526-04:00 Order failure | productId=1301 | userId=4078 | quantity=824 | status=FAILED | reason=Insufficient quantity for product id: 1301. Requested: 824, available: 0
2026-07-28T19:16:25.528-04:00 Order failure | productId=11234 | userId=4079 | quantity=54 | status=FAILED | reason=Insufficient quantity for product id: 11234. Requested: 54, available: 0
2026-07-28T19:16:25.534-04:00 Order failure | productId=1301 | userId=4080 | quantity=150 | status=FAILED | reason=Insufficient quantity for product id: 1301. Requested: 150, available: 0
2026-07-28T19:16:25.540-04:00 Order failure | productId=1301 | userId=4081 | quantity=437 | status=FAILED | reason=Insufficient quantity for product id: 1301. Requested: 437, available: 0
2026-07-28T19:16:25.545-04:00 Order failure | productId=11234 | userId=4082 | quantity=992 | status=FAILED | reason=Insufficient quantity for product id: 11234. Requested: 992, available: 0
2026-07-28T19:16:25.549-04:00 Order failure | productId=1301 | userId=4083 | quantity=856 | status=FAILED | reason=Insufficient quantity for product id: 1301. Requested: 856, available: 0
2026-07-28T19:16:25.554-04:00 Order failure | productId=11234 | userId=4084 | quantity=385 | status=FAILED | reason=Insufficient quantity for product id: 11234. Requested: 385, available: 0
2026-07-28T19:16:25.559-04:00 Order failure | productId=1301 | userId=4085 | quantity=442 | status=FAILED | reason=Insufficient quantity for product id: 1301. Requested: 442, available: 0
2026-07-28T19:16:25.565-04:00 Order failure | productId=1301 | userId=4086 | quantity=457 | status=FAILED | reason=Insufficient quantity for product id: 1301. Requested: 457, available: 0
2026-07-28T19:16:25.569-04:00 Order failure | productId=11234 | userId=4087 | quantity=224 | status=FAILED | reason=Insufficient quantity for product id: 11234. Requested: 224, available: 0
2026-07-28T19:16:25.575-04:00 Order failure | productId=11234 | userId=4088 | quantity=429 | status=FAILED | reason=Insufficient quantity for product id: 11234. Requested: 429, available: 0
2026-07-28T19:16:25.580-04:00 Order failure | productId=1301 | userId=4089 | quantity=123 | status=FAILED | reason=Insufficient quantity for product id: 1301. Requested: 123, available: 0
2026-07-28T19:16:25.584-04:00 Order failure | productId=1301 | userId=4090 | quantity=184 | status=FAILED | reason=Insufficient quantity for product id: 1301. Requested: 184, available: 0
2026-07-28T19:16:25.589-04:00 Order failure | productId=1301 | userId=4091 | quantity=365 | status=FAILED | reason=Insufficient quantity for product id: 1301. Requested: 365, available: 0
2026-07-28T19:16:25.593-04:00 Order failure | productId=1301 | userId=4092 | quantity=799 | status=FAILED | reason=Insufficient quantity for product id: 1301. Requested: 799, available: 0
2026-07-28T19:16:25.599-04:00 Order failure | productId=11234 | userId=4093 | quantity=816 | status=FAILED | reason=Insufficient quantity for product id: 11234. Requested: 816, available: 0
2026-07-28T19:16:25.603-04:00 Order failure | productId=11234 | userId=4094 | quantity=682 | status=FAILED | reason=Insufficient quantity for product id: 11234. Requested: 682, available: 0
2026-07-28T19:16:25.609-04:00 Order failure | productId=1301 | userId=4095 | quantity=379 | status=FAILED | reason=Insufficient quantity for product id: 1301. Requested: 379, available: 0
2026-07-28T19:16:25.613-04:00 Order failure | productId=1301 | userId=4096 | quantity=888 | status=FAILED | reason=Insufficient quantity for product id: 1301. Requested: 888, available: 0
2026-07-28T19:16:25.619-04:00 Order failure | productId=1301 | userId=4097 | quantity=170 | status=FAILED | reason=Insufficient quantity for product id: 1301. Requested: 170, available: 0
2026-07-28T19:16:25.623-04:00 Order failure | productId=1301 | userId=4098 | quantity=370 | status=FAILED | reason=Insufficient quantity for product id: 1301. Requested: 370, available: 0
2026-07-28T19:16:25.631-04:00 Order failure | productId=1301 | userId=4099 | quantity=63 | status=FAILED | reason=Insufficient quantity for product id: 1301. Requested: 63, available: 0
2026-07-28T19:16:25.635-04:00 Order failure | productId=11234 | userId=4100 | quantity=731 | status=FAILED | reason=Insufficient quantity for product id: 11234. Requested: 731, available: 0
2026-07-28T19:16:25.640-04:00 Order failure | productId=1301 | userId=4101 | quantity=153 | status=FAILED | reason=Insufficient quantity for product id: 1301. Requested: 153, available: 0
2026-07-28T19:16:25.645-04:00 Order failure | productId=1301 | userId=4102 | quantity=534 | status=FAILED | reason=Insufficient quantity for product id: 1301. Requested: 534, available: 0
2026-07-28T19:16:25.649-04:00 Order failure | productId=11234 | userId=4103 | quantity=75 | status=FAILED | reason=Insufficient quantity for product id: 11234. Requested: 75, available: 0
2026-07-28T19:16:25.654-04:00 Order failure | productId=11234 | userId=4104 | quantity=838 | status=FAILED | reason=Insufficient quantity for product id: 11234. Requested: 838, available: 0
2026-07-28T19:16:25.659-04:00 Order failure | productId=1301 | userId=4105 | quantity=252 | status=FAILED | reason=Insufficient quantity for product id: 1301. Requested: 252, available: 0
2026-07-28T19:16:25.664-04:00 Order failure | productId=11234 | userId=4106 | quantity=656 | status=FAILED | reason=Insufficient quantity for product id: 11234. Requested: 656, available: 0
2026-07-28T19:16:25.670-04:00 Order failure | productId=11234 | userId=4107 | quantity=879 | status=FAILED | reason=Insufficient quantity for product id: 11234. Requested: 879, available: 0
2026-07-28T19:16:25.673-04:00 Order failure | productId=1301 | userId=4108 | quantity=18 | status=FAILED | reason=Insufficient quantity for product id: 1301. Requested: 18, available: 0
2026-07-28T19:16:25.680-04:00 Order failure | productId=11234 | userId=4109 | quantity=252 | status=FAILED | reason=Insufficient quantity for product id: 11234. Requested: 252, available: 0
2026-07-28T19:16:25.686-04:00 Order failure | productId=11234 | userId=4110 | quantity=988 | status=FAILED | reason=Insufficient quantity for product id: 11234. Requested: 988, available: 0
2026-07-28T19:16:25.689-04:00 Order failure | productId=1301 | userId=4111 | quantity=577 | status=FAILED | reason=Insufficient quantity for product id: 1301. Requested: 577, available: 0
2026-07-28T19:16:25.693-04:00 Order failure | productId=1301 | userId=4112 | quantity=295 | status=FAILED | reason=Insufficient quantity for product id: 1301. Requested: 295, available: 0
2026-07-28T19:16:25.699-04:00 Order failure | productId=11234 | userId=4113 | quantity=611 | status=FAILED | reason=Insufficient quantity for product id: 11234. Requested: 611, available: 0
2026-07-28T19:16:25.705-04:00 Order failure | productId=11234 | userId=4114 | quantity=273 | status=FAILED | reason=Insufficient quantity for product id: 11234. Requested: 273, available: 0
2026-07-28T19:16:25.709-04:00 Order failure | productId=1301 | userId=4115 | quantity=238 | status=FAILED | reason=Insufficient quantity for product id: 1301. Requested: 238, available: 0
2026-07-28T19:16:25.715-04:00 Order failure | productId=1301 | userId=4116 | quantity=590 | status=FAILED | reason=Insufficient quantity for product id: 1301. Requested: 590, available: 0
2026-07-28T19:16:25.720-04:00 Order failure | productId=11234 | userId=4117 | quantity=680 | status=FAILED | reason=Insufficient quantity for product id: 11234. Requested: 680, available: 0
2026-07-28T19:16:25.725-04:00 Order failure | productId=1301 | userId=4118 | quantity=539 | status=FAILED | reason=Insufficient quantity for product id: 1301. Requested: 539, available: 0
2026-07-28T19:16:25.729-04:00 Order failure | productId=1301 | userId=4119 | quantity=577 | status=FAILED | reason=Insufficient quantity for product id: 1301. Requested: 577, available: 0
2026-07-28T19:16:25.735-04:00 Order failure | productId=11234 | userId=4120 | quantity=948 | status=FAILED | reason=Insufficient quantity for product id: 11234. Requested: 948, available: 0
2026-07-28T19:16:25.739-04:00 Order failure | productId=11234 | userId=4121 | quantity=356 | status=FAILED | reason=Insufficient quantity for product id: 11234. Requested: 356, available: 0
2026-07-28T19:16:25.744-04:00 Order failure | productId=1301 | userId=4122 | quantity=815 | status=FAILED | reason=Insufficient quantity for product id: 1301. Requested: 815, available: 0
2026-07-28T19:16:25.752-04:00 Order failure | productId=11234 | userId=4123 | quantity=918 | status=FAILED | reason=Insufficient quantity for product id: 11234. Requested: 918, available: 0
2026-07-28T19:16:25.755-04:00 Order failure | productId=1301 | userId=4124 | quantity=391 | status=FAILED | reason=Insufficient quantity for product id: 1301. Requested: 391, available: 0
2026-07-28T19:16:25.759-04:00 Order failure | productId=1301 | userId=4125 | quantity=62 | status=FAILED | reason=Insufficient quantity for product id: 1301. Requested: 62, available: 0
2026-07-28T19:16:25.766-04:00 Order failure | productId=1301 | userId=4126 | quantity=967 | status=FAILED | reason=Insufficient quantity for product id: 1301. Requested: 967, available: 0
2026-07-28T19:16:25.768-04:00 Order failure | productId=1301 | userId=4127 | quantity=384 | status=FAILED | reason=Insufficient quantity for product id: 1301. Requested: 384, available: 0
2026-07-28T19:16:25.774-04:00 Order failure | productId=11234 | userId=4128 | quantity=543 | status=FAILED | reason=Insufficient quantity for product id: 11234. Requested: 543, available: 0
2026-07-28T19:16:25.779-04:00 Order failure | productId=1301 | userId=4129 | quantity=791 | status=FAILED | reason=Insufficient quantity for product id: 1301. Requested: 791, available: 0
2026-07-28T19:16:25.785-04:00 Order failure | productId=1301 | userId=4130 | quantity=746 | status=FAILED | reason=Insufficient quantity for product id: 1301. Requested: 746, available: 0
2026-07-28T19:16:25.789-04:00 Order failure | productId=1301 | userId=4131 | quantity=56 | status=FAILED | reason=Insufficient quantity for product id: 1301. Requested: 56, available: 0
2026-07-28T19:16:25.795-04:00 Order failure | productId=11234 | userId=4132 | quantity=508 | status=FAILED | reason=Insufficient quantity for product id: 11234. Requested: 508, available: 0
2026-07-28T19:16:25.800-04:00 Order failure | productId=1301 | userId=4133 | quantity=578 | status=FAILED | reason=Insufficient quantity for product id: 1301. Requested: 578, available: 0
2026-07-28T19:16:25.804-04:00 Order failure | productId=1301 | userId=4134 | quantity=735 | status=FAILED | reason=Insufficient quantity for product id: 1301. Requested: 735, available: 0
2026-07-28T19:16:25.809-04:00 Order failure | productId=1301 | userId=4135 | quantity=628 | status=FAILED | reason=Insufficient quantity for product id: 1301. Requested: 628, available: 0
2026-07-28T19:16:25.815-04:00 Order failure | productId=11234 | userId=4136 | quantity=28 | status=FAILED | reason=Insufficient quantity for product id: 11234. Requested: 28, available: 0
2026-07-28T19:16:25.819-04:00 Order failure | productId=11234 | userId=4137 | quantity=633 | status=FAILED | reason=Insufficient quantity for product id: 11234. Requested: 633, available: 0
2026-07-28T19:16:25.825-04:00 Order failure | productId=11234 | userId=4138 | quantity=513 | status=FAILED | reason=Insufficient quantity for product id: 11234. Requested: 513, available: 0
2026-07-28T19:16:25.830-04:00 Order failure | productId=1301 | userId=4139 | quantity=179 | status=FAILED | reason=Insufficient quantity for product id: 1301. Requested: 179, available: 0
2026-07-28T19:16:25.835-04:00 Order failure | productId=1301 | userId=4140 | quantity=959 | status=FAILED | reason=Insufficient quantity for product id: 1301. Requested: 959, available: 0
2026-07-28T19:16:25.840-04:00 Order failure | productId=1301 | userId=4141 | quantity=653 | status=FAILED | reason=Insufficient quantity for product id: 1301. Requested: 653, available: 0
2026-07-28T19:16:25.845-04:00 Order failure | productId=1301 | userId=4142 | quantity=528 | status=FAILED | reason=Insufficient quantity for product id: 1301. Requested: 528, available: 0
2026-07-28T19:16:25.851-04:00 Order failure | productId=11234 | userId=4143 | quantity=127 | status=FAILED | reason=Insufficient quantity for product id: 11234. Requested: 127, available: 0
2026-07-28T19:16:25.855-04:00 Order failure | productId=11234 | userId=4144 | quantity=141 | status=FAILED | reason=Insufficient quantity for product id: 11234. Requested: 141, available: 0
2026-07-28T19:16:25.860-04:00 Order failure | productId=11234 | userId=4145 | quantity=891 | status=FAILED | reason=Insufficient quantity for product id: 11234. Requested: 891, available: 0
2026-07-28T19:16:25.864-04:00 Order failure | productId=1301 | userId=4146 | quantity=685 | status=FAILED | reason=Insufficient quantity for product id: 1301. Requested: 685, available: 0
2026-07-28T19:16:25.871-04:00 Order failure | productId=11234 | userId=4147 | quantity=98 | status=FAILED | reason=Insufficient quantity for product id: 11234. Requested: 98, available: 0
2026-07-28T19:16:25.877-04:00 Order failure | productId=1301 | userId=4148 | quantity=997 | status=FAILED | reason=Insufficient quantity for product id: 1301. Requested: 997, available: 0
2026-07-28T19:16:25.882-04:00 Order failure | productId=1301 | userId=4149 | quantity=273 | status=FAILED | reason=Insufficient quantity for product id: 1301. Requested: 273, available: 0
2026-07-28T19:16:25.886-04:00 Order failure | productId=11234 | userId=4150 | quantity=787 | status=FAILED | reason=Insufficient quantity for product id: 11234. Requested: 787, available: 0
2026-07-28T19:16:25.891-04:00 Order failure | productId=11234 | userId=4151 | quantity=708 | status=FAILED | reason=Insufficient quantity for product id: 11234. Requested: 708, available: 0
2026-07-28T19:16:25.895-04:00 Order failure | productId=1301 | userId=4152 | quantity=752 | status=FAILED | reason=Insufficient quantity for product id: 1301. Requested: 752, available: 0
2026-07-28T19:16:25.900-04:00 Order failure | productId=1301 | userId=4153 | quantity=465 | status=FAILED | reason=Insufficient quantity for product id: 1301. Requested: 465, available: 0
2026-07-28T19:16:25.906-04:00 Order failure | productId=1301 | userId=4154 | quantity=431 | status=FAILED | reason=Insufficient quantity for product id: 1301. Requested: 431, available: 0
2026-07-28T19:16:25.911-04:00 Order failure | productId=11234 | userId=4155 | quantity=235 | status=FAILED | reason=Insufficient quantity for product id: 11234. Requested: 235, available: 0
2026-07-28T19:16:25.916-04:00 Order failure | productId=11234 | userId=4156 | quantity=317 | status=FAILED | reason=Insufficient quantity for product id: 11234. Requested: 317, available: 0
2026-07-28T19:16:25.921-04:00 Order failure | productId=11234 | userId=4157 | quantity=817 | status=FAILED | reason=Insufficient quantity for product id: 11234. Requested: 817, available: 0
2026-07-28T19:16:25.926-04:00 Order failure | productId=11234 | userId=4158 | quantity=419 | status=FAILED | reason=Insufficient quantity for product id: 11234. Requested: 419, available: 0
2026-07-28T19:16:25.932-04:00 Order failure | productId=1301 | userId=4159 | quantity=726 | status=FAILED | reason=Insufficient quantity for product id: 1301. Requested: 726, available: 0
2026-07-28T19:16:25.935-04:00 Order failure | productId=1301 | userId=4160 | quantity=764 | status=FAILED | reason=Insufficient quantity for product id: 1301. Requested: 764, available: 0
2026-07-28T19:16:25.941-04:00 Order failure | productId=1301 | userId=4161 | quantity=352 | status=FAILED | reason=Insufficient quantity for product id: 1301. Requested: 352, available: 0
2026-07-28T19:16:25.947-04:00 Order failure | productId=1301 | userId=4162 | quantity=280 | status=FAILED | reason=Insufficient quantity for product id: 1301. Requested: 280, available: 0
2026-07-28T19:16:25.950-04:00 Order failure | productId=11234 | userId=4163 | quantity=344 | status=FAILED | reason=Insufficient quantity for product id: 11234. Requested: 344, available: 0
2026-07-28T19:16:25.956-04:00 Order failure | productId=11234 | userId=4164 | quantity=850 | status=FAILED | reason=Insufficient quantity for product id: 11234. Requested: 850, available: 0
2026-07-28T19:16:25.962-04:00 Order failure | productId=1301 | userId=4165 | quantity=464 | status=FAILED | reason=Insufficient quantity for product id: 1301. Requested: 464, available: 0
2026-07-28T19:16:25.967-04:00 Order failure | productId=11234 | userId=4166 | quantity=49 | status=FAILED | reason=Insufficient quantity for product id: 11234. Requested: 49, available: 0
2026-07-28T19:16:25.970-04:00 Order failure | productId=11234 | userId=4167 | quantity=906 | status=FAILED | reason=Insufficient quantity for product id: 11234. Requested: 906, available: 0
2026-07-28T19:16:25.974-04:00 Order failure | productId=1301 | userId=4168 | quantity=600 | status=FAILED | reason=Insufficient quantity for product id: 1301. Requested: 600, available: 0
2026-07-28T19:16:25.980-04:00 Order failure | productId=11234 | userId=4169 | quantity=652 | status=FAILED | reason=Insufficient quantity for product id: 11234. Requested: 652, available: 0
2026-07-28T19:16:25.984-04:00 Order failure | productId=1301 | userId=4170 | quantity=536 | status=FAILED | reason=Insufficient quantity for product id: 1301. Requested: 536, available: 0
2026-07-28T19:16:25.990-04:00 Order failure | productId=1301 | userId=4171 | quantity=267 | status=FAILED | reason=Insufficient quantity for product id: 1301. Requested: 267, available: 0
2026-07-28T19:16:25.995-04:00 Order failure | productId=11234 | userId=4172 | quantity=312 | status=FAILED | reason=Insufficient quantity for product id: 11234. Requested: 312, available: 0
2026-07-28T19:16:26.000-04:00 Order failure | productId=11234 | userId=4173 | quantity=952 | status=FAILED | reason=Insufficient quantity for product id: 11234. Requested: 952, available: 0
2026-07-28T19:16:26.006-04:00 Order failure | productId=1301 | userId=4174 | quantity=202 | status=FAILED | reason=Insufficient quantity for product id: 1301. Requested: 202, available: 0
2026-07-28T19:16:26.010-04:00 Order failure | productId=1301 | userId=4175 | quantity=424 | status=FAILED | reason=Insufficient quantity for product id: 1301. Requested: 424, available: 0
2026-07-28T19:16:26.015-04:00 Order failure | productId=1301 | userId=4176 | quantity=214 | status=FAILED | reason=Insufficient quantity for product id: 1301. Requested: 214, available: 0
2026-07-28T19:16:26.020-04:00 Order failure | productId=1301 | userId=4177 | quantity=163 | status=FAILED | reason=Insufficient quantity for product id: 1301. Requested: 163, available: 0
2026-07-28T19:16:26.025-04:00 Order failure | productId=11234 | userId=4178 | quantity=16 | status=FAILED | reason=Insufficient quantity for product id: 11234. Requested: 16, available: 0
2026-07-28T19:16:26.030-04:00 Order failure | productId=11234 | userId=4179 | quantity=967 | status=FAILED | reason=Insufficient quantity for product id: 11234. Requested: 967, available: 0
2026-07-28T19:16:26.037-04:00 Order failure | productId=11234 | userId=4180 | quantity=621 | status=FAILED | reason=Insufficient quantity for product id: 11234. Requested: 621, available: 0
2026-07-28T19:16:26.042-04:00 Order failure | productId=1301 | userId=4181 | quantity=563 | status=FAILED | reason=Insufficient quantity for product id: 1301. Requested: 563, available: 0
2026-07-28T19:16:26.047-04:00 Order failure | productId=1301 | userId=4182 | quantity=226 | status=FAILED | reason=Insufficient quantity for product id: 1301. Requested: 226, available: 0
2026-07-28T19:16:26.050-04:00 Order failure | productId=1301 | userId=4183 | quantity=272 | status=FAILED | reason=Insufficient quantity for product id: 1301. Requested: 272, available: 0
2026-07-28T19:16:26.054-04:00 Order failure | productId=11234 | userId=4184 | quantity=530 | status=FAILED | reason=Insufficient quantity for product id: 11234. Requested: 530, available: 0
2026-07-28T19:16:26.059-04:00 Order failure | productId=11234 | userId=4185 | quantity=287 | status=FAILED | reason=Insufficient quantity for product id: 11234. Requested: 287, available: 0
2026-07-28T19:16:26.064-04:00 Order failure | productId=1301 | userId=4186 | quantity=794 | status=FAILED | reason=Insufficient quantity for product id: 1301. Requested: 794, available: 0
2026-07-28T19:16:26.070-04:00 Order failure | productId=1301 | userId=4187 | quantity=704 | status=FAILED | reason=Insufficient quantity for product id: 1301. Requested: 704, available: 0
2026-07-28T19:16:26.075-04:00 Order failure | productId=11234 | userId=4188 | quantity=438 | status=FAILED | reason=Insufficient quantity for product id: 11234. Requested: 438, available: 0
2026-07-28T19:16:26.081-04:00 Order failure | productId=11234 | userId=4189 | quantity=843 | status=FAILED | reason=Insufficient quantity for product id: 11234. Requested: 843, available: 0
2026-07-28T19:16:26.085-04:00 Order failure | productId=1301 | userId=4190 | quantity=466 | status=FAILED | reason=Insufficient quantity for product id: 1301. Requested: 466, available: 0
2026-07-28T19:16:26.090-04:00 Order failure | productId=1301 | userId=4191 | quantity=740 | status=FAILED | reason=Insufficient quantity for product id: 1301. Requested: 740, available: 0
2026-07-28T19:16:26.094-04:00 Order failure | productId=11234 | userId=4192 | quantity=871 | status=FAILED | reason=Insufficient quantity for product id: 11234. Requested: 871, available: 0
2026-07-28T19:16:26.101-04:00 Order failure | productId=11234 | userId=4193 | quantity=584 | status=FAILED | reason=Insufficient quantity for product id: 11234. Requested: 584, available: 0
2026-07-28T19:16:26.104-04:00 Order failure | productId=11234 | userId=4194 | quantity=475 | status=FAILED | reason=Insufficient quantity for product id: 11234. Requested: 475, available: 0
2026-07-28T19:16:26.110-04:00 Order failure | productId=1301 | userId=4195 | quantity=288 | status=FAILED | reason=Insufficient quantity for product id: 1301. Requested: 288, available: 0
2026-07-28T19:16:26.114-04:00 Order failure | productId=1301 | userId=4196 | quantity=805 | status=FAILED | reason=Insufficient quantity for product id: 1301. Requested: 805, available: 0
2026-07-28T19:16:26.120-04:00 Order failure | productId=11234 | userId=4197 | quantity=231 | status=FAILED | reason=Insufficient quantity for product id: 11234. Requested: 231, available: 0
2026-07-28T19:16:26.124-04:00 Order failure | productId=11234 | userId=4198 | quantity=742 | status=FAILED | reason=Insufficient quantity for product id: 11234. Requested: 742, available: 0
2026-07-28T19:16:26.132-04:00 Order failure | productId=11234 | userId=4199 | quantity=927 | status=FAILED | reason=Insufficient quantity for product id: 11234. Requested: 927, available: 0
2026-07-28T19:16:26.133-04:00 Order failure | productId=1301 | userId=4200 | quantity=770 | status=FAILED | reason=Insufficient quantity for product id: 1301. Requested: 770, available: 0
2026-07-28T19:16:26.139-04:00 Order failure | productId=1301 | userId=4201 | quantity=172 | status=FAILED | reason=Insufficient quantity for product id: 1301. Requested: 172, available: 0
2026-07-28T19:16:26.144-04:00 Order failure | productId=11234 | userId=4202 | quantity=460 | status=FAILED | reason=Insufficient quantity for product id: 11234. Requested: 460, available: 0
2026-07-28T19:16:26.149-04:00 Order failure | productId=1301 | userId=4203 | quantity=741 | status=FAILED | reason=Insufficient quantity for product id: 1301. Requested: 741, available: 0
2026-07-28T19:16:26.155-04:00 Order failure | productId=11234 | userId=4204 | quantity=163 | status=FAILED | reason=Insufficient quantity for product id: 11234. Requested: 163, available: 0
2026-07-28T19:16:26.159-04:00 Order failure | productId=11234 | userId=4205 | quantity=117 | status=FAILED | reason=Insufficient quantity for product id: 11234. Requested: 117, available: 0
2026-07-28T19:16:26.164-04:00 Order failure | productId=11234 | userId=4206 | quantity=281 | status=FAILED | reason=Insufficient quantity for product id: 11234. Requested: 281, available: 0
2026-07-28T19:16:26.169-04:00 Order failure | productId=11234 | userId=4207 | quantity=696 | status=FAILED | reason=Insufficient quantity for product id: 11234. Requested: 696, available: 0
2026-07-28T19:16:26.174-04:00 Order failure | productId=1301 | userId=4208 | quantity=506 | status=FAILED | reason=Insufficient quantity for product id: 1301. Requested: 506, available: 0
2026-07-28T19:16:26.180-04:00 Order failure | productId=11234 | userId=4209 | quantity=573 | status=FAILED | reason=Insufficient quantity for product id: 11234. Requested: 573, available: 0
2026-07-28T19:16:26.184-04:00 Order failure | productId=11234 | userId=4210 | quantity=614 | status=FAILED | reason=Insufficient quantity for product id: 11234. Requested: 614, available: 0
2026-07-28T19:16:26.188-04:00 Order failure | productId=1301 | userId=4211 | quantity=262 | status=FAILED | reason=Insufficient quantity for product id: 1301. Requested: 262, available: 0
2026-07-28T19:16:26.193-04:00 Order failure | productId=1301 | userId=4212 | quantity=277 | status=FAILED | reason=Insufficient quantity for product id: 1301. Requested: 277, available: 0
2026-07-28T19:16:26.199-04:00 Order failure | productId=1301 | userId=4213 | quantity=808 | status=FAILED | reason=Insufficient quantity for product id: 1301. Requested: 808, available: 0
2026-07-28T19:16:26.204-04:00 Order failure | productId=1301 | userId=4214 | quantity=127 | status=FAILED | reason=Insufficient quantity for product id: 1301. Requested: 127, available: 0
2026-07-28T19:16:26.209-04:00 Order failure | productId=1301 | userId=4215 | quantity=509 | status=FAILED | reason=Insufficient quantity for product id: 1301. Requested: 509, available: 0
2026-07-28T19:16:26.215-04:00 Order failure | productId=1301 | userId=4216 | quantity=336 | status=FAILED | reason=Insufficient quantity for product id: 1301. Requested: 336, available: 0
2026-07-28T19:16:26.219-04:00 Order failure | productId=1301 | userId=4217 | quantity=326 | status=FAILED | reason=Insufficient quantity for product id: 1301. Requested: 326, available: 0
2026-07-28T19:16:26.223-04:00 Order failure | productId=11234 | userId=4218 | quantity=504 | status=FAILED | reason=Insufficient quantity for product id: 11234. Requested: 504, available: 0
2026-07-28T19:16:26.229-04:00 Order failure | productId=11234 | userId=4219 | quantity=807 | status=FAILED | reason=Insufficient quantity for product id: 11234. Requested: 807, available: 0
2026-07-28T19:16:26.235-04:00 Order failure | productId=1301 | userId=4220 | quantity=509 | status=FAILED | reason=Insufficient quantity for product id: 1301. Requested: 509, available: 0
2026-07-28T19:16:26.238-04:00 Order failure | productId=11234 | userId=4221 | quantity=500 | status=FAILED | reason=Insufficient quantity for product id: 11234. Requested: 500, available: 0
2026-07-28T19:16:26.247-04:00 Order failure | productId=11234 | userId=4222 | quantity=96 | status=FAILED | reason=Insufficient quantity for product id: 11234. Requested: 96, available: 0
2026-07-28T19:16:26.250-04:00 Order failure | productId=1301 | userId=4223 | quantity=809 | status=FAILED | reason=Insufficient quantity for product id: 1301. Requested: 809, available: 0
2026-07-28T19:16:26.255-04:00 Order failure | productId=11234 | userId=4224 | quantity=91 | status=FAILED | reason=Insufficient quantity for product id: 11234. Requested: 91, available: 0
2026-07-28T19:16:26.260-04:00 Order failure | productId=1301 | userId=4225 | quantity=49 | status=FAILED | reason=Insufficient quantity for product id: 1301. Requested: 49, available: 0
2026-07-28T19:16:26.266-04:00 Order failure | productId=1301 | userId=4226 | quantity=834 | status=FAILED | reason=Insufficient quantity for product id: 1301. Requested: 834, available: 0
2026-07-28T19:16:26.270-04:00 Order failure | productId=11234 | userId=4227 | quantity=904 | status=FAILED | reason=Insufficient quantity for product id: 11234. Requested: 904, available: 0
2026-07-28T19:16:26.276-04:00 Order failure | productId=1301 | userId=4228 | quantity=374 | status=FAILED | reason=Insufficient quantity for product id: 1301. Requested: 374, available: 0
2026-07-28T19:16:26.280-04:00 Order failure | productId=1301 | userId=4229 | quantity=36 | status=FAILED | reason=Insufficient quantity for product id: 1301. Requested: 36, available: 0
2026-07-28T19:16:26.284-04:00 Order failure | productId=1301 | userId=4230 | quantity=217 | status=FAILED | reason=Insufficient quantity for product id: 1301. Requested: 217, available: 0
2026-07-28T19:16:26.291-04:00 Order failure | productId=1301 | userId=4231 | quantity=758 | status=FAILED | reason=Insufficient quantity for product id: 1301. Requested: 758, available: 0
2026-07-28T19:16:26.294-04:00 Order failure | productId=11234 | userId=4232 | quantity=642 | status=FAILED | reason=Insufficient quantity for product id: 11234. Requested: 642, available: 0
2026-07-28T19:16:26.300-04:00 Order failure | productId=1301 | userId=4233 | quantity=287 | status=FAILED | reason=Insufficient quantity for product id: 1301. Requested: 287, available: 0
2026-07-28T19:16:26.304-04:00 Order failure | productId=1301 | userId=4234 | quantity=344 | status=FAILED | reason=Insufficient quantity for product id: 1301. Requested: 344, available: 0
2026-07-28T19:16:26.309-04:00 Order failure | productId=1301 | userId=4235 | quantity=397 | status=FAILED | reason=Insufficient quantity for product id: 1301. Requested: 397, available: 0
2026-07-28T19:16:26.316-04:00 Order failure | productId=11234 | userId=4236 | quantity=181 | status=FAILED | reason=Insufficient quantity for product id: 11234. Requested: 181, available: 0
2026-07-28T19:16:26.319-04:00 Order failure | productId=11234 | userId=4237 | quantity=157 | status=FAILED | reason=Insufficient quantity for product id: 11234. Requested: 157, available: 0
2026-07-28T19:16:26.325-04:00 Order failure | productId=1301 | userId=4238 | quantity=73 | status=FAILED | reason=Insufficient quantity for product id: 1301. Requested: 73, available: 0
2026-07-28T19:16:26.330-04:00 Order failure | productId=11234 | userId=4239 | quantity=550 | status=FAILED | reason=Insufficient quantity for product id: 11234. Requested: 550, available: 0
2026-07-28T19:16:26.335-04:00 Order failure | productId=1301 | userId=4240 | quantity=723 | status=FAILED | reason=Insufficient quantity for product id: 1301. Requested: 723, available: 0
2026-07-28T19:16:26.339-04:00 Order failure | productId=11234 | userId=4241 | quantity=327 | status=FAILED | reason=Insufficient quantity for product id: 11234. Requested: 327, available: 0
2026-07-28T19:16:26.345-04:00 Order failure | productId=11234 | userId=4242 | quantity=146 | status=FAILED | reason=Insufficient quantity for product id: 11234. Requested: 146, available: 0
2026-07-28T19:16:26.350-04:00 Order failure | productId=1301 | userId=4243 | quantity=587 | status=FAILED | reason=Insufficient quantity for product id: 1301. Requested: 587, available: 0
2026-07-28T19:16:26.354-04:00 Order failure | productId=11234 | userId=4244 | quantity=624 | status=FAILED | reason=Insufficient quantity for product id: 11234. Requested: 624, available: 0
2026-07-28T19:16:26.359-04:00 Order failure | productId=11234 | userId=4245 | quantity=97 | status=FAILED | reason=Insufficient quantity for product id: 11234. Requested: 97, available: 0
2026-07-28T19:16:26.364-04:00 Order failure | productId=1301 | userId=4246 | quantity=916 | status=FAILED | reason=Insufficient quantity for product id: 1301. Requested: 916, available: 0
2026-07-28T19:16:26.369-04:00 Order failure | productId=1301 | userId=4247 | quantity=494 | status=FAILED | reason=Insufficient quantity for product id: 1301. Requested: 494, available: 0
2026-07-28T19:16:26.375-04:00 Order failure | productId=11234 | userId=4248 | quantity=903 | status=FAILED | reason=Insufficient quantity for product id: 11234. Requested: 903, available: 0
2026-07-28T19:16:26.379-04:00 Order failure | productId=1301 | userId=4249 | quantity=986 | status=FAILED | reason=Insufficient quantity for product id: 1301. Requested: 986, available: 0
2026-07-28T19:16:26.384-04:00 Order failure | productId=11234 | userId=4250 | quantity=176 | status=FAILED | reason=Insufficient quantity for product id: 11234. Requested: 176, available: 0
2026-07-28T19:16:26.391-04:00 Order failure | productId=1301 | userId=4251 | quantity=254 | status=FAILED | reason=Insufficient quantity for product id: 1301. Requested: 254, available: 0
2026-07-28T19:16:26.395-04:00 Order failure | productId=1301 | userId=4252 | quantity=883 | status=FAILED | reason=Insufficient quantity for product id: 1301. Requested: 883, available: 0
2026-07-28T19:16:26.403-04:00 Order failure | productId=1301 | userId=4253 | quantity=32 | status=FAILED | reason=Insufficient quantity for product id: 1301. Requested: 32, available: 0
2026-07-28T19:16:26.406-04:00 Order failure | productId=1301 | userId=4254 | quantity=410 | status=FAILED | reason=Insufficient quantity for product id: 1301. Requested: 410, available: 0
2026-07-28T19:16:26.413-04:00 Order failure | productId=11234 | userId=4255 | quantity=747 | status=FAILED | reason=Insufficient quantity for product id: 11234. Requested: 747, available: 0
2026-07-28T19:16:26.417-04:00 Order failure | productId=1301 | userId=4256 | quantity=867 | status=FAILED | reason=Insufficient quantity for product id: 1301. Requested: 867, available: 0
2026-07-28T19:16:26.419-04:00 Order failure | productId=11234 | userId=4257 | quantity=961 | status=FAILED | reason=Insufficient quantity for product id: 11234. Requested: 961, available: 0
2026-07-28T19:16:26.424-04:00 Order failure | productId=1301 | userId=4258 | quantity=783 | status=FAILED | reason=Insufficient quantity for product id: 1301. Requested: 783, available: 0
2026-07-28T19:16:26.430-04:00 Order failure | productId=1301 | userId=4259 | quantity=913 | status=FAILED | reason=Insufficient quantity for product id: 1301. Requested: 913, available: 0
2026-07-28T19:16:26.436-04:00 Order failure | productId=11234 | userId=4260 | quantity=142 | status=FAILED | reason=Insufficient quantity for product id: 11234. Requested: 142, available: 0
2026-07-28T19:16:26.440-04:00 Order failure | productId=11234 | userId=4261 | quantity=462 | status=FAILED | reason=Insufficient quantity for product id: 11234. Requested: 462, available: 0
2026-07-28T19:16:26.445-04:00 Order failure | productId=11234 | userId=4262 | quantity=305 | status=FAILED | reason=Insufficient quantity for product id: 11234. Requested: 305, available: 0
2026-07-28T19:16:26.451-04:00 Order failure | productId=11234 | userId=4263 | quantity=621 | status=FAILED | reason=Insufficient quantity for product id: 11234. Requested: 621, available: 0
2026-07-28T19:16:26.455-04:00 Order failure | productId=11234 | userId=4264 | quantity=377 | status=FAILED | reason=Insufficient quantity for product id: 11234. Requested: 377, available: 0
2026-07-28T19:16:26.460-04:00 Order failure | productId=1301 | userId=4265 | quantity=18 | status=FAILED | reason=Insufficient quantity for product id: 1301. Requested: 18, available: 0
2026-07-28T19:16:26.464-04:00 Order failure | productId=11234 | userId=4266 | quantity=729 | status=FAILED | reason=Insufficient quantity for product id: 11234. Requested: 729, available: 0
2026-07-28T19:16:26.470-04:00 Order failure | productId=11234 | userId=4267 | quantity=451 | status=FAILED | reason=Insufficient quantity for product id: 11234. Requested: 451, available: 0
2026-07-28T19:16:26.475-04:00 Order failure | productId=11234 | userId=4268 | quantity=957 | status=FAILED | reason=Insufficient quantity for product id: 11234. Requested: 957, available: 0
2026-07-28T19:16:26.482-04:00 Order failure | productId=1301 | userId=4269 | quantity=133 | status=FAILED | reason=Insufficient quantity for product id: 1301. Requested: 133, available: 0
2026-07-28T19:16:26.484-04:00 Order failure | productId=1301 | userId=4270 | quantity=367 | status=FAILED | reason=Insufficient quantity for product id: 1301. Requested: 367, available: 0
2026-07-28T19:16:26.490-04:00 Order failure | productId=11234 | userId=4271 | quantity=745 | status=FAILED | reason=Insufficient quantity for product id: 11234. Requested: 745, available: 0
2026-07-28T19:16:26.495-04:00 Order failure | productId=11234 | userId=4272 | quantity=992 | status=FAILED | reason=Insufficient quantity for product id: 11234. Requested: 992, available: 0
2026-07-28T19:16:26.501-04:00 Order failure | productId=1301 | userId=4273 | quantity=826 | status=FAILED | reason=Insufficient quantity for product id: 1301. Requested: 826, available: 0
2026-07-28T19:16:26.505-04:00 Order failure | productId=11234 | userId=4274 | quantity=865 | status=FAILED | reason=Insufficient quantity for product id: 11234. Requested: 865, available: 0
2026-07-28T19:16:26.510-04:00 Order failure | productId=1301 | userId=4275 | quantity=678 | status=FAILED | reason=Insufficient quantity for product id: 1301. Requested: 678, available: 0
2026-07-28T19:16:26.515-04:00 Order failure | productId=11234 | userId=4276 | quantity=843 | status=FAILED | reason=Insufficient quantity for product id: 11234. Requested: 843, available: 0
2026-07-28T19:16:26.521-04:00 Order failure | productId=11234 | userId=4277 | quantity=306 | status=FAILED | reason=Insufficient quantity for product id: 11234. Requested: 306, available: 0
2026-07-28T19:16:26.525-04:00 Order failure | productId=11234 | userId=4278 | quantity=377 | status=FAILED | reason=Insufficient quantity for product id: 11234. Requested: 377, available: 0
2026-07-28T19:16:26.530-04:00 Order failure | productId=1301 | userId=4279 | quantity=865 | status=FAILED | reason=Insufficient quantity for product id: 1301. Requested: 865, available: 0
2026-07-28T19:16:26.536-04:00 Order failure | productId=11234 | userId=4280 | quantity=233 | status=FAILED | reason=Insufficient quantity for product id: 11234. Requested: 233, available: 0
2026-07-28T19:16:26.539-04:00 Order failure | productId=1301 | userId=4281 | quantity=719 | status=FAILED | reason=Insufficient quantity for product id: 1301. Requested: 719, available: 0
2026-07-28T19:16:26.544-04:00 Order failure | productId=1301 | userId=4282 | quantity=672 | status=FAILED | reason=Insufficient quantity for product id: 1301. Requested: 672, available: 0
2026-07-28T19:16:26.550-04:00 Order failure | productId=1301 | userId=4283 | quantity=49 | status=FAILED | reason=Insufficient quantity for product id: 1301. Requested: 49, available: 0
2026-07-28T19:16:26.555-04:00 Order failure | productId=11234 | userId=4284 | quantity=966 | status=FAILED | reason=Insufficient quantity for product id: 11234. Requested: 966, available: 0
2026-07-28T19:16:26.560-04:00 Order failure | productId=11234 | userId=4285 | quantity=582 | status=FAILED | reason=Insufficient quantity for product id: 11234. Requested: 582, available: 0
2026-07-28T19:16:26.565-04:00 Order failure | productId=1301 | userId=4286 | quantity=971 | status=FAILED | reason=Insufficient quantity for product id: 1301. Requested: 971, available: 0
2026-07-28T19:16:26.570-04:00 Order failure | productId=1301 | userId=4287 | quantity=94 | status=FAILED | reason=Insufficient quantity for product id: 1301. Requested: 94, available: 0
2026-07-28T19:16:26.575-04:00 Order failure | productId=1301 | userId=4288 | quantity=87 | status=FAILED | reason=Insufficient quantity for product id: 1301. Requested: 87, available: 0
2026-07-28T19:16:26.580-04:00 Order failure | productId=11234 | userId=4289 | quantity=507 | status=FAILED | reason=Insufficient quantity for product id: 11234. Requested: 507, available: 0
2026-07-28T19:16:26.585-04:00 Order failure | productId=11234 | userId=4290 | quantity=919 | status=FAILED | reason=Insufficient quantity for product id: 11234. Requested: 919, available: 0
2026-07-28T19:16:26.591-04:00 Order failure | productId=1301 | userId=4291 | quantity=996 | status=FAILED | reason=Insufficient quantity for product id: 1301. Requested: 996, available: 0
2026-07-28T19:16:26.595-04:00 Order failure | productId=11234 | userId=4292 | quantity=45 | status=FAILED | reason=Insufficient quantity for product id: 11234. Requested: 45, available: 0
2026-07-28T19:16:26.600-04:00 Order failure | productId=1301 | userId=4293 | quantity=754 | status=FAILED | reason=Insufficient quantity for product id: 1301. Requested: 754, available: 0
2026-07-28T19:16:26.605-04:00 Order failure | productId=11234 | userId=4294 | quantity=20 | status=FAILED | reason=Insufficient quantity for product id: 11234. Requested: 20, available: 0
2026-07-28T19:16:26.611-04:00 Order failure | productId=11234 | userId=4295 | quantity=659 | status=FAILED | reason=Insufficient quantity for product id: 11234. Requested: 659, available: 0
2026-07-28T19:16:26.615-04:00 Order failure | productId=1301 | userId=4296 | quantity=828 | status=FAILED | reason=Insufficient quantity for product id: 1301. Requested: 828, available: 0
2026-07-28T19:16:26.621-04:00 Order failure | productId=1301 | userId=4297 | quantity=736 | status=FAILED | reason=Insufficient quantity for product id: 1301. Requested: 736, available: 0
2026-07-28T19:16:26.626-04:00 Order failure | productId=11234 | userId=4298 | quantity=251 | status=FAILED | reason=Insufficient quantity for product id: 11234. Requested: 251, available: 0
2026-07-28T19:16:26.629-04:00 Order failure | productId=11234 | userId=4299 | quantity=549 | status=FAILED | reason=Insufficient quantity for product id: 11234. Requested: 549, available: 0
2026-07-28T19:16:26.637-04:00 Order failure | productId=11234 | userId=4300 | quantity=840 | status=FAILED | reason=Insufficient quantity for product id: 11234. Requested: 840, available: 0
2026-07-28T19:16:26.640-04:00 Order failure | productId=11234 | userId=4301 | quantity=471 | status=FAILED | reason=Insufficient quantity for product id: 11234. Requested: 471, available: 0
2026-07-28T19:16:26.646-04:00 Order failure | productId=11234 | userId=4302 | quantity=895 | status=FAILED | reason=Insufficient quantity for product id: 11234. Requested: 895, available: 0
2026-07-28T19:16:26.650-04:00 Order failure | productId=11234 | userId=4303 | quantity=232 | status=FAILED | reason=Insufficient quantity for product id: 11234. Requested: 232, available: 0
2026-07-28T19:16:26.655-04:00 Order failure | productId=11234 | userId=4304 | quantity=178 | status=FAILED | reason=Insufficient quantity for product id: 11234. Requested: 178, available: 0
2026-07-28T19:16:26.660-04:00 Order failure | productId=1301 | userId=4305 | quantity=193 | status=FAILED | reason=Insufficient quantity for product id: 1301. Requested: 193, available: 0
2026-07-28T19:16:26.666-04:00 Order failure | productId=11234 | userId=4306 | quantity=496 | status=FAILED | reason=Insufficient quantity for product id: 11234. Requested: 496, available: 0
2026-07-28T19:16:26.669-04:00 Order failure | productId=11234 | userId=4307 | quantity=857 | status=FAILED | reason=Insufficient quantity for product id: 11234. Requested: 857, available: 0
2026-07-28T19:16:26.675-04:00 Order failure | productId=11234 | userId=4308 | quantity=713 | status=FAILED | reason=Insufficient quantity for product id: 11234. Requested: 713, available: 0
2026-07-28T19:16:26.680-04:00 Order failure | productId=1301 | userId=4309 | quantity=493 | status=FAILED | reason=Insufficient quantity for product id: 1301. Requested: 493, available: 0
2026-07-28T19:16:26.684-04:00 Order failure | productId=1301 | userId=4310 | quantity=599 | status=FAILED | reason=Insufficient quantity for product id: 1301. Requested: 599, available: 0
2026-07-28T19:16:26.690-04:00 Order failure | productId=1301 | userId=4311 | quantity=862 | status=FAILED | reason=Insufficient quantity for product id: 1301. Requested: 862, available: 0
2026-07-28T19:16:26.694-04:00 Order failure | productId=1301 | userId=4312 | quantity=950 | status=FAILED | reason=Insufficient quantity for product id: 1301. Requested: 950, available: 0
2026-07-28T19:16:26.700-04:00 Order failure | productId=11234 | userId=4313 | quantity=705 | status=FAILED | reason=Insufficient quantity for product id: 11234. Requested: 705, available: 0
2026-07-28T19:16:26.705-04:00 Order failure | productId=1301 | userId=4314 | quantity=309 | status=FAILED | reason=Insufficient quantity for product id: 1301. Requested: 309, available: 0
2026-07-28T19:16:26.710-04:00 Order failure | productId=1301 | userId=4315 | quantity=704 | status=FAILED | reason=Insufficient quantity for product id: 1301. Requested: 704, available: 0
2026-07-28T19:16:26.715-04:00 Order failure | productId=11234 | userId=4316 | quantity=62 | status=FAILED | reason=Insufficient quantity for product id: 11234. Requested: 62, available: 0
2026-07-28T19:16:26.720-04:00 Order failure | productId=11234 | userId=4317 | quantity=624 | status=FAILED | reason=Insufficient quantity for product id: 11234. Requested: 624, available: 0
2026-07-28T19:16:26.724-04:00 Order failure | productId=11234 | userId=4318 | quantity=707 | status=FAILED | reason=Insufficient quantity for product id: 11234. Requested: 707, available: 0
2026-07-28T19:16:26.729-04:00 Order failure | productId=1301 | userId=4319 | quantity=402 | status=FAILED | reason=Insufficient quantity for product id: 1301. Requested: 402, available: 0
2026-07-28T19:16:26.735-04:00 Order failure | productId=11234 | userId=4320 | quantity=618 | status=FAILED | reason=Insufficient quantity for product id: 11234. Requested: 618, available: 0
2026-07-28T19:16:26.741-04:00 Order failure | productId=1301 | userId=4321 | quantity=275 | status=FAILED | reason=Insufficient quantity for product id: 1301. Requested: 275, available: 0
2026-07-28T19:16:26.744-04:00 Order failure | productId=1301 | userId=4322 | quantity=505 | status=FAILED | reason=Insufficient quantity for product id: 1301. Requested: 505, available: 0
2026-07-28T19:16:26.750-04:00 Order failure | productId=1301 | userId=4323 | quantity=469 | status=FAILED | reason=Insufficient quantity for product id: 1301. Requested: 469, available: 0
2026-07-28T19:16:26.755-04:00 Order failure | productId=11234 | userId=4324 | quantity=768 | status=FAILED | reason=Insufficient quantity for product id: 11234. Requested: 768, available: 0
2026-07-28T19:16:26.760-04:00 Order failure | productId=11234 | userId=4325 | quantity=552 | status=FAILED | reason=Insufficient quantity for product id: 11234. Requested: 552, available: 0
2026-07-28T19:16:26.764-04:00 Order failure | productId=1301 | userId=4326 | quantity=749 | status=FAILED | reason=Insufficient quantity for product id: 1301. Requested: 749, available: 0
2026-07-28T19:16:26.770-04:00 Order failure | productId=11234 | userId=4327 | quantity=623 | status=FAILED | reason=Insufficient quantity for product id: 11234. Requested: 623, available: 0
2026-07-28T19:16:26.775-04:00 Order failure | productId=11234 | userId=4328 | quantity=457 | status=FAILED | reason=Insufficient quantity for product id: 11234. Requested: 457, available: 0
2026-07-28T19:16:26.779-04:00 Order failure | productId=11234 | userId=4329 | quantity=219 | status=FAILED | reason=Insufficient quantity for product id: 11234. Requested: 219, available: 0
2026-07-28T19:16:26.784-04:00 Order failure | productId=1301 | userId=4330 | quantity=183 | status=FAILED | reason=Insufficient quantity for product id: 1301. Requested: 183, available: 0
2026-07-28T19:16:26.790-04:00 Order failure | productId=11234 | userId=4331 | quantity=920 | status=FAILED | reason=Insufficient quantity for product id: 11234. Requested: 920, available: 0
2026-07-28T19:16:26.795-04:00 Order failure | productId=11234 | userId=4332 | quantity=913 | status=FAILED | reason=Insufficient quantity for product id: 11234. Requested: 913, available: 0
2026-07-28T19:16:26.800-04:00 Order failure | productId=11234 | userId=4333 | quantity=359 | status=FAILED | reason=Insufficient quantity for product id: 11234. Requested: 359, available: 0
2026-07-28T19:16:26.804-04:00 Order failure | productId=1301 | userId=4334 | quantity=125 | status=FAILED | reason=Insufficient quantity for product id: 1301. Requested: 125, available: 0
2026-07-28T19:16:26.810-04:00 Order failure | productId=11234 | userId=4335 | quantity=197 | status=FAILED | reason=Insufficient quantity for product id: 11234. Requested: 197, available: 0
2026-07-28T19:16:26.820-04:00 Order failure | productId=11234 | userId=4336 | quantity=972 | status=FAILED | reason=Insufficient quantity for product id: 11234. Requested: 972, available: 0
2026-07-28T19:16:26.820-04:00 Order failure | productId=1301 | userId=4337 | quantity=124 | status=FAILED | reason=Insufficient quantity for product id: 1301. Requested: 124, available: 0
2026-07-28T19:16:26.824-04:00 Order failure | productId=11234 | userId=4338 | quantity=678 | status=FAILED | reason=Insufficient quantity for product id: 11234. Requested: 678, available: 0
2026-07-28T19:16:26.830-04:00 Order failure | productId=1301 | userId=4339 | quantity=675 | status=FAILED | reason=Insufficient quantity for product id: 1301. Requested: 675, available: 0
2026-07-28T19:16:26.839-04:00 Order failure | productId=11234 | userId=4340 | quantity=391 | status=FAILED | reason=Insufficient quantity for product id: 11234. Requested: 391, available: 0
2026-07-28T19:16:26.844-04:00 Order failure | productId=11234 | userId=4341 | quantity=216 | status=FAILED | reason=Insufficient quantity for product id: 11234. Requested: 216, available: 0
2026-07-28T19:16:26.845-04:00 Order failure | productId=1301 | userId=4342 | quantity=72 | status=FAILED | reason=Insufficient quantity for product id: 1301. Requested: 72, available: 0
2026-07-28T19:16:26.852-04:00 Order failure | productId=1301 | userId=4343 | quantity=512 | status=FAILED | reason=Insufficient quantity for product id: 1301. Requested: 512, available: 0
2026-07-28T19:16:26.856-04:00 Order failure | productId=11234 | userId=4344 | quantity=587 | status=FAILED | reason=Insufficient quantity for product id: 11234. Requested: 587, available: 0
2026-07-28T19:16:26.860-04:00 Order failure | productId=1301 | userId=4345 | quantity=792 | status=FAILED | reason=Insufficient quantity for product id: 1301. Requested: 792, available: 0
2026-07-28T19:16:26.866-04:00 Order failure | productId=1301 | userId=4346 | quantity=917 | status=FAILED | reason=Insufficient quantity for product id: 1301. Requested: 917, available: 0
2026-07-28T19:16:26.871-04:00 Order failure | productId=11234 | userId=4347 | quantity=935 | status=FAILED | reason=Insufficient quantity for product id: 11234. Requested: 935, available: 0
2026-07-28T19:16:26.876-04:00 Order failure | productId=1301 | userId=4348 | quantity=247 | status=FAILED | reason=Insufficient quantity for product id: 1301. Requested: 247, available: 0
2026-07-28T19:16:26.882-04:00 Order failure | productId=1301 | userId=4349 | quantity=631 | status=FAILED | reason=Insufficient quantity for product id: 1301. Requested: 631, available: 0
2026-07-28T19:16:26.884-04:00 Order failure | productId=11234 | userId=4350 | quantity=659 | status=FAILED | reason=Insufficient quantity for product id: 11234. Requested: 659, available: 0
2026-07-28T19:16:26.892-04:00 Order failure | productId=1301 | userId=4351 | quantity=894 | status=FAILED | reason=Insufficient quantity for product id: 1301. Requested: 894, available: 0
2026-07-28T19:16:26.897-04:00 Order failure | productId=1301 | userId=4352 | quantity=949 | status=FAILED | reason=Insufficient quantity for product id: 1301. Requested: 949, available: 0
2026-07-28T19:16:26.901-04:00 Order failure | productId=1301 | userId=4353 | quantity=793 | status=FAILED | reason=Insufficient quantity for product id: 1301. Requested: 793, available: 0
2026-07-28T19:16:26.906-04:00 Order failure | productId=1301 | userId=4354 | quantity=518 | status=FAILED | reason=Insufficient quantity for product id: 1301. Requested: 518, available: 0
2026-07-28T19:16:26.912-04:00 Order failure | productId=11234 | userId=4355 | quantity=304 | status=FAILED | reason=Insufficient quantity for product id: 11234. Requested: 304, available: 0
2026-07-28T19:16:26.917-04:00 Order failure | productId=1301 | userId=4356 | quantity=189 | status=FAILED | reason=Insufficient quantity for product id: 1301. Requested: 189, available: 0
2026-07-28T19:16:26.922-04:00 Order failure | productId=1301 | userId=4357 | quantity=475 | status=FAILED | reason=Insufficient quantity for product id: 1301. Requested: 475, available: 0
2026-07-28T19:16:26.925-04:00 Order failure | productId=1301 | userId=4358 | quantity=758 | status=FAILED | reason=Insufficient quantity for product id: 1301. Requested: 758, available: 0
2026-07-28T19:16:26.931-04:00 Order failure | productId=1301 | userId=4359 | quantity=40 | status=FAILED | reason=Insufficient quantity for product id: 1301. Requested: 40, available: 0
2026-07-28T19:16:26.935-04:00 Order failure | productId=1301 | userId=4360 | quantity=151 | status=FAILED | reason=Insufficient quantity for product id: 1301. Requested: 151, available: 0
2026-07-28T19:16:26.942-04:00 Order failure | productId=1301 | userId=4361 | quantity=851 | status=FAILED | reason=Insufficient quantity for product id: 1301. Requested: 851, available: 0
2026-07-28T19:16:26.945-04:00 Order failure | productId=1301 | userId=4362 | quantity=588 | status=FAILED | reason=Insufficient quantity for product id: 1301. Requested: 588, available: 0
2026-07-28T19:16:26.950-04:00 Order failure | productId=11234 | userId=4363 | quantity=140 | status=FAILED | reason=Insufficient quantity for product id: 11234. Requested: 140, available: 0
2026-07-28T19:16:26.956-04:00 Order failure | productId=1301 | userId=4364 | quantity=681 | status=FAILED | reason=Insufficient quantity for product id: 1301. Requested: 681, available: 0
2026-07-28T19:16:26.962-04:00 Order failure | productId=11234 | userId=4365 | quantity=743 | status=FAILED | reason=Insufficient quantity for product id: 11234. Requested: 743, available: 0
2026-07-28T19:16:26.966-04:00 Order failure | productId=11234 | userId=4366 | quantity=775 | status=FAILED | reason=Insufficient quantity for product id: 11234. Requested: 775, available: 0
2026-07-28T19:16:26.972-04:00 Order failure | productId=1301 | userId=4367 | quantity=249 | status=FAILED | reason=Insufficient quantity for product id: 1301. Requested: 249, available: 0
2026-07-28T19:16:26.976-04:00 Order failure | productId=1301 | userId=4368 | quantity=716 | status=FAILED | reason=Insufficient quantity for product id: 1301. Requested: 716, available: 0
2026-07-28T19:16:26.980-04:00 Order failure | productId=11234 | userId=4369 | quantity=393 | status=FAILED | reason=Insufficient quantity for product id: 11234. Requested: 393, available: 0
2026-07-28T19:16:26.987-04:00 Order failure | productId=1301 | userId=4370 | quantity=482 | status=FAILED | reason=Insufficient quantity for product id: 1301. Requested: 482, available: 0
2026-07-28T19:16:26.991-04:00 Order failure | productId=1301 | userId=4371 | quantity=285 | status=FAILED | reason=Insufficient quantity for product id: 1301. Requested: 285, available: 0
2026-07-28T19:16:26.996-04:00 Order failure | productId=11234 | userId=4372 | quantity=168 | status=FAILED | reason=Insufficient quantity for product id: 11234. Requested: 168, available: 0
2026-07-28T19:16:27.001-04:00 Order failure | productId=11234 | userId=4373 | quantity=923 | status=FAILED | reason=Insufficient quantity for product id: 11234. Requested: 923, available: 0
2026-07-28T19:16:27.006-04:00 Order failure | productId=1301 | userId=4374 | quantity=224 | status=FAILED | reason=Insufficient quantity for product id: 1301. Requested: 224, available: 0
2026-07-28T19:16:27.010-04:00 Order failure | productId=1301 | userId=4375 | quantity=481 | status=FAILED | reason=Insufficient quantity for product id: 1301. Requested: 481, available: 0
2026-07-28T19:16:27.016-04:00 Order failure | productId=1301 | userId=4376 | quantity=601 | status=FAILED | reason=Insufficient quantity for product id: 1301. Requested: 601, available: 0
2026-07-28T19:16:27.020-04:00 Order failure | productId=1301 | userId=4377 | quantity=566 | status=FAILED | reason=Insufficient quantity for product id: 1301. Requested: 566, available: 0
2026-07-28T19:16:27.026-04:00 Order failure | productId=11234 | userId=4378 | quantity=7 | status=FAILED | reason=Insufficient quantity for product id: 11234. Requested: 7, available: 0
2026-07-28T19:16:27.030-04:00 Order failure | productId=11234 | userId=4379 | quantity=16 | status=FAILED | reason=Insufficient quantity for product id: 11234. Requested: 16, available: 0
2026-07-28T19:16:27.036-04:00 Order failure | productId=11234 | userId=4380 | quantity=768 | status=FAILED | reason=Insufficient quantity for product id: 11234. Requested: 768, available: 0
2026-07-28T19:16:27.042-04:00 Order failure | productId=1301 | userId=4381 | quantity=428 | status=FAILED | reason=Insufficient quantity for product id: 1301. Requested: 428, available: 0
2026-07-28T19:16:27.045-04:00 Order failure | productId=1301 | userId=4382 | quantity=309 | status=FAILED | reason=Insufficient quantity for product id: 1301. Requested: 309, available: 0
2026-07-28T19:16:27.050-04:00 Order failure | productId=1301 | userId=4383 | quantity=255 | status=FAILED | reason=Insufficient quantity for product id: 1301. Requested: 255, available: 0
2026-07-28T19:16:27.056-04:00 Order failure | productId=1301 | userId=4384 | quantity=349 | status=FAILED | reason=Insufficient quantity for product id: 1301. Requested: 349, available: 0
2026-07-28T19:16:27.060-04:00 Order failure | productId=11234 | userId=4385 | quantity=889 | status=FAILED | reason=Insufficient quantity for product id: 11234. Requested: 889, available: 0
2026-07-28T19:16:27.067-04:00 Order failure | productId=11234 | userId=4386 | quantity=817 | status=FAILED | reason=Insufficient quantity for product id: 11234. Requested: 817, available: 0
2026-07-28T19:16:27.070-04:00 Order failure | productId=1301 | userId=4387 | quantity=323 | status=FAILED | reason=Insufficient quantity for product id: 1301. Requested: 323, available: 0
2026-07-28T19:16:27.075-04:00 Order failure | productId=11234 | userId=4388 | quantity=34 | status=FAILED | reason=Insufficient quantity for product id: 11234. Requested: 34, available: 0
2026-07-28T19:16:27.080-04:00 Order failure | productId=11234 | userId=4389 | quantity=371 | status=FAILED | reason=Insufficient quantity for product id: 11234. Requested: 371, available: 0
2026-07-28T19:16:27.086-04:00 Order failure | productId=1301 | userId=4390 | quantity=339 | status=FAILED | reason=Insufficient quantity for product id: 1301. Requested: 339, available: 0
2026-07-28T19:16:27.089-04:00 Order failure | productId=11234 | userId=4391 | quantity=828 | status=FAILED | reason=Insufficient quantity for product id: 11234. Requested: 828, available: 0
2026-07-28T19:16:27.096-04:00 Order failure | productId=1301 | userId=4392 | quantity=396 | status=FAILED | reason=Insufficient quantity for product id: 1301. Requested: 396, available: 0
2026-07-28T19:16:27.100-04:00 Order failure | productId=11234 | userId=4393 | quantity=165 | status=FAILED | reason=Insufficient quantity for product id: 11234. Requested: 165, available: 0
2026-07-28T19:16:27.106-04:00 Order failure | productId=11234 | userId=4394 | quantity=21 | status=FAILED | reason=Insufficient quantity for product id: 11234. Requested: 21, available: 0
2026-07-28T19:16:27.110-04:00 Order failure | productId=1301 | userId=4395 | quantity=906 | status=FAILED | reason=Insufficient quantity for product id: 1301. Requested: 906, available: 0
2026-07-28T19:16:27.115-04:00 Order failure | productId=11234 | userId=4396 | quantity=615 | status=FAILED | reason=Insufficient quantity for product id: 11234. Requested: 615, available: 0
2026-07-28T19:16:27.120-04:00 Order failure | productId=11234 | userId=4397 | quantity=555 | status=FAILED | reason=Insufficient quantity for product id: 11234. Requested: 555, available: 0
2026-07-28T19:16:27.126-04:00 Order failure | productId=1301 | userId=4398 | quantity=657 | status=FAILED | reason=Insufficient quantity for product id: 1301. Requested: 657, available: 0
2026-07-28T19:16:27.131-04:00 Order failure | productId=1301 | userId=4399 | quantity=216 | status=FAILED | reason=Insufficient quantity for product id: 1301. Requested: 216, available: 0
2026-07-28T19:16:27.136-04:00 Order failure | productId=1301 | userId=4400 | quantity=145 | status=FAILED | reason=Insufficient quantity for product id: 1301. Requested: 145, available: 0
2026-07-28T19:16:27.140-04:00 Order failure | productId=1301 | userId=4401 | quantity=864 | status=FAILED | reason=Insufficient quantity for product id: 1301. Requested: 864, available: 0
2026-07-28T19:16:27.145-04:00 Order failure | productId=1301 | userId=4402 | quantity=204 | status=FAILED | reason=Insufficient quantity for product id: 1301. Requested: 204, available: 0
2026-07-28T19:16:27.151-04:00 Order failure | productId=11234 | userId=4403 | quantity=938 | status=FAILED | reason=Insufficient quantity for product id: 11234. Requested: 938, available: 0
2026-07-28T19:16:27.154-04:00 Order failure | productId=1301 | userId=4404 | quantity=904 | status=FAILED | reason=Insufficient quantity for product id: 1301. Requested: 904, available: 0
2026-07-28T19:16:27.160-04:00 Order failure | productId=11234 | userId=4405 | quantity=221 | status=FAILED | reason=Insufficient quantity for product id: 11234. Requested: 221, available: 0
2026-07-28T19:16:27.166-04:00 Order failure | productId=1301 | userId=4406 | quantity=308 | status=FAILED | reason=Insufficient quantity for product id: 1301. Requested: 308, available: 0
2026-07-28T19:16:27.170-04:00 Order failure | productId=1301 | userId=4407 | quantity=658 | status=FAILED | reason=Insufficient quantity for product id: 1301. Requested: 658, available: 0
2026-07-28T19:16:27.174-04:00 Order failure | productId=1301 | userId=4408 | quantity=901 | status=FAILED | reason=Insufficient quantity for product id: 1301. Requested: 901, available: 0
2026-07-28T19:16:27.180-04:00 Order failure | productId=11234 | userId=4409 | quantity=573 | status=FAILED | reason=Insufficient quantity for product id: 11234. Requested: 573, available: 0
2026-07-28T19:16:27.184-04:00 Order failure | productId=11234 | userId=4410 | quantity=636 | status=FAILED | reason=Insufficient quantity for product id: 11234. Requested: 636, available: 0
2026-07-28T19:16:27.190-04:00 Order failure | productId=11234 | userId=4411 | quantity=792 | status=FAILED | reason=Insufficient quantity for product id: 11234. Requested: 792, available: 0
2026-07-28T19:16:27.194-04:00 Order failure | productId=11234 | userId=4412 | quantity=896 | status=FAILED | reason=Insufficient quantity for product id: 11234. Requested: 896, available: 0
2026-07-28T19:16:27.201-04:00 Order failure | productId=11234 | userId=4413 | quantity=737 | status=FAILED | reason=Insufficient quantity for product id: 11234. Requested: 737, available: 0
2026-07-28T19:16:27.206-04:00 Order failure | productId=1301 | userId=4414 | quantity=225 | status=FAILED | reason=Insufficient quantity for product id: 1301. Requested: 225, available: 0
2026-07-28T19:16:27.209-04:00 Order failure | productId=11234 | userId=4415 | quantity=944 | status=FAILED | reason=Insufficient quantity for product id: 11234. Requested: 944, available: 0
2026-07-28T19:16:27.216-04:00 Order failure | productId=11234 | userId=4416 | quantity=2 | status=FAILED | reason=Insufficient quantity for product id: 11234. Requested: 2, available: 0
2026-07-28T19:16:27.219-04:00 Order failure | productId=1301 | userId=4417 | quantity=726 | status=FAILED | reason=Insufficient quantity for product id: 1301. Requested: 726, available: 0
2026-07-28T19:16:27.224-04:00 Order failure | productId=11234 | userId=4418 | quantity=303 | status=FAILED | reason=Insufficient quantity for product id: 11234. Requested: 303, available: 0
2026-07-28T19:16:27.230-04:00 Order failure | productId=11234 | userId=4419 | quantity=54 | status=FAILED | reason=Insufficient quantity for product id: 11234. Requested: 54, available: 0
2026-07-28T19:16:27.234-04:00 Order failure | productId=1301 | userId=4420 | quantity=665 | status=FAILED | reason=Insufficient quantity for product id: 1301. Requested: 665, available: 0
2026-07-28T19:16:27.239-04:00 Order failure | productId=11234 | userId=4421 | quantity=464 | status=FAILED | reason=Insufficient quantity for product id: 11234. Requested: 464, available: 0
2026-07-28T19:16:27.244-04:00 Order failure | productId=1301 | userId=4422 | quantity=865 | status=FAILED | reason=Insufficient quantity for product id: 1301. Requested: 865, available: 0
2026-07-28T19:16:27.249-04:00 Order failure | productId=11234 | userId=4423 | quantity=884 | status=FAILED | reason=Insufficient quantity for product id: 11234. Requested: 884, available: 0
2026-07-28T19:16:27.254-04:00 Order failure | productId=1301 | userId=4424 | quantity=164 | status=FAILED | reason=Insufficient quantity for product id: 1301. Requested: 164, available: 0
2026-07-28T19:16:27.259-04:00 Order failure | productId=1301 | userId=4425 | quantity=479 | status=FAILED | reason=Insufficient quantity for product id: 1301. Requested: 479, available: 0
2026-07-28T19:16:27.264-04:00 Order failure | productId=1301 | userId=4426 | quantity=714 | status=FAILED | reason=Insufficient quantity for product id: 1301. Requested: 714, available: 0
2026-07-28T19:16:27.270-04:00 Order failure | productId=11234 | userId=4427 | quantity=599 | status=FAILED | reason=Insufficient quantity for product id: 11234. Requested: 599, available: 0
2026-07-28T19:16:27.274-04:00 Order failure | productId=11234 | userId=4428 | quantity=252 | status=FAILED | reason=Insufficient quantity for product id: 11234. Requested: 252, available: 0
2026-07-28T19:16:27.279-04:00 Order failure | productId=1301 | userId=4429 | quantity=474 | status=FAILED | reason=Insufficient quantity for product id: 1301. Requested: 474, available: 0
2026-07-28T19:16:27.302-04:00 Order failure | productId=11234 | userId=4430 | quantity=622 | status=FAILED | reason=Insufficient quantity for product id: 11234. Requested: 622, available: 0
2026-07-28T19:16:27.304-04:00 Order failure | productId=11234 | userId=4431 | quantity=52 | status=FAILED | reason=Insufficient quantity for product id: 11234. Requested: 52, available: 0
2026-07-28T19:16:27.308-04:00 Order failure | productId=1301 | userId=4432 | quantity=630 | status=FAILED | reason=Insufficient quantity for product id: 1301. Requested: 630, available: 0
2026-07-28T19:16:27.308-04:00 Order failure | productId=1301 | userId=4433 | quantity=12 | status=FAILED | reason=Insufficient quantity for product id: 1301. Requested: 12, available: 0
2026-07-28T19:16:27.308-04:00 Order failure | productId=1301 | userId=4434 | quantity=327 | status=FAILED | reason=Insufficient quantity for product id: 1301. Requested: 327, available: 0
2026-07-28T19:16:27.310-04:00 Order failure | productId=1301 | userId=4435 | quantity=812 | status=FAILED | reason=Insufficient quantity for product id: 1301. Requested: 812, available: 0
2026-07-28T19:16:27.315-04:00 Order failure | productId=11234 | userId=4436 | quantity=762 | status=FAILED | reason=Insufficient quantity for product id: 11234. Requested: 762, available: 0
2026-07-28T19:16:27.320-04:00 Order failure | productId=11234 | userId=4437 | quantity=137 | status=FAILED | reason=Insufficient quantity for product id: 11234. Requested: 137, available: 0
2026-07-28T19:16:27.325-04:00 Order failure | productId=1301 | userId=4438 | quantity=104 | status=FAILED | reason=Insufficient quantity for product id: 1301. Requested: 104, available: 0
2026-07-28T19:16:27.329-04:00 Order failure | productId=1301 | userId=4439 | quantity=109 | status=FAILED | reason=Insufficient quantity for product id: 1301. Requested: 109, available: 0
2026-07-28T19:16:27.334-04:00 Order failure | productId=1301 | userId=4440 | quantity=902 | status=FAILED | reason=Insufficient quantity for product id: 1301. Requested: 902, available: 0
2026-07-28T19:16:27.339-04:00 Order failure | productId=1301 | userId=4441 | quantity=99 | status=FAILED | reason=Insufficient quantity for product id: 1301. Requested: 99, available: 0
2026-07-28T19:16:27.343-04:00 Order failure | productId=11234 | userId=4442 | quantity=114 | status=FAILED | reason=Insufficient quantity for product id: 11234. Requested: 114, available: 0
2026-07-28T19:16:27.350-04:00 Order failure | productId=11234 | userId=4443 | quantity=858 | status=FAILED | reason=Insufficient quantity for product id: 11234. Requested: 858, available: 0
2026-07-28T19:16:27.353-04:00 Order failure | productId=11234 | userId=4444 | quantity=361 | status=FAILED | reason=Insufficient quantity for product id: 11234. Requested: 361, available: 0
2026-07-28T19:16:27.360-04:00 Order failure | productId=11234 | userId=4445 | quantity=368 | status=FAILED | reason=Insufficient quantity for product id: 11234. Requested: 368, available: 0
2026-07-28T19:16:27.364-04:00 Order failure | productId=11234 | userId=4446 | quantity=955 | status=FAILED | reason=Insufficient quantity for product id: 11234. Requested: 955, available: 0
2026-07-28T19:16:27.369-04:00 Order failure | productId=1301 | userId=4447 | quantity=189 | status=FAILED | reason=Insufficient quantity for product id: 1301. Requested: 189, available: 0
2026-07-28T19:16:27.375-04:00 Order failure | productId=1301 | userId=4448 | quantity=431 | status=FAILED | reason=Insufficient quantity for product id: 1301. Requested: 431, available: 0
2026-07-28T19:16:27.378-04:00 Order failure | productId=11234 | userId=4449 | quantity=359 | status=FAILED | reason=Insufficient quantity for product id: 11234. Requested: 359, available: 0
2026-07-28T19:16:27.384-04:00 Order failure | productId=1301 | userId=4450 | quantity=281 | status=FAILED | reason=Insufficient quantity for product id: 1301. Requested: 281, available: 0
2026-07-28T19:16:27.388-04:00 Order failure | productId=11234 | userId=4451 | quantity=462 | status=FAILED | reason=Insufficient quantity for product id: 11234. Requested: 462, available: 0
2026-07-28T19:16:27.394-04:00 Order failure | productId=11234 | userId=4452 | quantity=100 | status=FAILED | reason=Insufficient quantity for product id: 11234. Requested: 100, available: 0
2026-07-28T19:16:27.401-04:00 Order failure | productId=11234 | userId=4453 | quantity=578 | status=FAILED | reason=Insufficient quantity for product id: 11234. Requested: 578, available: 0
2026-07-28T19:16:27.406-04:00 Order failure | productId=11234 | userId=4454 | quantity=37 | status=FAILED | reason=Insufficient quantity for product id: 11234. Requested: 37, available: 0
2026-07-28T19:16:27.411-04:00 Order failure | productId=11234 | userId=4455 | quantity=506 | status=FAILED | reason=Insufficient quantity for product id: 11234. Requested: 506, available: 0
2026-07-28T19:16:27.417-04:00 Order failure | productId=1301 | userId=4456 | quantity=980 | status=FAILED | reason=Insufficient quantity for product id: 1301. Requested: 980, available: 0
2026-07-28T19:16:27.420-04:00 Order failure | productId=1301 | userId=4457 | quantity=39 | status=FAILED | reason=Insufficient quantity for product id: 1301. Requested: 39, available: 0
2026-07-28T19:16:27.426-04:00 Order failure | productId=11234 | userId=4458 | quantity=11 | status=FAILED | reason=Insufficient quantity for product id: 11234. Requested: 11, available: 0
2026-07-28T19:16:27.430-04:00 Order failure | productId=1301 | userId=4459 | quantity=364 | status=FAILED | reason=Insufficient quantity for product id: 1301. Requested: 364, available: 0
2026-07-28T19:16:27.436-04:00 Order failure | productId=1301 | userId=4460 | quantity=455 | status=FAILED | reason=Insufficient quantity for product id: 1301. Requested: 455, available: 0
2026-07-28T19:16:27.441-04:00 Order failure | productId=11234 | userId=4461 | quantity=210 | status=FAILED | reason=Insufficient quantity for product id: 11234. Requested: 210, available: 0
2026-07-28T19:16:27.445-04:00 Order failure | productId=11234 | userId=4462 | quantity=789 | status=FAILED | reason=Insufficient quantity for product id: 11234. Requested: 789, available: 0
2026-07-28T19:16:27.451-04:00 Order failure | productId=1301 | userId=4463 | quantity=911 | status=FAILED | reason=Insufficient quantity for product id: 1301. Requested: 911, available: 0
2026-07-28T19:16:27.456-04:00 Order failure | productId=11234 | userId=4464 | quantity=571 | status=FAILED | reason=Insufficient quantity for product id: 11234. Requested: 571, available: 0
2026-07-28T19:16:27.460-04:00 Order failure | productId=11234 | userId=4465 | quantity=270 | status=FAILED | reason=Insufficient quantity for product id: 11234. Requested: 270, available: 0
2026-07-28T19:16:27.466-04:00 Order failure | productId=11234 | userId=4466 | quantity=372 | status=FAILED | reason=Insufficient quantity for product id: 11234. Requested: 372, available: 0
2026-07-28T19:16:27.469-04:00 Order failure | productId=11234 | userId=4467 | quantity=410 | status=FAILED | reason=Insufficient quantity for product id: 11234. Requested: 410, available: 0
2026-07-28T19:16:27.475-04:00 Order failure | productId=11234 | userId=4468 | quantity=717 | status=FAILED | reason=Insufficient quantity for product id: 11234. Requested: 717, available: 0
2026-07-28T19:16:27.480-04:00 Order failure | productId=11234 | userId=4469 | quantity=372 | status=FAILED | reason=Insufficient quantity for product id: 11234. Requested: 372, available: 0
2026-07-28T19:16:27.484-04:00 Order failure | productId=11234 | userId=4470 | quantity=660 | status=FAILED | reason=Insufficient quantity for product id: 11234. Requested: 660, available: 0
2026-07-28T19:16:27.490-04:00 Order failure | productId=11234 | userId=4471 | quantity=445 | status=FAILED | reason=Insufficient quantity for product id: 11234. Requested: 445, available: 0
2026-07-28T19:16:27.495-04:00 Order failure | productId=11234 | userId=4472 | quantity=549 | status=FAILED | reason=Insufficient quantity for product id: 11234. Requested: 549, available: 0
2026-07-28T19:16:27.501-04:00 Order failure | productId=1301 | userId=4473 | quantity=202 | status=FAILED | reason=Insufficient quantity for product id: 1301. Requested: 202, available: 0
2026-07-28T19:16:27.506-04:00 Order failure | productId=1301 | userId=4474 | quantity=47 | status=FAILED | reason=Insufficient quantity for product id: 1301. Requested: 47, available: 0
2026-07-28T19:16:27.512-04:00 Order failure | productId=1301 | userId=4475 | quantity=871 | status=FAILED | reason=Insufficient quantity for product id: 1301. Requested: 871, available: 0
2026-07-28T19:16:27.515-04:00 Order failure | productId=1301 | userId=4476 | quantity=788 | status=FAILED | reason=Insufficient quantity for product id: 1301. Requested: 788, available: 0
2026-07-28T19:16:27.520-04:00 Order failure | productId=11234 | userId=4477 | quantity=114 | status=FAILED | reason=Insufficient quantity for product id: 11234. Requested: 114, available: 0
2026-07-28T19:16:27.525-04:00 Order failure | productId=1301 | userId=4478 | quantity=913 | status=FAILED | reason=Insufficient quantity for product id: 1301. Requested: 913, available: 0
2026-07-28T19:16:27.531-04:00 Order failure | productId=11234 | userId=4479 | quantity=650 | status=FAILED | reason=Insufficient quantity for product id: 11234. Requested: 650, available: 0
2026-07-28T19:16:27.535-04:00 Order failure | productId=1301 | userId=4480 | quantity=765 | status=FAILED | reason=Insufficient quantity for product id: 1301. Requested: 765, available: 0
2026-07-28T19:16:27.551-04:00 Order failure | productId=1301 | userId=4482 | quantity=782 | status=FAILED | reason=Insufficient quantity for product id: 1301. Requested: 782, available: 0
2026-07-28T19:16:27.551-04:00 Order failure | productId=11234 | userId=4481 | quantity=876 | status=FAILED | reason=Insufficient quantity for product id: 11234. Requested: 876, available: 0
2026-07-28T19:16:27.551-04:00 Order failure | productId=1301 | userId=4483 | quantity=635 | status=FAILED | reason=Insufficient quantity for product id: 1301. Requested: 635, available: 0
2026-07-28T19:16:27.555-04:00 Order failure | productId=1301 | userId=4484 | quantity=887 | status=FAILED | reason=Insufficient quantity for product id: 1301. Requested: 887, available: 0
2026-07-28T19:16:27.560-04:00 Order failure | productId=1301 | userId=4485 | quantity=165 | status=FAILED | reason=Insufficient quantity for product id: 1301. Requested: 165, available: 0
2026-07-28T19:16:27.565-04:00 Order failure | productId=1301 | userId=4486 | quantity=106 | status=FAILED | reason=Insufficient quantity for product id: 1301. Requested: 106, available: 0
2026-07-28T19:16:27.569-04:00 Order failure | productId=1301 | userId=4487 | quantity=401 | status=FAILED | reason=Insufficient quantity for product id: 1301. Requested: 401, available: 0
2026-07-28T19:16:27.575-04:00 Order failure | productId=1301 | userId=4488 | quantity=776 | status=FAILED | reason=Insufficient quantity for product id: 1301. Requested: 776, available: 0
2026-07-28T19:16:27.581-04:00 Order failure | productId=1301 | userId=4489 | quantity=29 | status=FAILED | reason=Insufficient quantity for product id: 1301. Requested: 29, available: 0
2026-07-28T19:16:27.586-04:00 Order failure | productId=11234 | userId=4490 | quantity=612 | status=FAILED | reason=Insufficient quantity for product id: 11234. Requested: 612, available: 0
2026-07-28T19:16:27.589-04:00 Order failure | productId=11234 | userId=4491 | quantity=741 | status=FAILED | reason=Insufficient quantity for product id: 11234. Requested: 741, available: 0
2026-07-28T19:16:27.596-04:00 Order failure | productId=1301 | userId=4492 | quantity=1 | status=FAILED | reason=Insufficient quantity for product id: 1301. Requested: 1, available: 0
2026-07-28T19:16:27.599-04:00 Order failure | productId=1301 | userId=4493 | quantity=113 | status=FAILED | reason=Insufficient quantity for product id: 1301. Requested: 113, available: 0
2026-07-28T19:16:27.606-04:00 Order failure | productId=1301 | userId=4494 | quantity=553 | status=FAILED | reason=Insufficient quantity for product id: 1301. Requested: 553, available: 0
2026-07-28T19:16:27.609-04:00 Order failure | productId=1301 | userId=4495 | quantity=441 | status=FAILED | reason=Insufficient quantity for product id: 1301. Requested: 441, available: 0
2026-07-28T19:16:27.616-04:00 Order failure | productId=1301 | userId=4496 | quantity=261 | status=FAILED | reason=Insufficient quantity for product id: 1301. Requested: 261, available: 0
2026-07-28T19:16:27.620-04:00 Order failure | productId=1301 | userId=4497 | quantity=364 | status=FAILED | reason=Insufficient quantity for product id: 1301. Requested: 364, available: 0
2026-07-28T19:16:27.625-04:00 Order failure | productId=1301 | userId=4498 | quantity=132 | status=FAILED | reason=Insufficient quantity for product id: 1301. Requested: 132, available: 0
2026-07-28T19:16:27.630-04:00 Order failure | productId=1301 | userId=4499 | quantity=572 | status=FAILED | reason=Insufficient quantity for product id: 1301. Requested: 572, available: 0
2026-07-28T19:16:27.635-04:00 Order failure | productId=11234 | userId=4500 | quantity=740 | status=FAILED | reason=Insufficient quantity for product id: 11234. Requested: 740, available: 0
2026-07-28T19:16:27.640-04:00 Order failure | productId=11234 | userId=4501 | quantity=654 | status=FAILED | reason=Insufficient quantity for product id: 11234. Requested: 654, available: 0
2026-07-28T19:16:27.646-04:00 Order failure | productId=11234 | userId=4502 | quantity=292 | status=FAILED | reason=Insufficient quantity for product id: 11234. Requested: 292, available: 0
2026-07-28T19:16:27.650-04:00 Order failure | productId=1301 | userId=4503 | quantity=626 | status=FAILED | reason=Insufficient quantity for product id: 1301. Requested: 626, available: 0
2026-07-28T19:16:27.655-04:00 Order failure | productId=11234 | userId=4504 | quantity=249 | status=FAILED | reason=Insufficient quantity for product id: 11234. Requested: 249, available: 0
2026-07-28T19:16:27.661-04:00 Order failure | productId=1301 | userId=4505 | quantity=881 | status=FAILED | reason=Insufficient quantity for product id: 1301. Requested: 881, available: 0
2026-07-28T19:16:27.665-04:00 Order failure | productId=1301 | userId=4506 | quantity=753 | status=FAILED | reason=Insufficient quantity for product id: 1301. Requested: 753, available: 0
2026-07-28T19:16:27.671-04:00 Order failure | productId=1301 | userId=4507 | quantity=479 | status=FAILED | reason=Insufficient quantity for product id: 1301. Requested: 479, available: 0
2026-07-28T19:16:27.675-04:00 Order failure | productId=1301 | userId=4508 | quantity=7 | status=FAILED | reason=Insufficient quantity for product id: 1301. Requested: 7, available: 0
2026-07-28T19:16:27.680-04:00 Order failure | productId=11234 | userId=4509 | quantity=301 | status=FAILED | reason=Insufficient quantity for product id: 11234. Requested: 301, available: 0
2026-07-28T19:16:27.685-04:00 Order failure | productId=1301 | userId=4510 | quantity=214 | status=FAILED | reason=Insufficient quantity for product id: 1301. Requested: 214, available: 0
2026-07-28T19:16:27.690-04:00 Order failure | productId=1301 | userId=4511 | quantity=720 | status=FAILED | reason=Insufficient quantity for product id: 1301. Requested: 720, available: 0
2026-07-28T19:16:27.695-04:00 Order failure | productId=1301 | userId=4512 | quantity=258 | status=FAILED | reason=Insufficient quantity for product id: 1301. Requested: 258, available: 0
2026-07-28T19:16:27.701-04:00 Order failure | productId=11234 | userId=4513 | quantity=143 | status=FAILED | reason=Insufficient quantity for product id: 11234. Requested: 143, available: 0
2026-07-28T19:16:27.706-04:00 Order failure | productId=1301 | userId=4514 | quantity=76 | status=FAILED | reason=Insufficient quantity for product id: 1301. Requested: 76, available: 0
2026-07-28T19:16:27.711-04:00 Order failure | productId=1301 | userId=4515 | quantity=371 | status=FAILED | reason=Insufficient quantity for product id: 1301. Requested: 371, available: 0
2026-07-28T19:16:27.715-04:00 Order failure | productId=1301 | userId=4516 | quantity=680 | status=FAILED | reason=Insufficient quantity for product id: 1301. Requested: 680, available: 0
2026-07-28T19:16:27.720-04:00 Order failure | productId=1301 | userId=4517 | quantity=997 | status=FAILED | reason=Insufficient quantity for product id: 1301. Requested: 997, available: 0
2026-07-28T19:16:27.725-04:00 Order failure | productId=11234 | userId=4518 | quantity=512 | status=FAILED | reason=Insufficient quantity for product id: 11234. Requested: 512, available: 0
2026-07-28T19:16:27.733-04:00 Order failure | productId=1301 | userId=4519 | quantity=742 | status=FAILED | reason=Insufficient quantity for product id: 1301. Requested: 742, available: 0
2026-07-28T19:16:27.736-04:00 Order failure | productId=1301 | userId=4520 | quantity=656 | status=FAILED | reason=Insufficient quantity for product id: 1301. Requested: 656, available: 0
2026-07-28T19:16:27.739-04:00 Order failure | productId=1301 | userId=4521 | quantity=180 | status=FAILED | reason=Insufficient quantity for product id: 1301. Requested: 180, available: 0
2026-07-28T19:16:27.745-04:00 Order failure | productId=1301 | userId=4522 | quantity=729 | status=FAILED | reason=Insufficient quantity for product id: 1301. Requested: 729, available: 0
2026-07-28T19:16:27.750-04:00 Order failure | productId=11234 | userId=4523 | quantity=931 | status=FAILED | reason=Insufficient quantity for product id: 11234. Requested: 931, available: 0
2026-07-28T19:16:27.755-04:00 Order failure | productId=1301 | userId=4524 | quantity=276 | status=FAILED | reason=Insufficient quantity for product id: 1301. Requested: 276, available: 0
2026-07-28T19:16:27.761-04:00 Order failure | productId=1301 | userId=4525 | quantity=985 | status=FAILED | reason=Insufficient quantity for product id: 1301. Requested: 985, available: 0
2026-07-28T19:16:27.766-04:00 Order failure | productId=1301 | userId=4526 | quantity=500 | status=FAILED | reason=Insufficient quantity for product id: 1301. Requested: 500, available: 0
2026-07-28T19:16:27.770-04:00 Order failure | productId=1301 | userId=4527 | quantity=122 | status=FAILED | reason=Insufficient quantity for product id: 1301. Requested: 122, available: 0
2026-07-28T19:16:27.775-04:00 Order failure | productId=1301 | userId=4528 | quantity=219 | status=FAILED | reason=Insufficient quantity for product id: 1301. Requested: 219, available: 0
2026-07-28T19:16:27.782-04:00 Order failure | productId=11234 | userId=4529 | quantity=445 | status=FAILED | reason=Insufficient quantity for product id: 11234. Requested: 445, available: 0
2026-07-28T19:16:27.784-04:00 Order failure | productId=11234 | userId=4530 | quantity=414 | status=FAILED | reason=Insufficient quantity for product id: 11234. Requested: 414, available: 0
2026-07-28T19:16:27.790-04:00 Order failure | productId=1301 | userId=4531 | quantity=178 | status=FAILED | reason=Insufficient quantity for product id: 1301. Requested: 178, available: 0
2026-07-28T19:16:27.795-04:00 Order failure | productId=11234 | userId=4532 | quantity=111 | status=FAILED | reason=Insufficient quantity for product id: 11234. Requested: 111, available: 0
2026-07-28T19:16:27.800-04:00 Order failure | productId=11234 | userId=4533 | quantity=437 | status=FAILED | reason=Insufficient quantity for product id: 11234. Requested: 437, available: 0
2026-07-28T19:16:27.805-04:00 Order failure | productId=11234 | userId=4534 | quantity=764 | status=FAILED | reason=Insufficient quantity for product id: 11234. Requested: 764, available: 0
2026-07-28T19:16:27.812-04:00 Order failure | productId=1301 | userId=4535 | quantity=229 | status=FAILED | reason=Insufficient quantity for product id: 1301. Requested: 229, available: 0
2026-07-28T19:16:27.816-04:00 Order failure | productId=11234 | userId=4536 | quantity=424 | status=FAILED | reason=Insufficient quantity for product id: 11234. Requested: 424, available: 0
2026-07-28T19:16:27.819-04:00 Order failure | productId=11234 | userId=4537 | quantity=632 | status=FAILED | reason=Insufficient quantity for product id: 11234. Requested: 632, available: 0
2026-07-28T19:16:27.825-04:00 Order failure | productId=1301 | userId=4538 | quantity=558 | status=FAILED | reason=Insufficient quantity for product id: 1301. Requested: 558, available: 0
2026-07-28T19:16:27.829-04:00 Order failure | productId=11234 | userId=4539 | quantity=704 | status=FAILED | reason=Insufficient quantity for product id: 11234. Requested: 704, available: 0
2026-07-28T19:16:27.834-04:00 Order failure | productId=11234 | userId=4540 | quantity=672 | status=FAILED | reason=Insufficient quantity for product id: 11234. Requested: 672, available: 0
2026-07-28T19:16:27.839-04:00 Order failure | productId=11234 | userId=4541 | quantity=41 | status=FAILED | reason=Insufficient quantity for product id: 11234. Requested: 41, available: 0
2026-07-28T19:16:27.844-04:00 Order failure | productId=1301 | userId=4542 | quantity=287 | status=FAILED | reason=Insufficient quantity for product id: 1301. Requested: 287, available: 0
2026-07-28T19:16:27.850-04:00 Order failure | productId=1301 | userId=4543 | quantity=229 | status=FAILED | reason=Insufficient quantity for product id: 1301. Requested: 229, available: 0
2026-07-28T19:16:27.853-04:00 Order failure | productId=11234 | userId=4544 | quantity=188 | status=FAILED | reason=Insufficient quantity for product id: 11234. Requested: 188, available: 0
2026-07-28T19:16:27.860-04:00 Order failure | productId=11234 | userId=4545 | quantity=540 | status=FAILED | reason=Insufficient quantity for product id: 11234. Requested: 540, available: 0
2026-07-28T19:16:27.866-04:00 Order failure | productId=1301 | userId=4546 | quantity=950 | status=FAILED | reason=Insufficient quantity for product id: 1301. Requested: 950, available: 0
2026-07-28T19:16:27.869-04:00 Order failure | productId=1301 | userId=4547 | quantity=742 | status=FAILED | reason=Insufficient quantity for product id: 1301. Requested: 742, available: 0
2026-07-28T19:16:27.875-04:00 Order failure | productId=1301 | userId=4548 | quantity=132 | status=FAILED | reason=Insufficient quantity for product id: 1301. Requested: 132, available: 0
2026-07-28T19:16:27.882-04:00 Order failure | productId=1301 | userId=4549 | quantity=897 | status=FAILED | reason=Insufficient quantity for product id: 1301. Requested: 897, available: 0
2026-07-28T19:16:27.889-04:00 Order failure | productId=11234 | userId=4550 | quantity=428 | status=FAILED | reason=Insufficient quantity for product id: 11234. Requested: 428, available: 0
2026-07-28T19:16:27.889-04:00 Order failure | productId=11234 | userId=4551 | quantity=107 | status=FAILED | reason=Insufficient quantity for product id: 11234. Requested: 107, available: 0
2026-07-28T19:16:27.895-04:00 Order failure | productId=11234 | userId=4552 | quantity=319 | status=FAILED | reason=Insufficient quantity for product id: 11234. Requested: 319, available: 0
2026-07-28T19:16:27.901-04:00 Order failure | productId=11234 | userId=4553 | quantity=271 | status=FAILED | reason=Insufficient quantity for product id: 11234. Requested: 271, available: 0
2026-07-28T19:16:27.904-04:00 Order failure | productId=1301 | userId=4554 | quantity=730 | status=FAILED | reason=Insufficient quantity for product id: 1301. Requested: 730, available: 0
2026-07-28T19:16:27.909-04:00 Order failure | productId=11234 | userId=4555 | quantity=284 | status=FAILED | reason=Insufficient quantity for product id: 11234. Requested: 284, available: 0
2026-07-28T19:16:27.915-04:00 Order failure | productId=1301 | userId=4556 | quantity=434 | status=FAILED | reason=Insufficient quantity for product id: 1301. Requested: 434, available: 0
2026-07-28T19:16:27.926-04:00 Order failure | productId=11234 | userId=4557 | quantity=349 | status=FAILED | reason=Insufficient quantity for product id: 11234. Requested: 349, available: 0
2026-07-28T19:16:27.929-04:00 Order failure | productId=11234 | userId=4558 | quantity=233 | status=FAILED | reason=Insufficient quantity for product id: 11234. Requested: 233, available: 0
2026-07-28T19:16:27.930-04:00 Order failure | productId=1301 | userId=4559 | quantity=496 | status=FAILED | reason=Insufficient quantity for product id: 1301. Requested: 496, available: 0
2026-07-28T19:16:27.937-04:00 Order failure | productId=1301 | userId=4560 | quantity=301 | status=FAILED | reason=Insufficient quantity for product id: 1301. Requested: 301, available: 0
2026-07-28T19:16:27.941-04:00 Order failure | productId=11234 | userId=4561 | quantity=207 | status=FAILED | reason=Insufficient quantity for product id: 11234. Requested: 207, available: 0
2026-07-28T19:16:27.948-04:00 Order failure | productId=11234 | userId=4562 | quantity=840 | status=FAILED | reason=Insufficient quantity for product id: 11234. Requested: 840, available: 0
2026-07-28T19:16:27.952-04:00 Order failure | productId=11234 | userId=4563 | quantity=425 | status=FAILED | reason=Insufficient quantity for product id: 11234. Requested: 425, available: 0
2026-07-28T19:16:27.956-04:00 Order failure | productId=11234 | userId=4564 | quantity=290 | status=FAILED | reason=Insufficient quantity for product id: 11234. Requested: 290, available: 0
2026-07-28T19:16:27.963-04:00 Order failure | productId=1301 | userId=4565 | quantity=148 | status=FAILED | reason=Insufficient quantity for product id: 1301. Requested: 148, available: 0
2026-07-28T19:16:27.968-04:00 Order failure | productId=11234 | userId=4566 | quantity=810 | status=FAILED | reason=Insufficient quantity for product id: 11234. Requested: 810, available: 0
2026-07-28T19:16:27.973-04:00 Order failure | productId=11234 | userId=4567 | quantity=677 | status=FAILED | reason=Insufficient quantity for product id: 11234. Requested: 677, available: 0
2026-07-28T19:16:27.977-04:00 Order failure | productId=1301 | userId=4568 | quantity=436 | status=FAILED | reason=Insufficient quantity for product id: 1301. Requested: 436, available: 0
2026-07-28T19:16:27.981-04:00 Order failure | productId=1301 | userId=4569 | quantity=123 | status=FAILED | reason=Insufficient quantity for product id: 1301. Requested: 123, available: 0
2026-07-28T19:16:27.986-04:00 Order failure | productId=11234 | userId=4570 | quantity=118 | status=FAILED | reason=Insufficient quantity for product id: 11234. Requested: 118, available: 0
2026-07-28T19:16:27.991-04:00 Order failure | productId=1301 | userId=4571 | quantity=318 | status=FAILED | reason=Insufficient quantity for product id: 1301. Requested: 318, available: 0
2026-07-28T19:16:27.996-04:00 Order failure | productId=1301 | userId=4572 | quantity=744 | status=FAILED | reason=Insufficient quantity for product id: 1301. Requested: 744, available: 0
2026-07-28T19:16:28.002-04:00 Order failure | productId=11234 | userId=4573 | quantity=484 | status=FAILED | reason=Insufficient quantity for product id: 11234. Requested: 484, available: 0
2026-07-28T19:16:28.006-04:00 Order failure | productId=1301 | userId=4574 | quantity=853 | status=FAILED | reason=Insufficient quantity for product id: 1301. Requested: 853, available: 0
2026-07-28T19:16:28.012-04:00 Order failure | productId=1301 | userId=4575 | quantity=444 | status=FAILED | reason=Insufficient quantity for product id: 1301. Requested: 444, available: 0
2026-07-28T19:16:28.018-04:00 Order failure | productId=1301 | userId=4576 | quantity=683 | status=FAILED | reason=Insufficient quantity for product id: 1301. Requested: 683, available: 0
2026-07-28T19:16:28.020-04:00 Order failure | productId=11234 | userId=4577 | quantity=17 | status=FAILED | reason=Insufficient quantity for product id: 11234. Requested: 17, available: 0
2026-07-28T19:16:28.025-04:00 Order failure | productId=11234 | userId=4578 | quantity=376 | status=FAILED | reason=Insufficient quantity for product id: 11234. Requested: 376, available: 0
2026-07-28T19:16:28.049-04:00 Order failure | productId=11234 | userId=4579 | quantity=579 | status=FAILED | reason=Insufficient quantity for product id: 11234. Requested: 579, available: 0
2026-07-28T19:16:28.049-04:00 Order failure | productId=1301 | userId=4581 | quantity=382 | status=FAILED | reason=Insufficient quantity for product id: 1301. Requested: 382, available: 0
2026-07-28T19:16:28.049-04:00 Order failure | productId=1301 | userId=4580 | quantity=735 | status=FAILED | reason=Insufficient quantity for product id: 1301. Requested: 735, available: 0
2026-07-28T19:16:28.051-04:00 Order failure | productId=11234 | userId=4583 | quantity=650 | status=FAILED | reason=Insufficient quantity for product id: 11234. Requested: 650, available: 0
2026-07-28T19:16:28.051-04:00 Order failure | productId=11234 | userId=4582 | quantity=1 | status=FAILED | reason=Insufficient quantity for product id: 11234. Requested: 1, available: 0
2026-07-28T19:16:28.055-04:00 Order failure | productId=11234 | userId=4584 | quantity=581 | status=FAILED | reason=Insufficient quantity for product id: 11234. Requested: 581, available: 0
2026-07-28T19:16:28.060-04:00 Order failure | productId=11234 | userId=4585 | quantity=157 | status=FAILED | reason=Insufficient quantity for product id: 11234. Requested: 157, available: 0
2026-07-28T19:16:28.065-04:00 Order failure | productId=11234 | userId=4586 | quantity=514 | status=FAILED | reason=Insufficient quantity for product id: 11234. Requested: 514, available: 0
2026-07-28T19:16:28.070-04:00 Order failure | productId=11234 | userId=4587 | quantity=584 | status=FAILED | reason=Insufficient quantity for product id: 11234. Requested: 584, available: 0
2026-07-28T19:16:28.075-04:00 Order failure | productId=11234 | userId=4588 | quantity=468 | status=FAILED | reason=Insufficient quantity for product id: 11234. Requested: 468, available: 0
2026-07-28T19:16:28.081-04:00 Order failure | productId=11234 | userId=4589 | quantity=707 | status=FAILED | reason=Insufficient quantity for product id: 11234. Requested: 707, available: 0
2026-07-28T19:16:28.087-04:00 Order failure | productId=1301 | userId=4590 | quantity=864 | status=FAILED | reason=Insufficient quantity for product id: 1301. Requested: 864, available: 0
2026-07-28T19:16:28.090-04:00 Order failure | productId=1301 | userId=4591 | quantity=728 | status=FAILED | reason=Insufficient quantity for product id: 1301. Requested: 728, available: 0
2026-07-28T19:16:28.098-04:00 Order failure | productId=1301 | userId=4592 | quantity=174 | status=FAILED | reason=Insufficient quantity for product id: 1301. Requested: 174, available: 0
2026-07-28T19:16:28.101-04:00 Order failure | productId=1301 | userId=4593 | quantity=533 | status=FAILED | reason=Insufficient quantity for product id: 1301. Requested: 533, available: 0
2026-07-28T19:16:28.105-04:00 Order failure | productId=11234 | userId=4594 | quantity=807 | status=FAILED | reason=Insufficient quantity for product id: 11234. Requested: 807, available: 0
2026-07-28T19:16:28.110-04:00 Order failure | productId=1301 | userId=4595 | quantity=238 | status=FAILED | reason=Insufficient quantity for product id: 1301. Requested: 238, available: 0
2026-07-28T19:16:28.116-04:00 Order failure | productId=11234 | userId=4596 | quantity=874 | status=FAILED | reason=Insufficient quantity for product id: 11234. Requested: 874, available: 0
2026-07-28T19:16:28.121-04:00 Order failure | productId=11234 | userId=4597 | quantity=255 | status=FAILED | reason=Insufficient quantity for product id: 11234. Requested: 255, available: 0
2026-07-28T19:16:28.126-04:00 Order failure | productId=1301 | userId=4598 | quantity=455 | status=FAILED | reason=Insufficient quantity for product id: 1301. Requested: 455, available: 0
2026-07-28T19:16:28.131-04:00 Order failure | productId=1301 | userId=4599 | quantity=526 | status=FAILED | reason=Insufficient quantity for product id: 1301. Requested: 526, available: 0
2026-07-28T19:16:28.135-04:00 Order failure | productId=11234 | userId=4600 | quantity=46 | status=FAILED | reason=Insufficient quantity for product id: 11234. Requested: 46, available: 0
2026-07-28T19:16:28.141-04:00 Order failure | productId=1301 | userId=4601 | quantity=37 | status=FAILED | reason=Insufficient quantity for product id: 1301. Requested: 37, available: 0
2026-07-28T19:16:28.148-04:00 Order failure | productId=1301 | userId=4602 | quantity=922 | status=FAILED | reason=Insufficient quantity for product id: 1301. Requested: 922, available: 0
2026-07-28T19:16:28.152-04:00 Order failure | productId=11234 | userId=4603 | quantity=908 | status=FAILED | reason=Insufficient quantity for product id: 11234. Requested: 908, available: 0
2026-07-28T19:16:28.156-04:00 Order failure | productId=1301 | userId=4604 | quantity=255 | status=FAILED | reason=Insufficient quantity for product id: 1301. Requested: 255, available: 0
2026-07-28T19:16:28.160-04:00 Order failure | productId=1301 | userId=4605 | quantity=693 | status=FAILED | reason=Insufficient quantity for product id: 1301. Requested: 693, available: 0
2026-07-28T19:16:28.166-04:00 Order failure | productId=1301 | userId=4606 | quantity=724 | status=FAILED | reason=Insufficient quantity for product id: 1301. Requested: 724, available: 0
2026-07-28T19:16:28.170-04:00 Order failure | productId=1301 | userId=4607 | quantity=935 | status=FAILED | reason=Insufficient quantity for product id: 1301. Requested: 935, available: 0
2026-07-28T19:16:28.176-04:00 Order failure | productId=11234 | userId=4608 | quantity=764 | status=FAILED | reason=Insufficient quantity for product id: 11234. Requested: 764, available: 0
2026-07-28T19:16:28.181-04:00 Order failure | productId=1301 | userId=4609 | quantity=138 | status=FAILED | reason=Insufficient quantity for product id: 1301. Requested: 138, available: 0
2026-07-28T19:16:28.186-04:00 Order failure | productId=1301 | userId=4610 | quantity=681 | status=FAILED | reason=Insufficient quantity for product id: 1301. Requested: 681, available: 0
2026-07-28T19:16:28.190-04:00 Order failure | productId=11234 | userId=4611 | quantity=976 | status=FAILED | reason=Insufficient quantity for product id: 11234. Requested: 976, available: 0
2026-07-28T19:16:28.198-04:00 Order failure | productId=11234 | userId=4612 | quantity=281 | status=FAILED | reason=Insufficient quantity for product id: 11234. Requested: 281, available: 0
2026-07-28T19:16:28.202-04:00 Order failure | productId=1301 | userId=4613 | quantity=177 | status=FAILED | reason=Insufficient quantity for product id: 1301. Requested: 177, available: 0
2026-07-28T19:16:28.206-04:00 Order failure | productId=11234 | userId=4614 | quantity=117 | status=FAILED | reason=Insufficient quantity for product id: 11234. Requested: 117, available: 0
2026-07-28T19:16:28.210-04:00 Order failure | productId=11234 | userId=4615 | quantity=591 | status=FAILED | reason=Insufficient quantity for product id: 11234. Requested: 591, available: 0
2026-07-28T19:16:28.216-04:00 Order failure | productId=1301 | userId=4616 | quantity=671 | status=FAILED | reason=Insufficient quantity for product id: 1301. Requested: 671, available: 0
2026-07-28T19:16:28.220-04:00 Order failure | productId=11234 | userId=4617 | quantity=364 | status=FAILED | reason=Insufficient quantity for product id: 11234. Requested: 364, available: 0
2026-07-28T19:16:28.225-04:00 Order failure | productId=1301 | userId=4618 | quantity=42 | status=FAILED | reason=Insufficient quantity for product id: 1301. Requested: 42, available: 0
2026-07-28T19:16:28.231-04:00 Order failure | productId=11234 | userId=4619 | quantity=879 | status=FAILED | reason=Insufficient quantity for product id: 11234. Requested: 879, available: 0
2026-07-28T19:16:28.236-04:00 Order failure | productId=1301 | userId=4620 | quantity=775 | status=FAILED | reason=Insufficient quantity for product id: 1301. Requested: 775, available: 0
2026-07-28T19:16:28.239-04:00 Order failure | productId=1301 | userId=4621 | quantity=352 | status=FAILED | reason=Insufficient quantity for product id: 1301. Requested: 352, available: 0
2026-07-28T19:16:28.246-04:00 Order failure | productId=1301 | userId=4622 | quantity=541 | status=FAILED | reason=Insufficient quantity for product id: 1301. Requested: 541, available: 0
2026-07-28T19:16:28.250-04:00 Order failure | productId=1301 | userId=4623 | quantity=807 | status=FAILED | reason=Insufficient quantity for product id: 1301. Requested: 807, available: 0
2026-07-28T19:16:28.255-04:00 Order failure | productId=1301 | userId=4624 | quantity=579 | status=FAILED | reason=Insufficient quantity for product id: 1301. Requested: 579, available: 0
2026-07-28T19:16:28.259-04:00 Order failure | productId=1301 | userId=4625 | quantity=899 | status=FAILED | reason=Insufficient quantity for product id: 1301. Requested: 899, available: 0
2026-07-28T19:16:28.266-04:00 Order failure | productId=11234 | userId=4626 | quantity=959 | status=FAILED | reason=Insufficient quantity for product id: 11234. Requested: 959, available: 0
2026-07-28T19:16:28.271-04:00 Order failure | productId=11234 | userId=4627 | quantity=585 | status=FAILED | reason=Insufficient quantity for product id: 11234. Requested: 585, available: 0
2026-07-28T19:16:28.275-04:00 Order failure | productId=1301 | userId=4628 | quantity=73 | status=FAILED | reason=Insufficient quantity for product id: 1301. Requested: 73, available: 0
2026-07-28T19:16:28.280-04:00 Order failure | productId=11234 | userId=4629 | quantity=35 | status=FAILED | reason=Insufficient quantity for product id: 11234. Requested: 35, available: 0
2026-07-28T19:16:28.284-04:00 Order failure | productId=11234 | userId=4630 | quantity=77 | status=FAILED | reason=Insufficient quantity for product id: 11234. Requested: 77, available: 0
2026-07-28T19:16:28.292-04:00 Order failure | productId=11234 | userId=4631 | quantity=696 | status=FAILED | reason=Insufficient quantity for product id: 11234. Requested: 696, available: 0
2026-07-28T19:16:28.296-04:00 Order failure | productId=11234 | userId=4632 | quantity=79 | status=FAILED | reason=Insufficient quantity for product id: 11234. Requested: 79, available: 0
2026-07-28T19:16:28.303-04:00 Order failure | productId=1301 | userId=4633 | quantity=279 | status=FAILED | reason=Insufficient quantity for product id: 1301. Requested: 279, available: 0
2026-07-28T19:16:28.307-04:00 Order failure | productId=1301 | userId=4634 | quantity=884 | status=FAILED | reason=Insufficient quantity for product id: 1301. Requested: 884, available: 0
2026-07-28T19:16:28.311-04:00 Order failure | productId=1301 | userId=4635 | quantity=240 | status=FAILED | reason=Insufficient quantity for product id: 1301. Requested: 240, available: 0
2026-07-28T19:16:28.316-04:00 Order failure | productId=11234 | userId=4636 | quantity=662 | status=FAILED | reason=Insufficient quantity for product id: 11234. Requested: 662, available: 0
2026-07-28T19:16:28.320-04:00 Order failure | productId=1301 | userId=4637 | quantity=739 | status=FAILED | reason=Insufficient quantity for product id: 1301. Requested: 739, available: 0
2026-07-28T19:16:28.327-04:00 Order failure | productId=11234 | userId=4638 | quantity=125 | status=FAILED | reason=Insufficient quantity for product id: 11234. Requested: 125, available: 0
2026-07-28T19:16:28.331-04:00 Order failure | productId=11234 | userId=4639 | quantity=691 | status=FAILED | reason=Insufficient quantity for product id: 11234. Requested: 691, available: 0
2026-07-28T19:16:28.335-04:00 Order failure | productId=11234 | userId=4640 | quantity=369 | status=FAILED | reason=Insufficient quantity for product id: 11234. Requested: 369, available: 0
2026-07-28T19:16:28.342-04:00 Order failure | productId=1301 | userId=4641 | quantity=10 | status=FAILED | reason=Insufficient quantity for product id: 1301. Requested: 10, available: 0
2026-07-28T19:16:28.346-04:00 Order failure | productId=1301 | userId=4642 | quantity=188 | status=FAILED | reason=Insufficient quantity for product id: 1301. Requested: 188, available: 0
2026-07-28T19:16:28.352-04:00 Order failure | productId=11234 | userId=4643 | quantity=208 | status=FAILED | reason=Insufficient quantity for product id: 11234. Requested: 208, available: 0
2026-07-28T19:16:28.355-04:00 Order failure | productId=1301 | userId=4644 | quantity=628 | status=FAILED | reason=Insufficient quantity for product id: 1301. Requested: 628, available: 0
2026-07-28T19:16:28.362-04:00 Order failure | productId=1301 | userId=4645 | quantity=842 | status=FAILED | reason=Insufficient quantity for product id: 1301. Requested: 842, available: 0
2026-07-28T19:16:28.365-04:00 Order failure | productId=1301 | userId=4646 | quantity=459 | status=FAILED | reason=Insufficient quantity for product id: 1301. Requested: 459, available: 0
2026-07-28T19:16:28.371-04:00 Order failure | productId=1301 | userId=4647 | quantity=355 | status=FAILED | reason=Insufficient quantity for product id: 1301. Requested: 355, available: 0
2026-07-28T19:16:28.376-04:00 Order failure | productId=11234 | userId=4648 | quantity=719 | status=FAILED | reason=Insufficient quantity for product id: 11234. Requested: 719, available: 0
2026-07-28T19:16:28.381-04:00 Order failure | productId=1301 | userId=4649 | quantity=575 | status=FAILED | reason=Insufficient quantity for product id: 1301. Requested: 575, available: 0
2026-07-28T19:16:28.384-04:00 Order failure | productId=11234 | userId=4650 | quantity=248 | status=FAILED | reason=Insufficient quantity for product id: 11234. Requested: 248, available: 0
2026-07-28T19:16:28.390-04:00 Order failure | productId=1301 | userId=4651 | quantity=491 | status=FAILED | reason=Insufficient quantity for product id: 1301. Requested: 491, available: 0
2026-07-28T19:16:28.395-04:00 Order failure | productId=1301 | userId=4652 | quantity=866 | status=FAILED | reason=Insufficient quantity for product id: 1301. Requested: 866, available: 0
2026-07-28T19:16:28.399-04:00 Order failure | productId=11234 | userId=4653 | quantity=763 | status=FAILED | reason=Insufficient quantity for product id: 11234. Requested: 763, available: 0
2026-07-28T19:16:28.404-04:00 Order failure | productId=1301 | userId=4654 | quantity=844 | status=FAILED | reason=Insufficient quantity for product id: 1301. Requested: 844, available: 0
2026-07-28T19:16:28.412-04:00 Order failure | productId=1301 | userId=4655 | quantity=369 | status=FAILED | reason=Insufficient quantity for product id: 1301. Requested: 369, available: 0
2026-07-28T19:16:28.416-04:00 Order failure | productId=1301 | userId=4656 | quantity=36 | status=FAILED | reason=Insufficient quantity for product id: 1301. Requested: 36, available: 0
2026-07-28T19:16:28.421-04:00 Order failure | productId=1301 | userId=4657 | quantity=155 | status=FAILED | reason=Insufficient quantity for product id: 1301. Requested: 155, available: 0
2026-07-28T19:16:28.426-04:00 Order failure | productId=11234 | userId=4658 | quantity=535 | status=FAILED | reason=Insufficient quantity for product id: 11234. Requested: 535, available: 0
2026-07-28T19:16:28.430-04:00 Order failure | productId=11234 | userId=4659 | quantity=538 | status=FAILED | reason=Insufficient quantity for product id: 11234. Requested: 538, available: 0
2026-07-28T19:16:28.436-04:00 Order failure | productId=11234 | userId=4660 | quantity=191 | status=FAILED | reason=Insufficient quantity for product id: 11234. Requested: 191, available: 0
2026-07-28T19:16:28.441-04:00 Order failure | productId=11234 | userId=4661 | quantity=786 | status=FAILED | reason=Insufficient quantity for product id: 11234. Requested: 786, available: 0
2026-07-28T19:16:28.446-04:00 Order failure | productId=11234 | userId=4662 | quantity=544 | status=FAILED | reason=Insufficient quantity for product id: 11234. Requested: 544, available: 0
2026-07-28T19:16:28.450-04:00 Order failure | productId=11234 | userId=4663 | quantity=582 | status=FAILED | reason=Insufficient quantity for product id: 11234. Requested: 582, available: 0
2026-07-28T19:16:28.455-04:00 Order failure | productId=11234 | userId=4664 | quantity=824 | status=FAILED | reason=Insufficient quantity for product id: 11234. Requested: 824, available: 0
2026-07-28T19:16:28.460-04:00 Order failure | productId=11234 | userId=4665 | quantity=484 | status=FAILED | reason=Insufficient quantity for product id: 11234. Requested: 484, available: 0
2026-07-28T19:16:28.466-04:00 Order failure | productId=11234 | userId=4666 | quantity=494 | status=FAILED | reason=Insufficient quantity for product id: 11234. Requested: 494, available: 0
2026-07-28T19:16:28.470-04:00 Order failure | productId=11234 | userId=4667 | quantity=408 | status=FAILED | reason=Insufficient quantity for product id: 11234. Requested: 408, available: 0
2026-07-28T19:16:28.475-04:00 Order failure | productId=11234 | userId=4668 | quantity=721 | status=FAILED | reason=Insufficient quantity for product id: 11234. Requested: 721, available: 0
2026-07-28T19:16:28.481-04:00 Order failure | productId=11234 | userId=4669 | quantity=371 | status=FAILED | reason=Insufficient quantity for product id: 11234. Requested: 371, available: 0
2026-07-28T19:16:28.484-04:00 Order failure | productId=11234 | userId=4670 | quantity=909 | status=FAILED | reason=Insufficient quantity for product id: 11234. Requested: 909, available: 0
2026-07-28T19:16:28.490-04:00 Order failure | productId=1301 | userId=4671 | quantity=65 | status=FAILED | reason=Insufficient quantity for product id: 1301. Requested: 65, available: 0
2026-07-28T19:16:28.494-04:00 Order failure | productId=1301 | userId=4672 | quantity=937 | status=FAILED | reason=Insufficient quantity for product id: 1301. Requested: 937, available: 0
2026-07-28T19:16:28.500-04:00 Order failure | productId=1301 | userId=4673 | quantity=80 | status=FAILED | reason=Insufficient quantity for product id: 1301. Requested: 80, available: 0
2026-07-28T19:16:28.504-04:00 Order failure | productId=11234 | userId=4674 | quantity=717 | status=FAILED | reason=Insufficient quantity for product id: 11234. Requested: 717, available: 0
2026-07-28T19:16:28.510-04:00 Order failure | productId=11234 | userId=4675 | quantity=223 | status=FAILED | reason=Insufficient quantity for product id: 11234. Requested: 223, available: 0
2026-07-28T19:16:28.516-04:00 Order failure | productId=11234 | userId=4676 | quantity=963 | status=FAILED | reason=Insufficient quantity for product id: 11234. Requested: 963, available: 0
2026-07-28T19:16:28.520-04:00 Order failure | productId=11234 | userId=4677 | quantity=146 | status=FAILED | reason=Insufficient quantity for product id: 11234. Requested: 146, available: 0
2026-07-28T19:16:28.526-04:00 Order failure | productId=1301 | userId=4678 | quantity=784 | status=FAILED | reason=Insufficient quantity for product id: 1301. Requested: 784, available: 0
2026-07-28T19:16:28.529-04:00 Order failure | productId=1301 | userId=4679 | quantity=746 | status=FAILED | reason=Insufficient quantity for product id: 1301. Requested: 746, available: 0
2026-07-28T19:16:28.535-04:00 Order failure | productId=11234 | userId=4680 | quantity=602 | status=FAILED | reason=Insufficient quantity for product id: 11234. Requested: 602, available: 0
2026-07-28T19:16:28.539-04:00 Order failure | productId=11234 | userId=4681 | quantity=891 | status=FAILED | reason=Insufficient quantity for product id: 11234. Requested: 891, available: 0
2026-07-28T19:16:28.545-04:00 Order failure | productId=11234 | userId=4682 | quantity=919 | status=FAILED | reason=Insufficient quantity for product id: 11234. Requested: 919, available: 0
2026-07-28T19:16:28.551-04:00 Order failure | productId=1301 | userId=4683 | quantity=714 | status=FAILED | reason=Insufficient quantity for product id: 1301. Requested: 714, available: 0
2026-07-28T19:16:28.555-04:00 Order failure | productId=1301 | userId=4684 | quantity=559 | status=FAILED | reason=Insufficient quantity for product id: 1301. Requested: 559, available: 0
2026-07-28T19:16:28.582-04:00 Order failure | productId=11234 | userId=4685 | quantity=502 | status=FAILED | reason=Insufficient quantity for product id: 11234. Requested: 502, available: 0
2026-07-28T19:16:28.582-04:00 Order failure | productId=11234 | userId=4687 | quantity=31 | status=FAILED | reason=Insufficient quantity for product id: 11234. Requested: 31, available: 0
2026-07-28T19:16:28.582-04:00 Order failure | productId=1301 | userId=4686 | quantity=453 | status=FAILED | reason=Insufficient quantity for product id: 1301. Requested: 453, available: 0
2026-07-28T19:16:28.585-04:00 Order failure | productId=11234 | userId=4690 | quantity=1000 | status=FAILED | reason=Insufficient quantity for product id: 11234. Requested: 1000, available: 0
2026-07-28T19:16:28.585-04:00 Order failure | productId=1301 | userId=4688 | quantity=917 | status=FAILED | reason=Insufficient quantity for product id: 1301. Requested: 917, available: 0
2026-07-28T19:16:28.585-04:00 Order failure | productId=11234 | userId=4689 | quantity=192 | status=FAILED | reason=Insufficient quantity for product id: 11234. Requested: 192, available: 0
2026-07-28T19:16:28.590-04:00 Order failure | productId=11234 | userId=4691 | quantity=998 | status=FAILED | reason=Insufficient quantity for product id: 11234. Requested: 998, available: 0
2026-07-28T19:16:28.595-04:00 Order failure | productId=11234 | userId=4692 | quantity=474 | status=FAILED | reason=Insufficient quantity for product id: 11234. Requested: 474, available: 0
2026-07-28T19:16:28.599-04:00 Order failure | productId=1301 | userId=4693 | quantity=122 | status=FAILED | reason=Insufficient quantity for product id: 1301. Requested: 122, available: 0
2026-07-28T19:16:28.606-04:00 Order failure | productId=11234 | userId=4694 | quantity=766 | status=FAILED | reason=Insufficient quantity for product id: 11234. Requested: 766, available: 0
2026-07-28T19:16:28.611-04:00 Order failure | productId=11234 | userId=4695 | quantity=455 | status=FAILED | reason=Insufficient quantity for product id: 11234. Requested: 455, available: 0
2026-07-28T19:16:28.616-04:00 Order failure | productId=11234 | userId=4696 | quantity=225 | status=FAILED | reason=Insufficient quantity for product id: 11234. Requested: 225, available: 0
2026-07-28T19:16:28.620-04:00 Order failure | productId=11234 | userId=4697 | quantity=909 | status=FAILED | reason=Insufficient quantity for product id: 11234. Requested: 909, available: 0
2026-07-28T19:16:28.625-04:00 Order failure | productId=1301 | userId=4698 | quantity=223 | status=FAILED | reason=Insufficient quantity for product id: 1301. Requested: 223, available: 0
2026-07-28T19:16:28.631-04:00 Order failure | productId=11234 | userId=4699 | quantity=113 | status=FAILED | reason=Insufficient quantity for product id: 11234. Requested: 113, available: 0
2026-07-28T19:16:28.635-04:00 Order failure | productId=1301 | userId=4700 | quantity=282 | status=FAILED | reason=Insufficient quantity for product id: 1301. Requested: 282, available: 0
2026-07-28T19:16:28.639-04:00 Order failure | productId=1301 | userId=4701 | quantity=462 | status=FAILED | reason=Insufficient quantity for product id: 1301. Requested: 462, available: 0
2026-07-28T19:16:28.645-04:00 Order failure | productId=11234 | userId=4702 | quantity=50 | status=FAILED | reason=Insufficient quantity for product id: 11234. Requested: 50, available: 0
2026-07-28T19:16:28.649-04:00 Order failure | productId=11234 | userId=4703 | quantity=208 | status=FAILED | reason=Insufficient quantity for product id: 11234. Requested: 208, available: 0
2026-07-28T19:16:28.656-04:00 Order failure | productId=11234 | userId=4704 | quantity=122 | status=FAILED | reason=Insufficient quantity for product id: 11234. Requested: 122, available: 0
2026-07-28T19:16:28.659-04:00 Order failure | productId=1301 | userId=4705 | quantity=406 | status=FAILED | reason=Insufficient quantity for product id: 1301. Requested: 406, available: 0
2026-07-28T19:16:28.666-04:00 Order failure | productId=1301 | userId=4706 | quantity=682 | status=FAILED | reason=Insufficient quantity for product id: 1301. Requested: 682, available: 0
2026-07-28T19:16:28.672-04:00 Order failure | productId=1301 | userId=4707 | quantity=624 | status=FAILED | reason=Insufficient quantity for product id: 1301. Requested: 624, available: 0
2026-07-28T19:16:28.677-04:00 Order failure | productId=1301 | userId=4708 | quantity=697 | status=FAILED | reason=Insufficient quantity for product id: 1301. Requested: 697, available: 0
2026-07-28T19:16:28.681-04:00 Order failure | productId=1301 | userId=4709 | quantity=460 | status=FAILED | reason=Insufficient quantity for product id: 1301. Requested: 460, available: 0
2026-07-28T19:16:28.687-04:00 Order failure | productId=1301 | userId=4710 | quantity=817 | status=FAILED | reason=Insufficient quantity for product id: 1301. Requested: 817, available: 0
2026-07-28T19:16:28.690-04:00 Order failure | productId=1301 | userId=4711 | quantity=182 | status=FAILED | reason=Insufficient quantity for product id: 1301. Requested: 182, available: 0
2026-07-28T19:16:28.697-04:00 Order failure | productId=11234 | userId=4712 | quantity=263 | status=FAILED | reason=Insufficient quantity for product id: 11234. Requested: 263, available: 0
2026-07-28T19:16:28.701-04:00 Order failure | productId=1301 | userId=4713 | quantity=257 | status=FAILED | reason=Insufficient quantity for product id: 1301. Requested: 257, available: 0
2026-07-28T19:16:28.706-04:00 Order failure | productId=1301 | userId=4714 | quantity=990 | status=FAILED | reason=Insufficient quantity for product id: 1301. Requested: 990, available: 0
2026-07-28T19:16:28.711-04:00 Order failure | productId=1301 | userId=4715 | quantity=20 | status=FAILED | reason=Insufficient quantity for product id: 1301. Requested: 20, available: 0
2026-07-28T19:16:28.715-04:00 Order failure | productId=11234 | userId=4716 | quantity=801 | status=FAILED | reason=Insufficient quantity for product id: 11234. Requested: 801, available: 0
2026-07-28T19:16:28.720-04:00 Order failure | productId=1301 | userId=4717 | quantity=824 | status=FAILED | reason=Insufficient quantity for product id: 1301. Requested: 824, available: 0
2026-07-28T19:16:28.726-04:00 Order failure | productId=11234 | userId=4718 | quantity=566 | status=FAILED | reason=Insufficient quantity for product id: 11234. Requested: 566, available: 0
2026-07-28T19:16:28.731-04:00 Order failure | productId=1301 | userId=4719 | quantity=379 | status=FAILED | reason=Insufficient quantity for product id: 1301. Requested: 379, available: 0
2026-07-28T19:16:28.736-04:00 Order failure | productId=1301 | userId=4720 | quantity=212 | status=FAILED | reason=Insufficient quantity for product id: 1301. Requested: 212, available: 0
2026-07-28T19:16:28.741-04:00 Order failure | productId=1301 | userId=4721 | quantity=97 | status=FAILED | reason=Insufficient quantity for product id: 1301. Requested: 97, available: 0
2026-07-28T19:16:28.745-04:00 Order failure | productId=1301 | userId=4722 | quantity=88 | status=FAILED | reason=Insufficient quantity for product id: 1301. Requested: 88, available: 0
2026-07-28T19:16:28.750-04:00 Order failure | productId=1301 | userId=4723 | quantity=855 | status=FAILED | reason=Insufficient quantity for product id: 1301. Requested: 855, available: 0
2026-07-28T19:16:28.754-04:00 Order failure | productId=11234 | userId=4724 | quantity=319 | status=FAILED | reason=Insufficient quantity for product id: 11234. Requested: 319, available: 0
2026-07-28T19:16:28.760-04:00 Order failure | productId=11234 | userId=4725 | quantity=77 | status=FAILED | reason=Insufficient quantity for product id: 11234. Requested: 77, available: 0
2026-07-28T19:16:28.765-04:00 Order failure | productId=1301 | userId=4726 | quantity=988 | status=FAILED | reason=Insufficient quantity for product id: 1301. Requested: 988, available: 0
2026-07-28T19:16:28.777-04:00 Order failure | productId=11234 | userId=4727 | quantity=455 | status=FAILED | reason=Insufficient quantity for product id: 11234. Requested: 455, available: 0
2026-07-28T19:16:28.781-04:00 Order failure | productId=11234 | userId=4728 | quantity=594 | status=FAILED | reason=Insufficient quantity for product id: 11234. Requested: 594, available: 0
2026-07-28T19:16:28.785-04:00 Order failure | productId=1301 | userId=4729 | quantity=220 | status=FAILED | reason=Insufficient quantity for product id: 1301. Requested: 220, available: 0
2026-07-28T19:16:28.789-04:00 Order failure | productId=1301 | userId=4730 | quantity=734 | status=FAILED | reason=Insufficient quantity for product id: 1301. Requested: 734, available: 0
2026-07-28T19:16:28.796-04:00 Order failure | productId=11234 | userId=4731 | quantity=397 | status=FAILED | reason=Insufficient quantity for product id: 11234. Requested: 397, available: 0
2026-07-28T19:16:28.800-04:00 Order failure | productId=11234 | userId=4732 | quantity=389 | status=FAILED | reason=Insufficient quantity for product id: 11234. Requested: 389, available: 0
2026-07-28T19:16:28.805-04:00 Order failure | productId=11234 | userId=4733 | quantity=107 | status=FAILED | reason=Insufficient quantity for product id: 11234. Requested: 107, available: 0
2026-07-28T19:16:28.810-04:00 Order failure | productId=1301 | userId=4734 | quantity=852 | status=FAILED | reason=Insufficient quantity for product id: 1301. Requested: 852, available: 0
2026-07-28T19:16:28.816-04:00 Order failure | productId=11234 | userId=4735 | quantity=960 | status=FAILED | reason=Insufficient quantity for product id: 11234. Requested: 960, available: 0
2026-07-28T19:16:28.821-04:00 Order failure | productId=11234 | userId=4737 | quantity=704 | status=FAILED | reason=Insufficient quantity for product id: 11234. Requested: 704, available: 0
2026-07-28T19:16:28.821-04:00 Order failure | productId=11234 | userId=4736 | quantity=838 | status=FAILED | reason=Insufficient quantity for product id: 11234. Requested: 838, available: 0
2026-07-28T19:16:28.826-04:00 Order failure | productId=11234 | userId=4738 | quantity=835 | status=FAILED | reason=Insufficient quantity for product id: 11234. Requested: 835, available: 0
2026-07-28T19:16:28.833-04:00 Order failure | productId=11234 | userId=4739 | quantity=74 | status=FAILED | reason=Insufficient quantity for product id: 11234. Requested: 74, available: 0
2026-07-28T19:16:28.837-04:00 Order failure | productId=1301 | userId=4740 | quantity=979 | status=FAILED | reason=Insufficient quantity for product id: 1301. Requested: 979, available: 0
2026-07-28T19:16:28.842-04:00 Order failure | productId=1301 | userId=4741 | quantity=233 | status=FAILED | reason=Insufficient quantity for product id: 1301. Requested: 233, available: 0
2026-07-28T19:16:28.849-04:00 Order failure | productId=11234 | userId=4742 | quantity=757 | status=FAILED | reason=Insufficient quantity for product id: 11234. Requested: 757, available: 0
2026-07-28T19:16:28.852-04:00 Order failure | productId=11234 | userId=4743 | quantity=393 | status=FAILED | reason=Insufficient quantity for product id: 11234. Requested: 393, available: 0
2026-07-28T19:16:28.858-04:00 Order failure | productId=1301 | userId=4744 | quantity=869 | status=FAILED | reason=Insufficient quantity for product id: 1301. Requested: 869, available: 0
2026-07-28T19:16:28.861-04:00 Order failure | productId=1301 | userId=4745 | quantity=405 | status=FAILED | reason=Insufficient quantity for product id: 1301. Requested: 405, available: 0
2026-07-28T19:16:28.866-04:00 Order failure | productId=11234 | userId=4746 | quantity=455 | status=FAILED | reason=Insufficient quantity for product id: 11234. Requested: 455, available: 0
2026-07-28T19:16:28.875-04:00 Order failure | productId=11234 | userId=4747 | quantity=133 | status=FAILED | reason=Insufficient quantity for product id: 11234. Requested: 133, available: 0
2026-07-28T19:16:28.880-04:00 Order failure | productId=11234 | userId=4748 | quantity=8 | status=FAILED | reason=Insufficient quantity for product id: 11234. Requested: 8, available: 0
2026-07-28T19:16:28.885-04:00 Order failure | productId=11234 | userId=4749 | quantity=636 | status=FAILED | reason=Insufficient quantity for product id: 11234. Requested: 636, available: 0
2026-07-28T19:16:28.890-04:00 Order failure | productId=11234 | userId=4750 | quantity=612 | status=FAILED | reason=Insufficient quantity for product id: 11234. Requested: 612, available: 0
2026-07-28T19:16:28.893-04:00 Order failure | productId=1301 | userId=4751 | quantity=96 | status=FAILED | reason=Insufficient quantity for product id: 1301. Requested: 96, available: 0
2026-07-28T19:16:28.899-04:00 Order failure | productId=11234 | userId=4752 | quantity=988 | status=FAILED | reason=Insufficient quantity for product id: 11234. Requested: 988, available: 0
2026-07-28T19:16:28.902-04:00 Order failure | productId=1301 | userId=4753 | quantity=587 | status=FAILED | reason=Insufficient quantity for product id: 1301. Requested: 587, available: 0
2026-07-28T19:16:28.907-04:00 Order failure | productId=11234 | userId=4754 | quantity=405 | status=FAILED | reason=Insufficient quantity for product id: 11234. Requested: 405, available: 0
2026-07-28T19:16:28.917-04:00 Order failure | productId=11234 | userId=4755 | quantity=816 | status=FAILED | reason=Insufficient quantity for product id: 11234. Requested: 816, available: 0
2026-07-28T19:16:28.923-04:00 Order failure | productId=1301 | userId=4756 | quantity=83 | status=FAILED | reason=Insufficient quantity for product id: 1301. Requested: 83, available: 0
2026-07-28T19:16:28.926-04:00 Order failure | productId=11234 | userId=4757 | quantity=557 | status=FAILED | reason=Insufficient quantity for product id: 11234. Requested: 557, available: 0
2026-07-28T19:16:28.928-04:00 Order failure | productId=11234 | userId=4758 | quantity=407 | status=FAILED | reason=Insufficient quantity for product id: 11234. Requested: 407, available: 0
2026-07-28T19:16:28.933-04:00 Order failure | productId=1301 | userId=4759 | quantity=567 | status=FAILED | reason=Insufficient quantity for product id: 1301. Requested: 567, available: 0
2026-07-28T19:16:28.936-04:00 Order failure | productId=1301 | userId=4760 | quantity=544 | status=FAILED | reason=Insufficient quantity for product id: 1301. Requested: 544, available: 0
2026-07-28T19:16:28.939-04:00 Order failure | productId=11234 | userId=4761 | quantity=725 | status=FAILED | reason=Insufficient quantity for product id: 11234. Requested: 725, available: 0
2026-07-28T19:16:28.945-04:00 Order failure | productId=11234 | userId=4762 | quantity=65 | status=FAILED | reason=Insufficient quantity for product id: 11234. Requested: 65, available: 0
2026-07-28T19:16:28.955-04:00 Order failure | productId=1301 | userId=4763 | quantity=744 | status=FAILED | reason=Insufficient quantity for product id: 1301. Requested: 744, available: 0
2026-07-28T19:16:28.959-04:00 Order failure | productId=1301 | userId=4764 | quantity=387 | status=FAILED | reason=Insufficient quantity for product id: 1301. Requested: 387, available: 0
2026-07-28T19:16:28.963-04:00 Order failure | productId=1301 | userId=4765 | quantity=224 | status=FAILED | reason=Insufficient quantity for product id: 1301. Requested: 224, available: 0
2026-07-28T19:16:28.965-04:00 Order failure | productId=1301 | userId=4766 | quantity=762 | status=FAILED | reason=Insufficient quantity for product id: 1301. Requested: 762, available: 0
2026-07-28T19:16:28.971-04:00 Order failure | productId=1301 | userId=4767 | quantity=881 | status=FAILED | reason=Insufficient quantity for product id: 1301. Requested: 881, available: 0
2026-07-28T19:16:28.977-04:00 Order failure | productId=11234 | userId=4768 | quantity=641 | status=FAILED | reason=Insufficient quantity for product id: 11234. Requested: 641, available: 0
2026-07-28T19:16:28.980-04:00 Order failure | productId=11234 | userId=4769 | quantity=166 | status=FAILED | reason=Insufficient quantity for product id: 11234. Requested: 166, available: 0
2026-07-28T19:16:28.987-04:00 Order failure | productId=11234 | userId=4770 | quantity=588 | status=FAILED | reason=Insufficient quantity for product id: 11234. Requested: 588, available: 0
2026-07-28T19:16:28.991-04:00 Order failure | productId=11234 | userId=4771 | quantity=447 | status=FAILED | reason=Insufficient quantity for product id: 11234. Requested: 447, available: 0
2026-07-28T19:16:28.997-04:00 Order failure | productId=1301 | userId=4772 | quantity=872 | status=FAILED | reason=Insufficient quantity for product id: 1301. Requested: 872, available: 0
2026-07-28T19:16:29.000-04:00 Order failure | productId=11234 | userId=4773 | quantity=570 | status=FAILED | reason=Insufficient quantity for product id: 11234. Requested: 570, available: 0
2026-07-28T19:16:29.006-04:00 Order failure | productId=1301 | userId=4774 | quantity=596 | status=FAILED | reason=Insufficient quantity for product id: 1301. Requested: 596, available: 0
2026-07-28T19:16:29.010-04:00 Order failure | productId=1301 | userId=4775 | quantity=766 | status=FAILED | reason=Insufficient quantity for product id: 1301. Requested: 766, available: 0
2026-07-28T19:16:29.016-04:00 Order failure | productId=11234 | userId=4776 | quantity=170 | status=FAILED | reason=Insufficient quantity for product id: 11234. Requested: 170, available: 0
2026-07-28T19:16:29.021-04:00 Order failure | productId=1301 | userId=4777 | quantity=183 | status=FAILED | reason=Insufficient quantity for product id: 1301. Requested: 183, available: 0
2026-07-28T19:16:29.025-04:00 Order failure | productId=1301 | userId=4778 | quantity=448 | status=FAILED | reason=Insufficient quantity for product id: 1301. Requested: 448, available: 0
2026-07-28T19:16:29.032-04:00 Order failure | productId=11234 | userId=4779 | quantity=775 | status=FAILED | reason=Insufficient quantity for product id: 11234. Requested: 775, available: 0
2026-07-28T19:16:29.036-04:00 Order failure | productId=11234 | userId=4780 | quantity=824 | status=FAILED | reason=Insufficient quantity for product id: 11234. Requested: 824, available: 0
2026-07-28T19:16:29.039-04:00 Order failure | productId=11234 | userId=4781 | quantity=699 | status=FAILED | reason=Insufficient quantity for product id: 11234. Requested: 699, available: 0
2026-07-28T19:16:29.046-04:00 Order failure | productId=1301 | userId=4782 | quantity=978 | status=FAILED | reason=Insufficient quantity for product id: 1301. Requested: 978, available: 0
2026-07-28T19:16:29.049-04:00 Order failure | productId=1301 | userId=4783 | quantity=20 | status=FAILED | reason=Insufficient quantity for product id: 1301. Requested: 20, available: 0
2026-07-28T19:16:29.057-04:00 Order failure | productId=1301 | userId=4784 | quantity=976 | status=FAILED | reason=Insufficient quantity for product id: 1301. Requested: 976, available: 0
2026-07-28T19:16:29.061-04:00 Order failure | productId=1301 | userId=4785 | quantity=5 | status=FAILED | reason=Insufficient quantity for product id: 1301. Requested: 5, available: 0
2026-07-28T19:16:29.065-04:00 Order failure | productId=1301 | userId=4786 | quantity=177 | status=FAILED | reason=Insufficient quantity for product id: 1301. Requested: 177, available: 0
2026-07-28T19:16:29.070-04:00 Order failure | productId=11234 | userId=4787 | quantity=943 | status=FAILED | reason=Insufficient quantity for product id: 11234. Requested: 943, available: 0
2026-07-28T19:16:29.075-04:00 Order failure | productId=11234 | userId=4788 | quantity=33 | status=FAILED | reason=Insufficient quantity for product id: 11234. Requested: 33, available: 0
2026-07-28T19:16:29.081-04:00 Order failure | productId=1301 | userId=4789 | quantity=412 | status=FAILED | reason=Insufficient quantity for product id: 1301. Requested: 412, available: 0
2026-07-28T19:16:29.086-04:00 Order failure | productId=11234 | userId=4790 | quantity=396 | status=FAILED | reason=Insufficient quantity for product id: 11234. Requested: 396, available: 0
2026-07-28T19:16:29.091-04:00 Order failure | productId=1301 | userId=4791 | quantity=736 | status=FAILED | reason=Insufficient quantity for product id: 1301. Requested: 736, available: 0
2026-07-28T19:16:29.097-04:00 Order failure | productId=11234 | userId=4792 | quantity=766 | status=FAILED | reason=Insufficient quantity for product id: 11234. Requested: 766, available: 0
2026-07-28T19:16:29.101-04:00 Order failure | productId=11234 | userId=4793 | quantity=923 | status=FAILED | reason=Insufficient quantity for product id: 11234. Requested: 923, available: 0
2026-07-28T19:16:29.105-04:00 Order failure | productId=1301 | userId=4794 | quantity=597 | status=FAILED | reason=Insufficient quantity for product id: 1301. Requested: 597, available: 0
2026-07-28T19:16:29.111-04:00 Order failure | productId=11234 | userId=4795 | quantity=659 | status=FAILED | reason=Insufficient quantity for product id: 11234. Requested: 659, available: 0
2026-07-28T19:16:29.117-04:00 Order failure | productId=1301 | userId=4796 | quantity=827 | status=FAILED | reason=Insufficient quantity for product id: 1301. Requested: 827, available: 0
2026-07-28T19:16:29.120-04:00 Order failure | productId=11234 | userId=4797 | quantity=770 | status=FAILED | reason=Insufficient quantity for product id: 11234. Requested: 770, available: 0
2026-07-28T19:16:29.127-04:00 Order failure | productId=11234 | userId=4798 | quantity=606 | status=FAILED | reason=Insufficient quantity for product id: 11234. Requested: 606, available: 0
2026-07-28T19:16:29.131-04:00 Order failure | productId=1301 | userId=4799 | quantity=912 | status=FAILED | reason=Insufficient quantity for product id: 1301. Requested: 912, available: 0
2026-07-28T19:16:29.135-04:00 Order failure | productId=11234 | userId=4800 | quantity=625 | status=FAILED | reason=Insufficient quantity for product id: 11234. Requested: 625, available: 0
2026-07-28T19:16:29.142-04:00 Order failure | productId=11234 | userId=4801 | quantity=855 | status=FAILED | reason=Insufficient quantity for product id: 11234. Requested: 855, available: 0
2026-07-28T19:16:29.145-04:00 Order failure | productId=1301 | userId=4802 | quantity=2 | status=FAILED | reason=Insufficient quantity for product id: 1301. Requested: 2, available: 0
2026-07-28T19:16:29.151-04:00 Order failure | productId=1301 | userId=4803 | quantity=364 | status=FAILED | reason=Insufficient quantity for product id: 1301. Requested: 364, available: 0
2026-07-28T19:16:29.156-04:00 Order failure | productId=1301 | userId=4804 | quantity=714 | status=FAILED | reason=Insufficient quantity for product id: 1301. Requested: 714, available: 0
2026-07-28T19:16:29.159-04:00 Order failure | productId=1301 | userId=4805 | quantity=512 | status=FAILED | reason=Insufficient quantity for product id: 1301. Requested: 512, available: 0
2026-07-28T19:16:29.166-04:00 Order failure | productId=11234 | userId=4806 | quantity=832 | status=FAILED | reason=Insufficient quantity for product id: 11234. Requested: 832, available: 0
2026-07-28T19:16:29.171-04:00 Order failure | productId=11234 | userId=4807 | quantity=139 | status=FAILED | reason=Insufficient quantity for product id: 11234. Requested: 139, available: 0
2026-07-28T19:16:29.175-04:00 Order failure | productId=11234 | userId=4808 | quantity=278 | status=FAILED | reason=Insufficient quantity for product id: 11234. Requested: 278, available: 0
2026-07-28T19:16:29.179-04:00 Order failure | productId=1301 | userId=4809 | quantity=874 | status=FAILED | reason=Insufficient quantity for product id: 1301. Requested: 874, available: 0
2026-07-28T19:16:29.185-04:00 Order failure | productId=11234 | userId=4810 | quantity=95 | status=FAILED | reason=Insufficient quantity for product id: 11234. Requested: 95, available: 0
2026-07-28T19:16:29.190-04:00 Order failure | productId=1301 | userId=4811 | quantity=112 | status=FAILED | reason=Insufficient quantity for product id: 1301. Requested: 112, available: 0
2026-07-28T19:16:29.198-04:00 Order failure | productId=11234 | userId=4812 | quantity=14 | status=FAILED | reason=Insufficient quantity for product id: 11234. Requested: 14, available: 0
2026-07-28T19:16:29.199-04:00 Order failure | productId=11234 | userId=4813 | quantity=627 | status=FAILED | reason=Insufficient quantity for product id: 11234. Requested: 627, available: 0
2026-07-28T19:16:29.206-04:00 Order failure | productId=1301 | userId=4814 | quantity=733 | status=FAILED | reason=Insufficient quantity for product id: 1301. Requested: 733, available: 0
2026-07-28T19:16:29.211-04:00 Order failure | productId=11234 | userId=4815 | quantity=309 | status=FAILED | reason=Insufficient quantity for product id: 11234. Requested: 309, available: 0
2026-07-28T19:16:29.217-04:00 Order failure | productId=1301 | userId=4816 | quantity=289 | status=FAILED | reason=Insufficient quantity for product id: 1301. Requested: 289, available: 0
2026-07-28T19:16:29.222-04:00 Order failure | productId=1301 | userId=4817 | quantity=247 | status=FAILED | reason=Insufficient quantity for product id: 1301. Requested: 247, available: 0
2026-07-28T19:16:29.226-04:00 Order failure | productId=11234 | userId=4818 | quantity=604 | status=FAILED | reason=Insufficient quantity for product id: 11234. Requested: 604, available: 0
2026-07-28T19:16:29.230-04:00 Order failure | productId=1301 | userId=4819 | quantity=952 | status=FAILED | reason=Insufficient quantity for product id: 1301. Requested: 952, available: 0
2026-07-28T19:16:29.235-04:00 Order failure | productId=1301 | userId=4820 | quantity=655 | status=FAILED | reason=Insufficient quantity for product id: 1301. Requested: 655, available: 0
2026-07-28T19:16:29.241-04:00 Order failure | productId=11234 | userId=4821 | quantity=947 | status=FAILED | reason=Insufficient quantity for product id: 11234. Requested: 947, available: 0
2026-07-28T19:16:29.246-04:00 Order failure | productId=1301 | userId=4822 | quantity=361 | status=FAILED | reason=Insufficient quantity for product id: 1301. Requested: 361, available: 0
2026-07-28T19:16:29.251-04:00 Order failure | productId=11234 | userId=4823 | quantity=893 | status=FAILED | reason=Insufficient quantity for product id: 11234. Requested: 893, available: 0
2026-07-28T19:16:29.256-04:00 Order failure | productId=1301 | userId=4824 | quantity=885 | status=FAILED | reason=Insufficient quantity for product id: 1301. Requested: 885, available: 0
2026-07-28T19:16:29.261-04:00 Order failure | productId=11234 | userId=4825 | quantity=572 | status=FAILED | reason=Insufficient quantity for product id: 11234. Requested: 572, available: 0
2026-07-28T19:16:29.265-04:00 Order failure | productId=11234 | userId=4826 | quantity=141 | status=FAILED | reason=Insufficient quantity for product id: 11234. Requested: 141, available: 0
2026-07-28T19:16:29.271-04:00 Order failure | productId=1301 | userId=4827 | quantity=848 | status=FAILED | reason=Insufficient quantity for product id: 1301. Requested: 848, available: 0
2026-07-28T19:16:29.275-04:00 Order failure | productId=11234 | userId=4828 | quantity=472 | status=FAILED | reason=Insufficient quantity for product id: 11234. Requested: 472, available: 0
2026-07-28T19:16:29.281-04:00 Order failure | productId=1301 | userId=4829 | quantity=734 | status=FAILED | reason=Insufficient quantity for product id: 1301. Requested: 734, available: 0
2026-07-28T19:16:29.286-04:00 Order failure | productId=1301 | userId=4830 | quantity=279 | status=FAILED | reason=Insufficient quantity for product id: 1301. Requested: 279, available: 0
2026-07-28T19:16:29.290-04:00 Order failure | productId=1301 | userId=4831 | quantity=932 | status=FAILED | reason=Insufficient quantity for product id: 1301. Requested: 932, available: 0
2026-07-28T19:16:29.295-04:00 Order failure | productId=11234 | userId=4832 | quantity=827 | status=FAILED | reason=Insufficient quantity for product id: 11234. Requested: 827, available: 0
2026-07-28T19:16:29.302-04:00 Order failure | productId=11234 | userId=4833 | quantity=390 | status=FAILED | reason=Insufficient quantity for product id: 11234. Requested: 390, available: 0
2026-07-28T19:16:29.305-04:00 Order failure | productId=11234 | userId=4834 | quantity=736 | status=FAILED | reason=Insufficient quantity for product id: 11234. Requested: 736, available: 0
2026-07-28T19:16:29.311-04:00 Order failure | productId=11234 | userId=4835 | quantity=744 | status=FAILED | reason=Insufficient quantity for product id: 11234. Requested: 744, available: 0
2026-07-28T19:16:29.316-04:00 Order failure | productId=11234 | userId=4836 | quantity=314 | status=FAILED | reason=Insufficient quantity for product id: 11234. Requested: 314, available: 0
2026-07-28T19:16:29.320-04:00 Order failure | productId=1301 | userId=4837 | quantity=39 | status=FAILED | reason=Insufficient quantity for product id: 1301. Requested: 39, available: 0
2026-07-28T19:16:29.325-04:00 Order failure | productId=1301 | userId=4838 | quantity=341 | status=FAILED | reason=Insufficient quantity for product id: 1301. Requested: 341, available: 0
2026-07-28T19:16:29.331-04:00 Order failure | productId=11234 | userId=4839 | quantity=577 | status=FAILED | reason=Insufficient quantity for product id: 11234. Requested: 577, available: 0
2026-07-28T19:16:29.336-04:00 Order failure | productId=1301 | userId=4840 | quantity=250 | status=FAILED | reason=Insufficient quantity for product id: 1301. Requested: 250, available: 0
2026-07-28T19:16:29.340-04:00 Order failure | productId=11234 | userId=4841 | quantity=408 | status=FAILED | reason=Insufficient quantity for product id: 11234. Requested: 408, available: 0
2026-07-28T19:16:29.347-04:00 Order failure | productId=11234 | userId=4842 | quantity=650 | status=FAILED | reason=Insufficient quantity for product id: 11234. Requested: 650, available: 0
2026-07-28T19:16:29.351-04:00 Order failure | productId=1301 | userId=4843 | quantity=242 | status=FAILED | reason=Insufficient quantity for product id: 1301. Requested: 242, available: 0
2026-07-28T19:16:29.355-04:00 Order failure | productId=11234 | userId=4844 | quantity=987 | status=FAILED | reason=Insufficient quantity for product id: 11234. Requested: 987, available: 0
2026-07-28T19:16:29.362-04:00 Order failure | productId=1301 | userId=4845 | quantity=856 | status=FAILED | reason=Insufficient quantity for product id: 1301. Requested: 856, available: 0
2026-07-28T19:16:29.365-04:00 Order failure | productId=1301 | userId=4846 | quantity=887 | status=FAILED | reason=Insufficient quantity for product id: 1301. Requested: 887, available: 0
2026-07-28T19:16:29.370-04:00 Order failure | productId=11234 | userId=4847 | quantity=21 | status=FAILED | reason=Insufficient quantity for product id: 11234. Requested: 21, available: 0
2026-07-28T19:16:29.375-04:00 Order failure | productId=11234 | userId=4848 | quantity=171 | status=FAILED | reason=Insufficient quantity for product id: 11234. Requested: 171, available: 0
2026-07-28T19:16:29.381-04:00 Order failure | productId=11234 | userId=4849 | quantity=57 | status=FAILED | reason=Insufficient quantity for product id: 11234. Requested: 57, available: 0
2026-07-28T19:16:29.384-04:00 Order failure | productId=11234 | userId=4850 | quantity=143 | status=FAILED | reason=Insufficient quantity for product id: 11234. Requested: 143, available: 0
2026-07-28T19:16:29.391-04:00 Order failure | productId=1301 | userId=4851 | quantity=136 | status=FAILED | reason=Insufficient quantity for product id: 1301. Requested: 136, available: 0
2026-07-28T19:16:29.394-04:00 Order failure | productId=1301 | userId=4852 | quantity=310 | status=FAILED | reason=Insufficient quantity for product id: 1301. Requested: 310, available: 0
2026-07-28T19:16:29.401-04:00 Order failure | productId=1301 | userId=4853 | quantity=971 | status=FAILED | reason=Insufficient quantity for product id: 1301. Requested: 971, available: 0
2026-07-28T19:16:29.404-04:00 Order failure | productId=11234 | userId=4854 | quantity=590 | status=FAILED | reason=Insufficient quantity for product id: 11234. Requested: 590, available: 0
2026-07-28T19:16:29.409-04:00 Order failure | productId=1301 | userId=4855 | quantity=592 | status=FAILED | reason=Insufficient quantity for product id: 1301. Requested: 592, available: 0
2026-07-28T19:16:29.415-04:00 Order failure | productId=1301 | userId=4856 | quantity=299 | status=FAILED | reason=Insufficient quantity for product id: 1301. Requested: 299, available: 0
2026-07-28T19:16:29.420-04:00 Order failure | productId=1301 | userId=4857 | quantity=778 | status=FAILED | reason=Insufficient quantity for product id: 1301. Requested: 778, available: 0
2026-07-28T19:16:29.427-04:00 Order failure | productId=11234 | userId=4858 | quantity=457 | status=FAILED | reason=Insufficient quantity for product id: 11234. Requested: 457, available: 0
2026-07-28T19:16:29.430-04:00 Order failure | productId=1301 | userId=4859 | quantity=967 | status=FAILED | reason=Insufficient quantity for product id: 1301. Requested: 967, available: 0
2026-07-28T19:16:29.437-04:00 Order failure | productId=11234 | userId=4860 | quantity=603 | status=FAILED | reason=Insufficient quantity for product id: 11234. Requested: 603, available: 0
2026-07-28T19:16:29.440-04:00 Order failure | productId=11234 | userId=4861 | quantity=503 | status=FAILED | reason=Insufficient quantity for product id: 11234. Requested: 503, available: 0
2026-07-28T19:16:29.445-04:00 Order failure | productId=11234 | userId=4862 | quantity=169 | status=FAILED | reason=Insufficient quantity for product id: 11234. Requested: 169, available: 0
2026-07-28T19:16:29.450-04:00 Order failure | productId=11234 | userId=4863 | quantity=807 | status=FAILED | reason=Insufficient quantity for product id: 11234. Requested: 807, available: 0
2026-07-28T19:16:29.454-04:00 Order failure | productId=11234 | userId=4864 | quantity=642 | status=FAILED | reason=Insufficient quantity for product id: 11234. Requested: 642, available: 0
2026-07-28T19:16:29.459-04:00 Order failure | productId=11234 | userId=4865 | quantity=203 | status=FAILED | reason=Insufficient quantity for product id: 11234. Requested: 203, available: 0
2026-07-28T19:16:29.463-04:00 Order failure | productId=1301 | userId=4866 | quantity=364 | status=FAILED | reason=Insufficient quantity for product id: 1301. Requested: 364, available: 0
2026-07-28T19:16:29.470-04:00 Order failure | productId=11234 | userId=4867 | quantity=181 | status=FAILED | reason=Insufficient quantity for product id: 11234. Requested: 181, available: 0
2026-07-28T19:16:29.473-04:00 Order failure | productId=1301 | userId=4868 | quantity=735 | status=FAILED | reason=Insufficient quantity for product id: 1301. Requested: 735, available: 0
2026-07-28T19:16:29.478-04:00 Order failure | productId=11234 | userId=4869 | quantity=759 | status=FAILED | reason=Insufficient quantity for product id: 11234. Requested: 759, available: 0
2026-07-28T19:16:29.486-04:00 Order failure | productId=11234 | userId=4870 | quantity=934 | status=FAILED | reason=Insufficient quantity for product id: 11234. Requested: 934, available: 0
2026-07-28T19:16:29.488-04:00 Order failure | productId=1301 | userId=4871 | quantity=997 | status=FAILED | reason=Insufficient quantity for product id: 1301. Requested: 997, available: 0
2026-07-28T19:16:29.497-04:00 Order failure | productId=11234 | userId=4872 | quantity=110 | status=FAILED | reason=Insufficient quantity for product id: 11234. Requested: 110, available: 0
2026-07-28T19:16:29.499-04:00 Order failure | productId=11234 | userId=4873 | quantity=176 | status=FAILED | reason=Insufficient quantity for product id: 11234. Requested: 176, available: 0
2026-07-28T19:16:29.505-04:00 Order failure | productId=1301 | userId=4874 | quantity=254 | status=FAILED | reason=Insufficient quantity for product id: 1301. Requested: 254, available: 0
2026-07-28T19:16:29.511-04:00 Order failure | productId=1301 | userId=4875 | quantity=853 | status=FAILED | reason=Insufficient quantity for product id: 1301. Requested: 853, available: 0
2026-07-28T19:16:29.514-04:00 Order failure | productId=1301 | userId=4876 | quantity=68 | status=FAILED | reason=Insufficient quantity for product id: 1301. Requested: 68, available: 0
2026-07-28T19:16:29.521-04:00 Order failure | productId=1301 | userId=4877 | quantity=828 | status=FAILED | reason=Insufficient quantity for product id: 1301. Requested: 828, available: 0
2026-07-28T19:16:29.525-04:00 Order failure | productId=1301 | userId=4878 | quantity=124 | status=FAILED | reason=Insufficient quantity for product id: 1301. Requested: 124, available: 0
2026-07-28T19:16:29.530-04:00 Order failure | productId=11234 | userId=4879 | quantity=23 | status=FAILED | reason=Insufficient quantity for product id: 11234. Requested: 23, available: 0
2026-07-28T19:16:29.534-04:00 Order failure | productId=11234 | userId=4880 | quantity=779 | status=FAILED | reason=Insufficient quantity for product id: 11234. Requested: 779, available: 0
2026-07-28T19:16:29.539-04:00 Order failure | productId=1301 | userId=4881 | quantity=32 | status=FAILED | reason=Insufficient quantity for product id: 1301. Requested: 32, available: 0
2026-07-28T19:16:29.544-04:00 Order failure | productId=11234 | userId=4882 | quantity=375 | status=FAILED | reason=Insufficient quantity for product id: 11234. Requested: 375, available: 0
2026-07-28T19:16:29.552-04:00 Order failure | productId=1301 | userId=4883 | quantity=702 | status=FAILED | reason=Insufficient quantity for product id: 1301. Requested: 702, available: 0
2026-07-28T19:16:29.555-04:00 Order failure | productId=1301 | userId=4884 | quantity=468 | status=FAILED | reason=Insufficient quantity for product id: 1301. Requested: 468, available: 0
2026-07-28T19:16:29.558-04:00 Order failure | productId=11234 | userId=4885 | quantity=687 | status=FAILED | reason=Insufficient quantity for product id: 11234. Requested: 687, available: 0
2026-07-28T19:16:29.563-04:00 Order failure | productId=1301 | userId=4886 | quantity=765 | status=FAILED | reason=Insufficient quantity for product id: 1301. Requested: 765, available: 0
2026-07-28T19:16:29.568-04:00 Order failure | productId=1301 | userId=4887 | quantity=327 | status=FAILED | reason=Insufficient quantity for product id: 1301. Requested: 327, available: 0
2026-07-28T19:16:29.575-04:00 Order failure | productId=1301 | userId=4888 | quantity=302 | status=FAILED | reason=Insufficient quantity for product id: 1301. Requested: 302, available: 0
2026-07-28T19:16:29.578-04:00 Order failure | productId=1301 | userId=4889 | quantity=348 | status=FAILED | reason=Insufficient quantity for product id: 1301. Requested: 348, available: 0
2026-07-28T19:16:29.584-04:00 Order failure | productId=1301 | userId=4890 | quantity=17 | status=FAILED | reason=Insufficient quantity for product id: 1301. Requested: 17, available: 0
2026-07-28T19:16:29.588-04:00 Order failure | productId=11234 | userId=4891 | quantity=95 | status=FAILED | reason=Insufficient quantity for product id: 11234. Requested: 95, available: 0
2026-07-28T19:16:29.593-04:00 Order failure | productId=1301 | userId=4892 | quantity=571 | status=FAILED | reason=Insufficient quantity for product id: 1301. Requested: 571, available: 0
2026-07-28T19:16:29.600-04:00 Order failure | productId=1301 | userId=4893 | quantity=807 | status=FAILED | reason=Insufficient quantity for product id: 1301. Requested: 807, available: 0
2026-07-28T19:16:29.605-04:00 Order failure | productId=1301 | userId=4894 | quantity=939 | status=FAILED | reason=Insufficient quantity for product id: 1301. Requested: 939, available: 0
2026-07-28T19:16:29.609-04:00 Order failure | productId=11234 | userId=4895 | quantity=684 | status=FAILED | reason=Insufficient quantity for product id: 11234. Requested: 684, available: 0
2026-07-28T19:16:29.615-04:00 Order failure | productId=11234 | userId=4896 | quantity=802 | status=FAILED | reason=Insufficient quantity for product id: 11234. Requested: 802, available: 0
2026-07-28T19:16:29.620-04:00 Order failure | productId=11234 | userId=4897 | quantity=102 | status=FAILED | reason=Insufficient quantity for product id: 11234. Requested: 102, available: 0
2026-07-28T19:16:29.628-04:00 Order failure | productId=11234 | userId=4898 | quantity=912 | status=FAILED | reason=Insufficient quantity for product id: 11234. Requested: 912, available: 0
2026-07-28T19:16:29.632-04:00 Order failure | productId=1301 | userId=4899 | quantity=549 | status=FAILED | reason=Insufficient quantity for product id: 1301. Requested: 549, available: 0
2026-07-28T19:16:29.635-04:00 Order failure | productId=1301 | userId=4900 | quantity=858 | status=FAILED | reason=Insufficient quantity for product id: 1301. Requested: 858, available: 0
2026-07-28T19:16:29.639-04:00 Order failure | productId=11234 | userId=4901 | quantity=113 | status=FAILED | reason=Insufficient quantity for product id: 11234. Requested: 113, available: 0
2026-07-28T19:16:29.645-04:00 Order failure | productId=1301 | userId=4902 | quantity=448 | status=FAILED | reason=Insufficient quantity for product id: 1301. Requested: 448, available: 0
2026-07-28T19:16:29.651-04:00 Order failure | productId=1301 | userId=4903 | quantity=261 | status=FAILED | reason=Insufficient quantity for product id: 1301. Requested: 261, available: 0
2026-07-28T19:16:29.655-04:00 Order failure | productId=1301 | userId=4904 | quantity=892 | status=FAILED | reason=Insufficient quantity for product id: 1301. Requested: 892, available: 0
2026-07-28T19:16:29.660-04:00 Order failure | productId=1301 | userId=4905 | quantity=340 | status=FAILED | reason=Insufficient quantity for product id: 1301. Requested: 340, available: 0
2026-07-28T19:16:29.667-04:00 Order failure | productId=11234 | userId=4906 | quantity=802 | status=FAILED | reason=Insufficient quantity for product id: 11234. Requested: 802, available: 0
2026-07-28T19:16:29.671-04:00 Order failure | productId=11234 | userId=4907 | quantity=744 | status=FAILED | reason=Insufficient quantity for product id: 11234. Requested: 744, available: 0
2026-07-28T19:16:29.676-04:00 Order failure | productId=11234 | userId=4908 | quantity=286 | status=FAILED | reason=Insufficient quantity for product id: 11234. Requested: 286, available: 0
2026-07-28T19:16:29.679-04:00 Order failure | productId=1301 | userId=4909 | quantity=505 | status=FAILED | reason=Insufficient quantity for product id: 1301. Requested: 505, available: 0
2026-07-28T19:16:29.687-04:00 Order failure | productId=11234 | userId=4910 | quantity=50 | status=FAILED | reason=Insufficient quantity for product id: 11234. Requested: 50, available: 0
2026-07-28T19:16:29.690-04:00 Order failure | productId=1301 | userId=4911 | quantity=958 | status=FAILED | reason=Insufficient quantity for product id: 1301. Requested: 958, available: 0
2026-07-28T19:16:29.695-04:00 Order failure | productId=1301 | userId=4912 | quantity=384 | status=FAILED | reason=Insufficient quantity for product id: 1301. Requested: 384, available: 0
2026-07-28T19:16:29.700-04:00 Order failure | productId=11234 | userId=4913 | quantity=686 | status=FAILED | reason=Insufficient quantity for product id: 11234. Requested: 686, available: 0
2026-07-28T19:16:29.705-04:00 Order failure | productId=1301 | userId=4914 | quantity=86 | status=FAILED | reason=Insufficient quantity for product id: 1301. Requested: 86, available: 0
2026-07-28T19:16:29.710-04:00 Order failure | productId=1301 | userId=4915 | quantity=211 | status=FAILED | reason=Insufficient quantity for product id: 1301. Requested: 211, available: 0
2026-07-28T19:16:29.717-04:00 Order failure | productId=11234 | userId=4916 | quantity=117 | status=FAILED | reason=Insufficient quantity for product id: 11234. Requested: 117, available: 0
2026-07-28T19:16:29.721-04:00 Order failure | productId=1301 | userId=4917 | quantity=693 | status=FAILED | reason=Insufficient quantity for product id: 1301. Requested: 693, available: 0
2026-07-28T19:16:29.726-04:00 Order failure | productId=1301 | userId=4918 | quantity=229 | status=FAILED | reason=Insufficient quantity for product id: 1301. Requested: 229, available: 0
2026-07-28T19:16:29.731-04:00 Order failure | productId=1301 | userId=4919 | quantity=28 | status=FAILED | reason=Insufficient quantity for product id: 1301. Requested: 28, available: 0
2026-07-28T19:16:29.736-04:00 Order failure | productId=1301 | userId=4920 | quantity=846 | status=FAILED | reason=Insufficient quantity for product id: 1301. Requested: 846, available: 0
2026-07-28T19:16:29.739-04:00 Order failure | productId=1301 | userId=4921 | quantity=542 | status=FAILED | reason=Insufficient quantity for product id: 1301. Requested: 542, available: 0
2026-07-28T19:16:29.745-04:00 Order failure | productId=1301 | userId=4922 | quantity=1 | status=FAILED | reason=Insufficient quantity for product id: 1301. Requested: 1, available: 0
2026-07-28T19:16:29.750-04:00 Order failure | productId=11234 | userId=4923 | quantity=173 | status=FAILED | reason=Insufficient quantity for product id: 11234. Requested: 173, available: 0
2026-07-28T19:16:29.755-04:00 Order failure | productId=1301 | userId=4924 | quantity=942 | status=FAILED | reason=Insufficient quantity for product id: 1301. Requested: 942, available: 0
2026-07-28T19:16:29.761-04:00 Order failure | productId=11234 | userId=4925 | quantity=478 | status=FAILED | reason=Insufficient quantity for product id: 11234. Requested: 478, available: 0
2026-07-28T19:16:29.764-04:00 Order failure | productId=1301 | userId=4926 | quantity=475 | status=FAILED | reason=Insufficient quantity for product id: 1301. Requested: 475, available: 0
2026-07-28T19:16:29.770-04:00 Order failure | productId=11234 | userId=4927 | quantity=90 | status=FAILED | reason=Insufficient quantity for product id: 11234. Requested: 90, available: 0
2026-07-28T19:16:29.775-04:00 Order failure | productId=11234 | userId=4928 | quantity=147 | status=FAILED | reason=Insufficient quantity for product id: 11234. Requested: 147, available: 0
2026-07-28T19:16:29.780-04:00 Order failure | productId=11234 | userId=4929 | quantity=972 | status=FAILED | reason=Insufficient quantity for product id: 11234. Requested: 972, available: 0
2026-07-28T19:16:29.785-04:00 Order failure | productId=1301 | userId=4930 | quantity=221 | status=FAILED | reason=Insufficient quantity for product id: 1301. Requested: 221, available: 0
2026-07-28T19:16:29.789-04:00 Order failure | productId=1301 | userId=4931 | quantity=965 | status=FAILED | reason=Insufficient quantity for product id: 1301. Requested: 965, available: 0
2026-07-28T19:16:29.796-04:00 Order failure | productId=1301 | userId=4932 | quantity=212 | status=FAILED | reason=Insufficient quantity for product id: 1301. Requested: 212, available: 0
2026-07-28T19:16:29.799-04:00 Order failure | productId=11234 | userId=4933 | quantity=32 | status=FAILED | reason=Insufficient quantity for product id: 11234. Requested: 32, available: 0
2026-07-28T19:16:29.805-04:00 Order failure | productId=11234 | userId=4934 | quantity=101 | status=FAILED | reason=Insufficient quantity for product id: 11234. Requested: 101, available: 0
2026-07-28T19:16:29.808-04:00 Order failure | productId=11234 | userId=4935 | quantity=177 | status=FAILED | reason=Insufficient quantity for product id: 11234. Requested: 177, available: 0
2026-07-28T19:16:29.815-04:00 Order failure | productId=1301 | userId=4936 | quantity=891 | status=FAILED | reason=Insufficient quantity for product id: 1301. Requested: 891, available: 0
2026-07-28T19:16:29.820-04:00 Order failure | productId=11234 | userId=4937 | quantity=65 | status=FAILED | reason=Insufficient quantity for product id: 11234. Requested: 65, available: 0
2026-07-28T19:16:29.824-04:00 Order failure | productId=11234 | userId=4938 | quantity=449 | status=FAILED | reason=Insufficient quantity for product id: 11234. Requested: 449, available: 0
2026-07-28T19:16:29.832-04:00 Order failure | productId=1301 | userId=4939 | quantity=633 | status=FAILED | reason=Insufficient quantity for product id: 1301. Requested: 633, available: 0
2026-07-28T19:16:29.835-04:00 Order failure | productId=11234 | userId=4940 | quantity=56 | status=FAILED | reason=Insufficient quantity for product id: 11234. Requested: 56, available: 0
2026-07-28T19:16:29.838-04:00 Order failure | productId=1301 | userId=4941 | quantity=290 | status=FAILED | reason=Insufficient quantity for product id: 1301. Requested: 290, available: 0
2026-07-28T19:16:29.844-04:00 Order failure | productId=1301 | userId=4942 | quantity=596 | status=FAILED | reason=Insufficient quantity for product id: 1301. Requested: 596, available: 0
2026-07-28T19:16:29.851-04:00 Order failure | productId=11234 | userId=4943 | quantity=77 | status=FAILED | reason=Insufficient quantity for product id: 11234. Requested: 77, available: 0
2026-07-28T19:16:29.855-04:00 Order failure | productId=11234 | userId=4944 | quantity=697 | status=FAILED | reason=Insufficient quantity for product id: 11234. Requested: 697, available: 0
2026-07-28T19:16:29.861-04:00 Order failure | productId=11234 | userId=4945 | quantity=958 | status=FAILED | reason=Insufficient quantity for product id: 11234. Requested: 958, available: 0
2026-07-28T19:16:29.865-04:00 Order failure | productId=11234 | userId=4946 | quantity=697 | status=FAILED | reason=Insufficient quantity for product id: 11234. Requested: 697, available: 0
2026-07-28T19:16:29.869-04:00 Order failure | productId=1301 | userId=4947 | quantity=337 | status=FAILED | reason=Insufficient quantity for product id: 1301. Requested: 337, available: 0
2026-07-28T19:16:29.874-04:00 Order failure | productId=11234 | userId=4948 | quantity=168 | status=FAILED | reason=Insufficient quantity for product id: 11234. Requested: 168, available: 0
2026-07-28T19:16:29.882-04:00 Order failure | productId=1301 | userId=4949 | quantity=347 | status=FAILED | reason=Insufficient quantity for product id: 1301. Requested: 347, available: 0
2026-07-28T19:16:29.886-04:00 Order failure | productId=11234 | userId=4950 | quantity=573 | status=FAILED | reason=Insufficient quantity for product id: 11234. Requested: 573, available: 0
2026-07-28T19:16:29.889-04:00 Order failure | productId=1301 | userId=4951 | quantity=963 | status=FAILED | reason=Insufficient quantity for product id: 1301. Requested: 963, available: 0
2026-07-28T19:16:29.895-04:00 Order failure | productId=1301 | userId=4952 | quantity=499 | status=FAILED | reason=Insufficient quantity for product id: 1301. Requested: 499, available: 0
2026-07-28T19:16:29.900-04:00 Order failure | productId=1301 | userId=4953 | quantity=133 | status=FAILED | reason=Insufficient quantity for product id: 1301. Requested: 133, available: 0
2026-07-28T19:16:29.906-04:00 Order failure | productId=1301 | userId=4954 | quantity=752 | status=FAILED | reason=Insufficient quantity for product id: 1301. Requested: 752, available: 0
2026-07-28T19:16:29.910-04:00 Order failure | productId=11234 | userId=4955 | quantity=150 | status=FAILED | reason=Insufficient quantity for product id: 11234. Requested: 150, available: 0
2026-07-28T19:16:29.915-04:00 Order failure | productId=1301 | userId=4956 | quantity=110 | status=FAILED | reason=Insufficient quantity for product id: 1301. Requested: 110, available: 0
2026-07-28T19:16:29.919-04:00 Order failure | productId=1301 | userId=4957 | quantity=613 | status=FAILED | reason=Insufficient quantity for product id: 1301. Requested: 613, available: 0
2026-07-28T19:16:29.926-04:00 Order failure | productId=1301 | userId=4958 | quantity=959 | status=FAILED | reason=Insufficient quantity for product id: 1301. Requested: 959, available: 0
2026-07-28T19:16:29.932-04:00 Order failure | productId=11234 | userId=4959 | quantity=193 | status=FAILED | reason=Insufficient quantity for product id: 11234. Requested: 193, available: 0
2026-07-28T19:16:29.935-04:00 Order failure | productId=1301 | userId=4960 | quantity=343 | status=FAILED | reason=Insufficient quantity for product id: 1301. Requested: 343, available: 0
2026-07-28T19:16:29.940-04:00 Order failure | productId=11234 | userId=4961 | quantity=866 | status=FAILED | reason=Insufficient quantity for product id: 11234. Requested: 866, available: 0
2026-07-28T19:16:29.944-04:00 Order failure | productId=1301 | userId=4962 | quantity=312 | status=FAILED | reason=Insufficient quantity for product id: 1301. Requested: 312, available: 0
2026-07-28T19:16:29.951-04:00 Order failure | productId=1301 | userId=4963 | quantity=458 | status=FAILED | reason=Insufficient quantity for product id: 1301. Requested: 458, available: 0
2026-07-28T19:16:29.955-04:00 Order failure | productId=11234 | userId=4964 | quantity=169 | status=FAILED | reason=Insufficient quantity for product id: 11234. Requested: 169, available: 0
2026-07-28T19:16:29.961-04:00 Order failure | productId=11234 | userId=4965 | quantity=261 | status=FAILED | reason=Insufficient quantity for product id: 11234. Requested: 261, available: 0
2026-07-28T19:16:29.966-04:00 Order failure | productId=1301 | userId=4966 | quantity=197 | status=FAILED | reason=Insufficient quantity for product id: 1301. Requested: 197, available: 0
2026-07-28T19:16:29.970-04:00 Order failure | productId=1301 | userId=4967 | quantity=508 | status=FAILED | reason=Insufficient quantity for product id: 1301. Requested: 508, available: 0
2026-07-28T19:16:29.976-04:00 Order failure | productId=1301 | userId=4968 | quantity=859 | status=FAILED | reason=Insufficient quantity for product id: 1301. Requested: 859, available: 0
2026-07-28T19:16:29.980-04:00 Order failure | productId=11234 | userId=4969 | quantity=504 | status=FAILED | reason=Insufficient quantity for product id: 11234. Requested: 504, available: 0
2026-07-28T19:16:29.986-04:00 Order failure | productId=1301 | userId=4970 | quantity=212 | status=FAILED | reason=Insufficient quantity for product id: 1301. Requested: 212, available: 0
2026-07-28T19:16:29.990-04:00 Order failure | productId=11234 | userId=4971 | quantity=974 | status=FAILED | reason=Insufficient quantity for product id: 11234. Requested: 974, available: 0
2026-07-28T19:16:29.995-04:00 Order failure | productId=11234 | userId=4972 | quantity=504 | status=FAILED | reason=Insufficient quantity for product id: 11234. Requested: 504, available: 0
2026-07-28T19:16:30.002-04:00 Order failure | productId=1301 | userId=4973 | quantity=634 | status=FAILED | reason=Insufficient quantity for product id: 1301. Requested: 634, available: 0
2026-07-28T19:16:30.005-04:00 Order failure | productId=11234 | userId=4974 | quantity=826 | status=FAILED | reason=Insufficient quantity for product id: 11234. Requested: 826, available: 0
2026-07-28T19:16:30.009-04:00 Order failure | productId=11234 | userId=4975 | quantity=756 | status=FAILED | reason=Insufficient quantity for product id: 11234. Requested: 756, available: 0
2026-07-28T19:16:30.014-04:00 Order failure | productId=11234 | userId=4976 | quantity=823 | status=FAILED | reason=Insufficient quantity for product id: 11234. Requested: 823, available: 0
2026-07-28T19:16:30.018-04:00 Order failure | productId=1301 | userId=4977 | quantity=634 | status=FAILED | reason=Insufficient quantity for product id: 1301. Requested: 634, available: 0
2026-07-28T19:16:30.025-04:00 Order failure | productId=1301 | userId=4978 | quantity=319 | status=FAILED | reason=Insufficient quantity for product id: 1301. Requested: 319, available: 0
2026-07-28T19:16:30.030-04:00 Order failure | productId=11234 | userId=4979 | quantity=118 | status=FAILED | reason=Insufficient quantity for product id: 11234. Requested: 118, available: 0
2026-07-28T19:16:30.034-04:00 Order failure | productId=1301 | userId=4980 | quantity=811 | status=FAILED | reason=Insufficient quantity for product id: 1301. Requested: 811, available: 0
2026-07-28T19:16:30.039-04:00 Order failure | productId=1301 | userId=4981 | quantity=423 | status=FAILED | reason=Insufficient quantity for product id: 1301. Requested: 423, available: 0
2026-07-28T19:16:30.046-04:00 Order failure | productId=1301 | userId=4982 | quantity=41 | status=FAILED | reason=Insufficient quantity for product id: 1301. Requested: 41, available: 0
2026-07-28T19:16:30.049-04:00 Order failure | productId=1301 | userId=4983 | quantity=738 | status=FAILED | reason=Insufficient quantity for product id: 1301. Requested: 738, available: 0
2026-07-28T19:16:30.055-04:00 Order failure | productId=1301 | userId=4984 | quantity=61 | status=FAILED | reason=Insufficient quantity for product id: 1301. Requested: 61, available: 0
2026-07-28T19:16:30.060-04:00 Order failure | productId=11234 | userId=4985 | quantity=313 | status=FAILED | reason=Insufficient quantity for product id: 11234. Requested: 313, available: 0
2026-07-28T19:16:30.064-04:00 Order failure | productId=1301 | userId=4986 | quantity=189 | status=FAILED | reason=Insufficient quantity for product id: 1301. Requested: 189, available: 0
2026-07-28T19:16:30.069-04:00 Order failure | productId=11234 | userId=4987 | quantity=896 | status=FAILED | reason=Insufficient quantity for product id: 11234. Requested: 896, available: 0
2026-07-28T19:16:30.074-04:00 Order failure | productId=11234 | userId=4988 | quantity=532 | status=FAILED | reason=Insufficient quantity for product id: 11234. Requested: 532, available: 0
2026-07-28T19:16:30.079-04:00 Order failure | productId=1301 | userId=4989 | quantity=903 | status=FAILED | reason=Insufficient quantity for product id: 1301. Requested: 903, available: 0
2026-07-28T19:16:30.085-04:00 Order failure | productId=1301 | userId=4990 | quantity=579 | status=FAILED | reason=Insufficient quantity for product id: 1301. Requested: 579, available: 0
2026-07-28T19:16:30.090-04:00 Order failure | productId=1301 | userId=4991 | quantity=653 | status=FAILED | reason=Insufficient quantity for product id: 1301. Requested: 653, available: 0
2026-07-28T19:16:30.095-04:00 Order failure | productId=11234 | userId=4992 | quantity=314 | status=FAILED | reason=Insufficient quantity for product id: 11234. Requested: 314, available: 0
2026-07-28T19:16:30.099-04:00 Order failure | productId=11234 | userId=4993 | quantity=598 | status=FAILED | reason=Insufficient quantity for product id: 11234. Requested: 598, available: 0
2026-07-28T19:16:30.105-04:00 Order failure | productId=1301 | userId=4994 | quantity=637 | status=FAILED | reason=Insufficient quantity for product id: 1301. Requested: 637, available: 0
2026-07-28T19:16:30.110-04:00 Order failure | productId=11234 | userId=4995 | quantity=507 | status=FAILED | reason=Insufficient quantity for product id: 11234. Requested: 507, available: 0
2026-07-28T19:16:30.114-04:00 Order failure | productId=11234 | userId=4996 | quantity=125 | status=FAILED | reason=Insufficient quantity for product id: 11234. Requested: 125, available: 0
2026-07-28T19:16:30.118-04:00 Order failure | productId=1301 | userId=4997 | quantity=232 | status=FAILED | reason=Insufficient quantity for product id: 1301. Requested: 232, available: 0
2026-07-28T19:16:30.124-04:00 Order failure | productId=11234 | userId=4998 | quantity=771 | status=FAILED | reason=Insufficient quantity for product id: 11234. Requested: 771, available: 0
2026-07-28T19:16:30.129-04:00 Order failure | productId=11234 | userId=4999 | quantity=516 | status=FAILED | reason=Insufficient quantity for product id: 11234. Requested: 516, available: 0
2026-07-28T19:16:30.134-04:00 Order failure | productId=1301 | userId=5000 | quantity=570 | status=FAILED | reason=Insufficient quantity for product id: 1301. Requested: 570, available: 0
